source_roi	target_roi
C_L_001	C_L_002
C_L_001	C_L_003
C_L_001	C_L_004
C_L_001	C_L_005
C_L_001	C_L_006
C_L_001	C_L_007
C_L_001	C_L_008
C_L_001	C_L_009
C_L_001	C_L_010
C_L_001	C_L_011
C_L_001	C_L_012
C_L_001	C_L_013
C_L_001	C_L_014
C_L_001	C_L_015
C_L_001	C_L_016
C_L_001	C_L_017
C_L_001	C_L_018
C_L_001	C_L_019
C_L_001	C_L_020
C_L_001	C_L_021
C_L_001	C_L_022
C_L_001	C_L_023
C_L_001	C_L_024
C_L_001	C_L_025
C_L_001	C_L_026
C_L_001	C_L_027
C_L_001	C_L_028
C_L_001	C_L_029
C_L_001	C_L_030
C_L_001	C_L_031
C_L_001	C_L_032
C_L_001	C_L_033
C_L_001	C_L_034
C_L_001	C_L_035
C_L_001	C_L_036
C_L_001	C_L_037
C_L_001	C_L_038
C_L_001	C_L_039
C_L_001	C_L_040
C_L_001	C_L_041
C_L_001	C_L_042
C_L_001	C_L_043
C_L_001	C_L_044
C_L_001	C_L_045
C_L_001	C_L_046
C_L_001	C_L_047
C_L_001	C_L_048
C_L_001	C_L_049
C_L_001	C_L_050
C_L_001	C_R_001
C_L_001	C_R_002
C_L_001	C_R_003
C_L_001	C_R_004
C_L_001	C_R_005
C_L_001	C_R_006
C_L_001	C_R_007
C_L_001	C_R_008
C_L_001	C_R_009
C_L_001	C_R_010
C_L_001	C_R_011
C_L_001	C_R_012
C_L_001	C_R_013
C_L_001	C_R_014
C_L_001	C_R_015
C_L_001	C_R_016
C_L_001	C_R_017
C_L_001	C_R_018
C_L_001	C_R_019
C_L_001	C_R_020
C_L_001	C_R_021
C_L_001	C_R_022
C_L_001	C_R_023
C_L_001	C_R_024
C_L_001	C_R_025
C_L_001	C_R_026
C_L_001	C_R_027
C_L_001	C_R_028
C_L_001	C_R_029
C_L_001	C_R_030
C_L_001	C_R_031
C_L_001	C_R_032
C_L_001	C_R_033
C_L_001	C_R_034
C_L_001	C_R_035
C_L_001	C_R_036
C_L_001	C_R_037
C_L_001	C_R_038
C_L_001	C_R_039
C_L_001	C_R_040
C_L_001	C_R_041
C_L_001	C_R_042
C_L_001	C_R_043
C_L_001	C_R_044
C_L_001	C_R_045
C_L_001	C_R_046
C_L_001	C_R_047
C_L_001	C_R_048
C_L_001	C_R_049
C_L_001	C_R_050
C_L_001	S_L_PutVA
C_L_001	S_L_PutDA
C_L_001	S_L_PutVP
C_L_001	S_L_PutDP
C_L_001	S_L_CauVA
C_L_001	S_L_CauDA
C_L_001	S_L_CauBody
C_L_001	S_L_CauTail
C_L_001	S_L_NAcShell
C_L_001	S_L_NAcCore
C_L_001	S_R_PutVA
C_L_001	S_R_PutDA
C_L_001	S_R_PutVP
C_L_001	S_R_PutDP
C_L_001	S_R_CauVA
C_L_001	S_R_CauDA
C_L_001	S_R_CauBody
C_L_001	S_R_CauTail
C_L_001	S_R_NAcShell
C_L_001	S_R_NAcCore
C_L_001	Th_L_VAip
C_L_001	Th_L_VAia
C_L_001	Th_L_VPm
C_L_001	Th_L_VPl
C_L_001	Th_L_VAs
C_L_001	Th_L_DAm
C_L_001	Th_L_DAl
C_L_001	Th_L_DP
C_L_001	A_L_Lat
C_L_001	A_L_Med
C_L_001	H_L_HeadM1
C_L_001	H_L_HeadM2
C_L_001	H_L_HeadL
C_L_001	H_L_Body
C_L_001	H_L_Tail
C_L_001	Th_R_VAip
C_L_001	Th_R_VAia
C_L_001	Th_R_VPm
C_L_001	Th_R_VPl
C_L_001	Th_R_VAs
C_L_001	Th_R_DAm
C_L_001	Th_R_DAl
C_L_001	Th_R_DP
C_L_001	A_R_Lat
C_L_001	A_R_Med
C_L_001	H_R_HeadM1
C_L_001	H_R_HeadM2
C_L_001	H_R_HeadL
C_L_001	H_R_Body
C_L_001	H_R_Tail
C_L_001	STN_L
C_L_001	STN_R
C_L_002	C_L_001
C_L_002	C_L_003
C_L_002	C_L_004
C_L_002	C_L_005
C_L_002	C_L_006
C_L_002	C_L_007
C_L_002	C_L_008
C_L_002	C_L_009
C_L_002	C_L_010
C_L_002	C_L_011
C_L_002	C_L_012
C_L_002	C_L_013
C_L_002	C_L_014
C_L_002	C_L_015
C_L_002	C_L_016
C_L_002	C_L_017
C_L_002	C_L_018
C_L_002	C_L_019
C_L_002	C_L_020
C_L_002	C_L_021
C_L_002	C_L_022
C_L_002	C_L_023
C_L_002	C_L_024
C_L_002	C_L_025
C_L_002	C_L_026
C_L_002	C_L_027
C_L_002	C_L_028
C_L_002	C_L_029
C_L_002	C_L_030
C_L_002	C_L_031
C_L_002	C_L_032
C_L_002	C_L_033
C_L_002	C_L_034
C_L_002	C_L_035
C_L_002	C_L_036
C_L_002	C_L_037
C_L_002	C_L_038
C_L_002	C_L_039
C_L_002	C_L_040
C_L_002	C_L_041
C_L_002	C_L_042
C_L_002	C_L_043
C_L_002	C_L_044
C_L_002	C_L_045
C_L_002	C_L_046
C_L_002	C_L_047
C_L_002	C_L_048
C_L_002	C_L_049
C_L_002	C_L_050
C_L_002	C_R_001
C_L_002	C_R_002
C_L_002	C_R_003
C_L_002	C_R_004
C_L_002	C_R_005
C_L_002	C_R_006
C_L_002	C_R_007
C_L_002	C_R_008
C_L_002	C_R_009
C_L_002	C_R_010
C_L_002	C_R_011
C_L_002	C_R_012
C_L_002	C_R_013
C_L_002	C_R_014
C_L_002	C_R_015
C_L_002	C_R_016
C_L_002	C_R_017
C_L_002	C_R_018
C_L_002	C_R_019
C_L_002	C_R_020
C_L_002	C_R_021
C_L_002	C_R_022
C_L_002	C_R_023
C_L_002	C_R_024
C_L_002	C_R_025
C_L_002	C_R_026
C_L_002	C_R_027
C_L_002	C_R_028
C_L_002	C_R_029
C_L_002	C_R_030
C_L_002	C_R_031
C_L_002	C_R_032
C_L_002	C_R_033
C_L_002	C_R_034
C_L_002	C_R_035
C_L_002	C_R_036
C_L_002	C_R_037
C_L_002	C_R_038
C_L_002	C_R_039
C_L_002	C_R_040
C_L_002	C_R_041
C_L_002	C_R_042
C_L_002	C_R_043
C_L_002	C_R_044
C_L_002	C_R_045
C_L_002	C_R_046
C_L_002	C_R_047
C_L_002	C_R_048
C_L_002	C_R_049
C_L_002	C_R_050
C_L_002	S_L_PutVA
C_L_002	S_L_PutDA
C_L_002	S_L_PutVP
C_L_002	S_L_PutDP
C_L_002	S_L_CauVA
C_L_002	S_L_CauDA
C_L_002	S_L_CauBody
C_L_002	S_L_CauTail
C_L_002	S_L_NAcShell
C_L_002	S_L_NAcCore
C_L_002	S_R_PutVA
C_L_002	S_R_PutDA
C_L_002	S_R_PutVP
C_L_002	S_R_PutDP
C_L_002	S_R_CauVA
C_L_002	S_R_CauDA
C_L_002	S_R_CauBody
C_L_002	S_R_CauTail
C_L_002	S_R_NAcShell
C_L_002	S_R_NAcCore
C_L_002	Th_L_VAip
C_L_002	Th_L_VAia
C_L_002	Th_L_VPm
C_L_002	Th_L_VPl
C_L_002	Th_L_VAs
C_L_002	Th_L_DAm
C_L_002	Th_L_DAl
C_L_002	Th_L_DP
C_L_002	A_L_Lat
C_L_002	A_L_Med
C_L_002	H_L_HeadM1
C_L_002	H_L_HeadM2
C_L_002	H_L_HeadL
C_L_002	H_L_Body
C_L_002	H_L_Tail
C_L_002	Th_R_VAip
C_L_002	Th_R_VAia
C_L_002	Th_R_VPm
C_L_002	Th_R_VPl
C_L_002	Th_R_VAs
C_L_002	Th_R_DAm
C_L_002	Th_R_DAl
C_L_002	Th_R_DP
C_L_002	A_R_Lat
C_L_002	A_R_Med
C_L_002	H_R_HeadM1
C_L_002	H_R_HeadM2
C_L_002	H_R_HeadL
C_L_002	H_R_Body
C_L_002	H_R_Tail
C_L_002	STN_L
C_L_002	STN_R
C_L_003	C_L_001
C_L_003	C_L_002
C_L_003	C_L_004
C_L_003	C_L_005
C_L_003	C_L_006
C_L_003	C_L_007
C_L_003	C_L_008
C_L_003	C_L_009
C_L_003	C_L_010
C_L_003	C_L_011
C_L_003	C_L_012
C_L_003	C_L_013
C_L_003	C_L_014
C_L_003	C_L_015
C_L_003	C_L_016
C_L_003	C_L_017
C_L_003	C_L_018
C_L_003	C_L_019
C_L_003	C_L_020
C_L_003	C_L_021
C_L_003	C_L_022
C_L_003	C_L_023
C_L_003	C_L_024
C_L_003	C_L_025
C_L_003	C_L_026
C_L_003	C_L_027
C_L_003	C_L_028
C_L_003	C_L_029
C_L_003	C_L_030
C_L_003	C_L_031
C_L_003	C_L_032
C_L_003	C_L_033
C_L_003	C_L_034
C_L_003	C_L_035
C_L_003	C_L_036
C_L_003	C_L_037
C_L_003	C_L_038
C_L_003	C_L_039
C_L_003	C_L_040
C_L_003	C_L_041
C_L_003	C_L_042
C_L_003	C_L_043
C_L_003	C_L_044
C_L_003	C_L_045
C_L_003	C_L_046
C_L_003	C_L_047
C_L_003	C_L_048
C_L_003	C_L_049
C_L_003	C_L_050
C_L_003	C_R_001
C_L_003	C_R_002
C_L_003	C_R_003
C_L_003	C_R_004
C_L_003	C_R_005
C_L_003	C_R_006
C_L_003	C_R_007
C_L_003	C_R_008
C_L_003	C_R_009
C_L_003	C_R_010
C_L_003	C_R_011
C_L_003	C_R_012
C_L_003	C_R_013
C_L_003	C_R_014
C_L_003	C_R_015
C_L_003	C_R_016
C_L_003	C_R_017
C_L_003	C_R_018
C_L_003	C_R_019
C_L_003	C_R_020
C_L_003	C_R_021
C_L_003	C_R_022
C_L_003	C_R_023
C_L_003	C_R_024
C_L_003	C_R_025
C_L_003	C_R_026
C_L_003	C_R_027
C_L_003	C_R_028
C_L_003	C_R_029
C_L_003	C_R_030
C_L_003	C_R_031
C_L_003	C_R_032
C_L_003	C_R_033
C_L_003	C_R_034
C_L_003	C_R_035
C_L_003	C_R_036
C_L_003	C_R_037
C_L_003	C_R_038
C_L_003	C_R_039
C_L_003	C_R_040
C_L_003	C_R_041
C_L_003	C_R_042
C_L_003	C_R_043
C_L_003	C_R_044
C_L_003	C_R_045
C_L_003	C_R_046
C_L_003	C_R_047
C_L_003	C_R_048
C_L_003	C_R_049
C_L_003	C_R_050
C_L_003	S_L_PutVA
C_L_003	S_L_PutDA
C_L_003	S_L_PutVP
C_L_003	S_L_PutDP
C_L_003	S_L_CauVA
C_L_003	S_L_CauDA
C_L_003	S_L_CauBody
C_L_003	S_L_CauTail
C_L_003	S_L_NAcShell
C_L_003	S_L_NAcCore
C_L_003	S_R_PutVA
C_L_003	S_R_PutDA
C_L_003	S_R_PutVP
C_L_003	S_R_PutDP
C_L_003	S_R_CauVA
C_L_003	S_R_CauDA
C_L_003	S_R_CauBody
C_L_003	S_R_CauTail
C_L_003	S_R_NAcShell
C_L_003	S_R_NAcCore
C_L_003	Th_L_VAip
C_L_003	Th_L_VAia
C_L_003	Th_L_VPm
C_L_003	Th_L_VPl
C_L_003	Th_L_VAs
C_L_003	Th_L_DAm
C_L_003	Th_L_DAl
C_L_003	Th_L_DP
C_L_003	A_L_Lat
C_L_003	A_L_Med
C_L_003	H_L_HeadM1
C_L_003	H_L_HeadM2
C_L_003	H_L_HeadL
C_L_003	H_L_Body
C_L_003	H_L_Tail
C_L_003	Th_R_VAip
C_L_003	Th_R_VAia
C_L_003	Th_R_VPm
C_L_003	Th_R_VPl
C_L_003	Th_R_VAs
C_L_003	Th_R_DAm
C_L_003	Th_R_DAl
C_L_003	Th_R_DP
C_L_003	A_R_Lat
C_L_003	A_R_Med
C_L_003	H_R_HeadM1
C_L_003	H_R_HeadM2
C_L_003	H_R_HeadL
C_L_003	H_R_Body
C_L_003	H_R_Tail
C_L_003	STN_L
C_L_003	STN_R
C_L_004	C_L_001
C_L_004	C_L_002
C_L_004	C_L_003
C_L_004	C_L_005
C_L_004	C_L_006
C_L_004	C_L_007
C_L_004	C_L_008
C_L_004	C_L_009
C_L_004	C_L_010
C_L_004	C_L_011
C_L_004	C_L_012
C_L_004	C_L_013
C_L_004	C_L_014
C_L_004	C_L_015
C_L_004	C_L_016
C_L_004	C_L_017
C_L_004	C_L_018
C_L_004	C_L_019
C_L_004	C_L_020
C_L_004	C_L_021
C_L_004	C_L_022
C_L_004	C_L_023
C_L_004	C_L_024
C_L_004	C_L_025
C_L_004	C_L_026
C_L_004	C_L_027
C_L_004	C_L_028
C_L_004	C_L_029
C_L_004	C_L_030
C_L_004	C_L_031
C_L_004	C_L_032
C_L_004	C_L_033
C_L_004	C_L_034
C_L_004	C_L_035
C_L_004	C_L_036
C_L_004	C_L_037
C_L_004	C_L_038
C_L_004	C_L_039
C_L_004	C_L_040
C_L_004	C_L_041
C_L_004	C_L_042
C_L_004	C_L_043
C_L_004	C_L_044
C_L_004	C_L_045
C_L_004	C_L_046
C_L_004	C_L_047
C_L_004	C_L_048
C_L_004	C_L_049
C_L_004	C_L_050
C_L_004	C_R_001
C_L_004	C_R_002
C_L_004	C_R_003
C_L_004	C_R_004
C_L_004	C_R_005
C_L_004	C_R_006
C_L_004	C_R_007
C_L_004	C_R_008
C_L_004	C_R_009
C_L_004	C_R_010
C_L_004	C_R_011
C_L_004	C_R_012
C_L_004	C_R_013
C_L_004	C_R_014
C_L_004	C_R_015
C_L_004	C_R_016
C_L_004	C_R_017
C_L_004	C_R_018
C_L_004	C_R_019
C_L_004	C_R_020
C_L_004	C_R_021
C_L_004	C_R_022
C_L_004	C_R_023
C_L_004	C_R_024
C_L_004	C_R_025
C_L_004	C_R_026
C_L_004	C_R_027
C_L_004	C_R_028
C_L_004	C_R_029
C_L_004	C_R_030
C_L_004	C_R_031
C_L_004	C_R_032
C_L_004	C_R_033
C_L_004	C_R_034
C_L_004	C_R_035
C_L_004	C_R_036
C_L_004	C_R_037
C_L_004	C_R_038
C_L_004	C_R_039
C_L_004	C_R_040
C_L_004	C_R_041
C_L_004	C_R_042
C_L_004	C_R_043
C_L_004	C_R_044
C_L_004	C_R_045
C_L_004	C_R_046
C_L_004	C_R_047
C_L_004	C_R_048
C_L_004	C_R_049
C_L_004	C_R_050
C_L_004	S_L_PutVA
C_L_004	S_L_PutDA
C_L_004	S_L_PutVP
C_L_004	S_L_PutDP
C_L_004	S_L_CauVA
C_L_004	S_L_CauDA
C_L_004	S_L_CauBody
C_L_004	S_L_CauTail
C_L_004	S_L_NAcShell
C_L_004	S_L_NAcCore
C_L_004	S_R_PutVA
C_L_004	S_R_PutDA
C_L_004	S_R_PutVP
C_L_004	S_R_PutDP
C_L_004	S_R_CauVA
C_L_004	S_R_CauDA
C_L_004	S_R_CauBody
C_L_004	S_R_CauTail
C_L_004	S_R_NAcShell
C_L_004	S_R_NAcCore
C_L_004	Th_L_VAip
C_L_004	Th_L_VAia
C_L_004	Th_L_VPm
C_L_004	Th_L_VPl
C_L_004	Th_L_VAs
C_L_004	Th_L_DAm
C_L_004	Th_L_DAl
C_L_004	Th_L_DP
C_L_004	A_L_Lat
C_L_004	A_L_Med
C_L_004	H_L_HeadM1
C_L_004	H_L_HeadM2
C_L_004	H_L_HeadL
C_L_004	H_L_Body
C_L_004	H_L_Tail
C_L_004	Th_R_VAip
C_L_004	Th_R_VAia
C_L_004	Th_R_VPm
C_L_004	Th_R_VPl
C_L_004	Th_R_VAs
C_L_004	Th_R_DAm
C_L_004	Th_R_DAl
C_L_004	Th_R_DP
C_L_004	A_R_Lat
C_L_004	A_R_Med
C_L_004	H_R_HeadM1
C_L_004	H_R_HeadM2
C_L_004	H_R_HeadL
C_L_004	H_R_Body
C_L_004	H_R_Tail
C_L_004	STN_L
C_L_004	STN_R
C_L_005	C_L_001
C_L_005	C_L_002
C_L_005	C_L_003
C_L_005	C_L_004
C_L_005	C_L_006
C_L_005	C_L_007
C_L_005	C_L_008
C_L_005	C_L_009
C_L_005	C_L_010
C_L_005	C_L_011
C_L_005	C_L_012
C_L_005	C_L_013
C_L_005	C_L_014
C_L_005	C_L_015
C_L_005	C_L_016
C_L_005	C_L_017
C_L_005	C_L_018
C_L_005	C_L_019
C_L_005	C_L_020
C_L_005	C_L_021
C_L_005	C_L_022
C_L_005	C_L_023
C_L_005	C_L_024
C_L_005	C_L_025
C_L_005	C_L_026
C_L_005	C_L_027
C_L_005	C_L_028
C_L_005	C_L_029
C_L_005	C_L_030
C_L_005	C_L_031
C_L_005	C_L_032
C_L_005	C_L_033
C_L_005	C_L_034
C_L_005	C_L_035
C_L_005	C_L_036
C_L_005	C_L_037
C_L_005	C_L_038
C_L_005	C_L_039
C_L_005	C_L_040
C_L_005	C_L_041
C_L_005	C_L_042
C_L_005	C_L_043
C_L_005	C_L_044
C_L_005	C_L_045
C_L_005	C_L_046
C_L_005	C_L_047
C_L_005	C_L_048
C_L_005	C_L_049
C_L_005	C_L_050
C_L_005	C_R_001
C_L_005	C_R_002
C_L_005	C_R_003
C_L_005	C_R_004
C_L_005	C_R_005
C_L_005	C_R_006
C_L_005	C_R_007
C_L_005	C_R_008
C_L_005	C_R_009
C_L_005	C_R_010
C_L_005	C_R_011
C_L_005	C_R_012
C_L_005	C_R_013
C_L_005	C_R_014
C_L_005	C_R_015
C_L_005	C_R_016
C_L_005	C_R_017
C_L_005	C_R_018
C_L_005	C_R_019
C_L_005	C_R_020
C_L_005	C_R_021
C_L_005	C_R_022
C_L_005	C_R_023
C_L_005	C_R_024
C_L_005	C_R_025
C_L_005	C_R_026
C_L_005	C_R_027
C_L_005	C_R_028
C_L_005	C_R_029
C_L_005	C_R_030
C_L_005	C_R_031
C_L_005	C_R_032
C_L_005	C_R_033
C_L_005	C_R_034
C_L_005	C_R_035
C_L_005	C_R_036
C_L_005	C_R_037
C_L_005	C_R_038
C_L_005	C_R_039
C_L_005	C_R_040
C_L_005	C_R_041
C_L_005	C_R_042
C_L_005	C_R_043
C_L_005	C_R_044
C_L_005	C_R_045
C_L_005	C_R_046
C_L_005	C_R_047
C_L_005	C_R_048
C_L_005	C_R_049
C_L_005	C_R_050
C_L_005	S_L_PutVA
C_L_005	S_L_PutDA
C_L_005	S_L_PutVP
C_L_005	S_L_PutDP
C_L_005	S_L_CauVA
C_L_005	S_L_CauDA
C_L_005	S_L_CauBody
C_L_005	S_L_CauTail
C_L_005	S_L_NAcShell
C_L_005	S_L_NAcCore
C_L_005	S_R_PutVA
C_L_005	S_R_PutDA
C_L_005	S_R_PutVP
C_L_005	S_R_PutDP
C_L_005	S_R_CauVA
C_L_005	S_R_CauDA
C_L_005	S_R_CauBody
C_L_005	S_R_CauTail
C_L_005	S_R_NAcShell
C_L_005	S_R_NAcCore
C_L_005	Th_L_VAip
C_L_005	Th_L_VAia
C_L_005	Th_L_VPm
C_L_005	Th_L_VPl
C_L_005	Th_L_VAs
C_L_005	Th_L_DAm
C_L_005	Th_L_DAl
C_L_005	Th_L_DP
C_L_005	A_L_Lat
C_L_005	A_L_Med
C_L_005	H_L_HeadM1
C_L_005	H_L_HeadM2
C_L_005	H_L_HeadL
C_L_005	H_L_Body
C_L_005	H_L_Tail
C_L_005	Th_R_VAip
C_L_005	Th_R_VAia
C_L_005	Th_R_VPm
C_L_005	Th_R_VPl
C_L_005	Th_R_VAs
C_L_005	Th_R_DAm
C_L_005	Th_R_DAl
C_L_005	Th_R_DP
C_L_005	A_R_Lat
C_L_005	A_R_Med
C_L_005	H_R_HeadM1
C_L_005	H_R_HeadM2
C_L_005	H_R_HeadL
C_L_005	H_R_Body
C_L_005	H_R_Tail
C_L_005	STN_L
C_L_005	STN_R
C_L_006	C_L_001
C_L_006	C_L_002
C_L_006	C_L_003
C_L_006	C_L_004
C_L_006	C_L_005
C_L_006	C_L_007
C_L_006	C_L_008
C_L_006	C_L_009
C_L_006	C_L_010
C_L_006	C_L_011
C_L_006	C_L_012
C_L_006	C_L_013
C_L_006	C_L_014
C_L_006	C_L_015
C_L_006	C_L_016
C_L_006	C_L_017
C_L_006	C_L_018
C_L_006	C_L_019
C_L_006	C_L_020
C_L_006	C_L_021
C_L_006	C_L_022
C_L_006	C_L_023
C_L_006	C_L_024
C_L_006	C_L_025
C_L_006	C_L_026
C_L_006	C_L_027
C_L_006	C_L_028
C_L_006	C_L_029
C_L_006	C_L_030
C_L_006	C_L_031
C_L_006	C_L_032
C_L_006	C_L_033
C_L_006	C_L_034
C_L_006	C_L_035
C_L_006	C_L_036
C_L_006	C_L_037
C_L_006	C_L_038
C_L_006	C_L_039
C_L_006	C_L_040
C_L_006	C_L_041
C_L_006	C_L_042
C_L_006	C_L_043
C_L_006	C_L_044
C_L_006	C_L_045
C_L_006	C_L_046
C_L_006	C_L_047
C_L_006	C_L_048
C_L_006	C_L_049
C_L_006	C_L_050
C_L_006	C_R_001
C_L_006	C_R_002
C_L_006	C_R_003
C_L_006	C_R_004
C_L_006	C_R_005
C_L_006	C_R_006
C_L_006	C_R_007
C_L_006	C_R_008
C_L_006	C_R_009
C_L_006	C_R_010
C_L_006	C_R_011
C_L_006	C_R_012
C_L_006	C_R_013
C_L_006	C_R_014
C_L_006	C_R_015
C_L_006	C_R_016
C_L_006	C_R_017
C_L_006	C_R_018
C_L_006	C_R_019
C_L_006	C_R_020
C_L_006	C_R_021
C_L_006	C_R_022
C_L_006	C_R_023
C_L_006	C_R_024
C_L_006	C_R_025
C_L_006	C_R_026
C_L_006	C_R_027
C_L_006	C_R_028
C_L_006	C_R_029
C_L_006	C_R_030
C_L_006	C_R_031
C_L_006	C_R_032
C_L_006	C_R_033
C_L_006	C_R_034
C_L_006	C_R_035
C_L_006	C_R_036
C_L_006	C_R_037
C_L_006	C_R_038
C_L_006	C_R_039
C_L_006	C_R_040
C_L_006	C_R_041
C_L_006	C_R_042
C_L_006	C_R_043
C_L_006	C_R_044
C_L_006	C_R_045
C_L_006	C_R_046
C_L_006	C_R_047
C_L_006	C_R_048
C_L_006	C_R_049
C_L_006	C_R_050
C_L_006	S_L_PutVA
C_L_006	S_L_PutDA
C_L_006	S_L_PutVP
C_L_006	S_L_PutDP
C_L_006	S_L_CauVA
C_L_006	S_L_CauDA
C_L_006	S_L_CauBody
C_L_006	S_L_CauTail
C_L_006	S_L_NAcShell
C_L_006	S_L_NAcCore
C_L_006	S_R_PutVA
C_L_006	S_R_PutDA
C_L_006	S_R_PutVP
C_L_006	S_R_PutDP
C_L_006	S_R_CauVA
C_L_006	S_R_CauDA
C_L_006	S_R_CauBody
C_L_006	S_R_CauTail
C_L_006	S_R_NAcShell
C_L_006	S_R_NAcCore
C_L_006	Th_L_VAip
C_L_006	Th_L_VAia
C_L_006	Th_L_VPm
C_L_006	Th_L_VPl
C_L_006	Th_L_VAs
C_L_006	Th_L_DAm
C_L_006	Th_L_DAl
C_L_006	Th_L_DP
C_L_006	A_L_Lat
C_L_006	A_L_Med
C_L_006	H_L_HeadM1
C_L_006	H_L_HeadM2
C_L_006	H_L_HeadL
C_L_006	H_L_Body
C_L_006	H_L_Tail
C_L_006	Th_R_VAip
C_L_006	Th_R_VAia
C_L_006	Th_R_VPm
C_L_006	Th_R_VPl
C_L_006	Th_R_VAs
C_L_006	Th_R_DAm
C_L_006	Th_R_DAl
C_L_006	Th_R_DP
C_L_006	A_R_Lat
C_L_006	A_R_Med
C_L_006	H_R_HeadM1
C_L_006	H_R_HeadM2
C_L_006	H_R_HeadL
C_L_006	H_R_Body
C_L_006	H_R_Tail
C_L_006	STN_L
C_L_006	STN_R
C_L_007	C_L_001
C_L_007	C_L_002
C_L_007	C_L_003
C_L_007	C_L_004
C_L_007	C_L_005
C_L_007	C_L_006
C_L_007	C_L_008
C_L_007	C_L_009
C_L_007	C_L_010
C_L_007	C_L_011
C_L_007	C_L_012
C_L_007	C_L_013
C_L_007	C_L_014
C_L_007	C_L_015
C_L_007	C_L_016
C_L_007	C_L_017
C_L_007	C_L_018
C_L_007	C_L_019
C_L_007	C_L_020
C_L_007	C_L_021
C_L_007	C_L_022
C_L_007	C_L_023
C_L_007	C_L_024
C_L_007	C_L_025
C_L_007	C_L_026
C_L_007	C_L_027
C_L_007	C_L_028
C_L_007	C_L_029
C_L_007	C_L_030
C_L_007	C_L_031
C_L_007	C_L_032
C_L_007	C_L_033
C_L_007	C_L_034
C_L_007	C_L_035
C_L_007	C_L_036
C_L_007	C_L_037
C_L_007	C_L_038
C_L_007	C_L_039
C_L_007	C_L_040
C_L_007	C_L_041
C_L_007	C_L_042
C_L_007	C_L_043
C_L_007	C_L_044
C_L_007	C_L_045
C_L_007	C_L_046
C_L_007	C_L_047
C_L_007	C_L_048
C_L_007	C_L_049
C_L_007	C_L_050
C_L_007	C_R_001
C_L_007	C_R_002
C_L_007	C_R_003
C_L_007	C_R_004
C_L_007	C_R_005
C_L_007	C_R_006
C_L_007	C_R_007
C_L_007	C_R_008
C_L_007	C_R_009
C_L_007	C_R_010
C_L_007	C_R_011
C_L_007	C_R_012
C_L_007	C_R_013
C_L_007	C_R_014
C_L_007	C_R_015
C_L_007	C_R_016
C_L_007	C_R_017
C_L_007	C_R_018
C_L_007	C_R_019
C_L_007	C_R_020
C_L_007	C_R_021
C_L_007	C_R_022
C_L_007	C_R_023
C_L_007	C_R_024
C_L_007	C_R_025
C_L_007	C_R_026
C_L_007	C_R_027
C_L_007	C_R_028
C_L_007	C_R_029
C_L_007	C_R_030
C_L_007	C_R_031
C_L_007	C_R_032
C_L_007	C_R_033
C_L_007	C_R_034
C_L_007	C_R_035
C_L_007	C_R_036
C_L_007	C_R_037
C_L_007	C_R_038
C_L_007	C_R_039
C_L_007	C_R_040
C_L_007	C_R_041
C_L_007	C_R_042
C_L_007	C_R_043
C_L_007	C_R_044
C_L_007	C_R_045
C_L_007	C_R_046
C_L_007	C_R_047
C_L_007	C_R_048
C_L_007	C_R_049
C_L_007	C_R_050
C_L_007	S_L_PutVA
C_L_007	S_L_PutDA
C_L_007	S_L_PutVP
C_L_007	S_L_PutDP
C_L_007	S_L_CauVA
C_L_007	S_L_CauDA
C_L_007	S_L_CauBody
C_L_007	S_L_CauTail
C_L_007	S_L_NAcShell
C_L_007	S_L_NAcCore
C_L_007	S_R_PutVA
C_L_007	S_R_PutDA
C_L_007	S_R_PutVP
C_L_007	S_R_PutDP
C_L_007	S_R_CauVA
C_L_007	S_R_CauDA
C_L_007	S_R_CauBody
C_L_007	S_R_CauTail
C_L_007	S_R_NAcShell
C_L_007	S_R_NAcCore
C_L_007	Th_L_VAip
C_L_007	Th_L_VAia
C_L_007	Th_L_VPm
C_L_007	Th_L_VPl
C_L_007	Th_L_VAs
C_L_007	Th_L_DAm
C_L_007	Th_L_DAl
C_L_007	Th_L_DP
C_L_007	A_L_Lat
C_L_007	A_L_Med
C_L_007	H_L_HeadM1
C_L_007	H_L_HeadM2
C_L_007	H_L_HeadL
C_L_007	H_L_Body
C_L_007	H_L_Tail
C_L_007	Th_R_VAip
C_L_007	Th_R_VAia
C_L_007	Th_R_VPm
C_L_007	Th_R_VPl
C_L_007	Th_R_VAs
C_L_007	Th_R_DAm
C_L_007	Th_R_DAl
C_L_007	Th_R_DP
C_L_007	A_R_Lat
C_L_007	A_R_Med
C_L_007	H_R_HeadM1
C_L_007	H_R_HeadM2
C_L_007	H_R_HeadL
C_L_007	H_R_Body
C_L_007	H_R_Tail
C_L_007	STN_L
C_L_007	STN_R
C_L_008	C_L_001
C_L_008	C_L_002
C_L_008	C_L_003
C_L_008	C_L_004
C_L_008	C_L_005
C_L_008	C_L_006
C_L_008	C_L_007
C_L_008	C_L_009
C_L_008	C_L_010
C_L_008	C_L_011
C_L_008	C_L_012
C_L_008	C_L_013
C_L_008	C_L_014
C_L_008	C_L_015
C_L_008	C_L_016
C_L_008	C_L_017
C_L_008	C_L_018
C_L_008	C_L_019
C_L_008	C_L_020
C_L_008	C_L_021
C_L_008	C_L_022
C_L_008	C_L_023
C_L_008	C_L_024
C_L_008	C_L_025
C_L_008	C_L_026
C_L_008	C_L_027
C_L_008	C_L_028
C_L_008	C_L_029
C_L_008	C_L_030
C_L_008	C_L_031
C_L_008	C_L_032
C_L_008	C_L_033
C_L_008	C_L_034
C_L_008	C_L_035
C_L_008	C_L_036
C_L_008	C_L_037
C_L_008	C_L_038
C_L_008	C_L_039
C_L_008	C_L_040
C_L_008	C_L_041
C_L_008	C_L_042
C_L_008	C_L_043
C_L_008	C_L_044
C_L_008	C_L_045
C_L_008	C_L_046
C_L_008	C_L_047
C_L_008	C_L_048
C_L_008	C_L_049
C_L_008	C_L_050
C_L_008	C_R_001
C_L_008	C_R_002
C_L_008	C_R_003
C_L_008	C_R_004
C_L_008	C_R_005
C_L_008	C_R_006
C_L_008	C_R_007
C_L_008	C_R_008
C_L_008	C_R_009
C_L_008	C_R_010
C_L_008	C_R_011
C_L_008	C_R_012
C_L_008	C_R_013
C_L_008	C_R_014
C_L_008	C_R_015
C_L_008	C_R_016
C_L_008	C_R_017
C_L_008	C_R_018
C_L_008	C_R_019
C_L_008	C_R_020
C_L_008	C_R_021
C_L_008	C_R_022
C_L_008	C_R_023
C_L_008	C_R_024
C_L_008	C_R_025
C_L_008	C_R_026
C_L_008	C_R_027
C_L_008	C_R_028
C_L_008	C_R_029
C_L_008	C_R_030
C_L_008	C_R_031
C_L_008	C_R_032
C_L_008	C_R_033
C_L_008	C_R_034
C_L_008	C_R_035
C_L_008	C_R_036
C_L_008	C_R_037
C_L_008	C_R_038
C_L_008	C_R_039
C_L_008	C_R_040
C_L_008	C_R_041
C_L_008	C_R_042
C_L_008	C_R_043
C_L_008	C_R_044
C_L_008	C_R_045
C_L_008	C_R_046
C_L_008	C_R_047
C_L_008	C_R_048
C_L_008	C_R_049
C_L_008	C_R_050
C_L_008	S_L_PutVA
C_L_008	S_L_PutDA
C_L_008	S_L_PutVP
C_L_008	S_L_PutDP
C_L_008	S_L_CauVA
C_L_008	S_L_CauDA
C_L_008	S_L_CauBody
C_L_008	S_L_CauTail
C_L_008	S_L_NAcShell
C_L_008	S_L_NAcCore
C_L_008	S_R_PutVA
C_L_008	S_R_PutDA
C_L_008	S_R_PutVP
C_L_008	S_R_PutDP
C_L_008	S_R_CauVA
C_L_008	S_R_CauDA
C_L_008	S_R_CauBody
C_L_008	S_R_CauTail
C_L_008	S_R_NAcShell
C_L_008	S_R_NAcCore
C_L_008	Th_L_VAip
C_L_008	Th_L_VAia
C_L_008	Th_L_VPm
C_L_008	Th_L_VPl
C_L_008	Th_L_VAs
C_L_008	Th_L_DAm
C_L_008	Th_L_DAl
C_L_008	Th_L_DP
C_L_008	A_L_Lat
C_L_008	A_L_Med
C_L_008	H_L_HeadM1
C_L_008	H_L_HeadM2
C_L_008	H_L_HeadL
C_L_008	H_L_Body
C_L_008	H_L_Tail
C_L_008	Th_R_VAip
C_L_008	Th_R_VAia
C_L_008	Th_R_VPm
C_L_008	Th_R_VPl
C_L_008	Th_R_VAs
C_L_008	Th_R_DAm
C_L_008	Th_R_DAl
C_L_008	Th_R_DP
C_L_008	A_R_Lat
C_L_008	A_R_Med
C_L_008	H_R_HeadM1
C_L_008	H_R_HeadM2
C_L_008	H_R_HeadL
C_L_008	H_R_Body
C_L_008	H_R_Tail
C_L_008	STN_L
C_L_008	STN_R
C_L_009	C_L_001
C_L_009	C_L_002
C_L_009	C_L_003
C_L_009	C_L_004
C_L_009	C_L_005
C_L_009	C_L_006
C_L_009	C_L_007
C_L_009	C_L_008
C_L_009	C_L_010
C_L_009	C_L_011
C_L_009	C_L_012
C_L_009	C_L_013
C_L_009	C_L_014
C_L_009	C_L_015
C_L_009	C_L_016
C_L_009	C_L_017
C_L_009	C_L_018
C_L_009	C_L_019
C_L_009	C_L_020
C_L_009	C_L_021
C_L_009	C_L_022
C_L_009	C_L_023
C_L_009	C_L_024
C_L_009	C_L_025
C_L_009	C_L_026
C_L_009	C_L_027
C_L_009	C_L_028
C_L_009	C_L_029
C_L_009	C_L_030
C_L_009	C_L_031
C_L_009	C_L_032
C_L_009	C_L_033
C_L_009	C_L_034
C_L_009	C_L_035
C_L_009	C_L_036
C_L_009	C_L_037
C_L_009	C_L_038
C_L_009	C_L_039
C_L_009	C_L_040
C_L_009	C_L_041
C_L_009	C_L_042
C_L_009	C_L_043
C_L_009	C_L_044
C_L_009	C_L_045
C_L_009	C_L_046
C_L_009	C_L_047
C_L_009	C_L_048
C_L_009	C_L_049
C_L_009	C_L_050
C_L_009	C_R_001
C_L_009	C_R_002
C_L_009	C_R_003
C_L_009	C_R_004
C_L_009	C_R_005
C_L_009	C_R_006
C_L_009	C_R_007
C_L_009	C_R_008
C_L_009	C_R_009
C_L_009	C_R_010
C_L_009	C_R_011
C_L_009	C_R_012
C_L_009	C_R_013
C_L_009	C_R_014
C_L_009	C_R_015
C_L_009	C_R_016
C_L_009	C_R_017
C_L_009	C_R_018
C_L_009	C_R_019
C_L_009	C_R_020
C_L_009	C_R_021
C_L_009	C_R_022
C_L_009	C_R_023
C_L_009	C_R_024
C_L_009	C_R_025
C_L_009	C_R_026
C_L_009	C_R_027
C_L_009	C_R_028
C_L_009	C_R_029
C_L_009	C_R_030
C_L_009	C_R_031
C_L_009	C_R_032
C_L_009	C_R_033
C_L_009	C_R_034
C_L_009	C_R_035
C_L_009	C_R_036
C_L_009	C_R_037
C_L_009	C_R_038
C_L_009	C_R_039
C_L_009	C_R_040
C_L_009	C_R_041
C_L_009	C_R_042
C_L_009	C_R_043
C_L_009	C_R_044
C_L_009	C_R_045
C_L_009	C_R_046
C_L_009	C_R_047
C_L_009	C_R_048
C_L_009	C_R_049
C_L_009	C_R_050
C_L_009	S_L_PutVA
C_L_009	S_L_PutDA
C_L_009	S_L_PutVP
C_L_009	S_L_PutDP
C_L_009	S_L_CauVA
C_L_009	S_L_CauDA
C_L_009	S_L_CauBody
C_L_009	S_L_CauTail
C_L_009	S_L_NAcShell
C_L_009	S_L_NAcCore
C_L_009	S_R_PutVA
C_L_009	S_R_PutDA
C_L_009	S_R_PutVP
C_L_009	S_R_PutDP
C_L_009	S_R_CauVA
C_L_009	S_R_CauDA
C_L_009	S_R_CauBody
C_L_009	S_R_CauTail
C_L_009	S_R_NAcShell
C_L_009	S_R_NAcCore
C_L_009	Th_L_VAip
C_L_009	Th_L_VAia
C_L_009	Th_L_VPm
C_L_009	Th_L_VPl
C_L_009	Th_L_VAs
C_L_009	Th_L_DAm
C_L_009	Th_L_DAl
C_L_009	Th_L_DP
C_L_009	A_L_Lat
C_L_009	A_L_Med
C_L_009	H_L_HeadM1
C_L_009	H_L_HeadM2
C_L_009	H_L_HeadL
C_L_009	H_L_Body
C_L_009	H_L_Tail
C_L_009	Th_R_VAip
C_L_009	Th_R_VAia
C_L_009	Th_R_VPm
C_L_009	Th_R_VPl
C_L_009	Th_R_VAs
C_L_009	Th_R_DAm
C_L_009	Th_R_DAl
C_L_009	Th_R_DP
C_L_009	A_R_Lat
C_L_009	A_R_Med
C_L_009	H_R_HeadM1
C_L_009	H_R_HeadM2
C_L_009	H_R_HeadL
C_L_009	H_R_Body
C_L_009	H_R_Tail
C_L_009	STN_L
C_L_009	STN_R
C_L_010	C_L_001
C_L_010	C_L_002
C_L_010	C_L_003
C_L_010	C_L_004
C_L_010	C_L_005
C_L_010	C_L_006
C_L_010	C_L_007
C_L_010	C_L_008
C_L_010	C_L_009
C_L_010	C_L_011
C_L_010	C_L_012
C_L_010	C_L_013
C_L_010	C_L_014
C_L_010	C_L_015
C_L_010	C_L_016
C_L_010	C_L_017
C_L_010	C_L_018
C_L_010	C_L_019
C_L_010	C_L_020
C_L_010	C_L_021
C_L_010	C_L_022
C_L_010	C_L_023
C_L_010	C_L_024
C_L_010	C_L_025
C_L_010	C_L_026
C_L_010	C_L_027
C_L_010	C_L_028
C_L_010	C_L_029
C_L_010	C_L_030
C_L_010	C_L_031
C_L_010	C_L_032
C_L_010	C_L_033
C_L_010	C_L_034
C_L_010	C_L_035
C_L_010	C_L_036
C_L_010	C_L_037
C_L_010	C_L_038
C_L_010	C_L_039
C_L_010	C_L_040
C_L_010	C_L_041
C_L_010	C_L_042
C_L_010	C_L_043
C_L_010	C_L_044
C_L_010	C_L_045
C_L_010	C_L_046
C_L_010	C_L_047
C_L_010	C_L_048
C_L_010	C_L_049
C_L_010	C_L_050
C_L_010	C_R_001
C_L_010	C_R_002
C_L_010	C_R_003
C_L_010	C_R_004
C_L_010	C_R_005
C_L_010	C_R_006
C_L_010	C_R_007
C_L_010	C_R_008
C_L_010	C_R_009
C_L_010	C_R_010
C_L_010	C_R_011
C_L_010	C_R_012
C_L_010	C_R_013
C_L_010	C_R_014
C_L_010	C_R_015
C_L_010	C_R_016
C_L_010	C_R_017
C_L_010	C_R_018
C_L_010	C_R_019
C_L_010	C_R_020
C_L_010	C_R_021
C_L_010	C_R_022
C_L_010	C_R_023
C_L_010	C_R_024
C_L_010	C_R_025
C_L_010	C_R_026
C_L_010	C_R_027
C_L_010	C_R_028
C_L_010	C_R_029
C_L_010	C_R_030
C_L_010	C_R_031
C_L_010	C_R_032
C_L_010	C_R_033
C_L_010	C_R_034
C_L_010	C_R_035
C_L_010	C_R_036
C_L_010	C_R_037
C_L_010	C_R_038
C_L_010	C_R_039
C_L_010	C_R_040
C_L_010	C_R_041
C_L_010	C_R_042
C_L_010	C_R_043
C_L_010	C_R_044
C_L_010	C_R_045
C_L_010	C_R_046
C_L_010	C_R_047
C_L_010	C_R_048
C_L_010	C_R_049
C_L_010	C_R_050
C_L_010	S_L_PutVA
C_L_010	S_L_PutDA
C_L_010	S_L_PutVP
C_L_010	S_L_PutDP
C_L_010	S_L_CauVA
C_L_010	S_L_CauDA
C_L_010	S_L_CauBody
C_L_010	S_L_CauTail
C_L_010	S_L_NAcShell
C_L_010	S_L_NAcCore
C_L_010	S_R_PutVA
C_L_010	S_R_PutDA
C_L_010	S_R_PutVP
C_L_010	S_R_PutDP
C_L_010	S_R_CauVA
C_L_010	S_R_CauDA
C_L_010	S_R_CauBody
C_L_010	S_R_CauTail
C_L_010	S_R_NAcShell
C_L_010	S_R_NAcCore
C_L_010	Th_L_VAip
C_L_010	Th_L_VAia
C_L_010	Th_L_VPm
C_L_010	Th_L_VPl
C_L_010	Th_L_VAs
C_L_010	Th_L_DAm
C_L_010	Th_L_DAl
C_L_010	Th_L_DP
C_L_010	A_L_Lat
C_L_010	A_L_Med
C_L_010	H_L_HeadM1
C_L_010	H_L_HeadM2
C_L_010	H_L_HeadL
C_L_010	H_L_Body
C_L_010	H_L_Tail
C_L_010	Th_R_VAip
C_L_010	Th_R_VAia
C_L_010	Th_R_VPm
C_L_010	Th_R_VPl
C_L_010	Th_R_VAs
C_L_010	Th_R_DAm
C_L_010	Th_R_DAl
C_L_010	Th_R_DP
C_L_010	A_R_Lat
C_L_010	A_R_Med
C_L_010	H_R_HeadM1
C_L_010	H_R_HeadM2
C_L_010	H_R_HeadL
C_L_010	H_R_Body
C_L_010	H_R_Tail
C_L_010	STN_L
C_L_010	STN_R
C_L_011	C_L_001
C_L_011	C_L_002
C_L_011	C_L_003
C_L_011	C_L_004
C_L_011	C_L_005
C_L_011	C_L_006
C_L_011	C_L_007
C_L_011	C_L_008
C_L_011	C_L_009
C_L_011	C_L_010
C_L_011	C_L_012
C_L_011	C_L_013
C_L_011	C_L_014
C_L_011	C_L_015
C_L_011	C_L_016
C_L_011	C_L_017
C_L_011	C_L_018
C_L_011	C_L_019
C_L_011	C_L_020
C_L_011	C_L_021
C_L_011	C_L_022
C_L_011	C_L_023
C_L_011	C_L_024
C_L_011	C_L_025
C_L_011	C_L_026
C_L_011	C_L_027
C_L_011	C_L_028
C_L_011	C_L_029
C_L_011	C_L_030
C_L_011	C_L_031
C_L_011	C_L_032
C_L_011	C_L_033
C_L_011	C_L_034
C_L_011	C_L_035
C_L_011	C_L_036
C_L_011	C_L_037
C_L_011	C_L_038
C_L_011	C_L_039
C_L_011	C_L_040
C_L_011	C_L_041
C_L_011	C_L_042
C_L_011	C_L_043
C_L_011	C_L_044
C_L_011	C_L_045
C_L_011	C_L_046
C_L_011	C_L_047
C_L_011	C_L_048
C_L_011	C_L_049
C_L_011	C_L_050
C_L_011	C_R_001
C_L_011	C_R_002
C_L_011	C_R_003
C_L_011	C_R_004
C_L_011	C_R_005
C_L_011	C_R_006
C_L_011	C_R_007
C_L_011	C_R_008
C_L_011	C_R_009
C_L_011	C_R_010
C_L_011	C_R_011
C_L_011	C_R_012
C_L_011	C_R_013
C_L_011	C_R_014
C_L_011	C_R_015
C_L_011	C_R_016
C_L_011	C_R_017
C_L_011	C_R_018
C_L_011	C_R_019
C_L_011	C_R_020
C_L_011	C_R_021
C_L_011	C_R_022
C_L_011	C_R_023
C_L_011	C_R_024
C_L_011	C_R_025
C_L_011	C_R_026
C_L_011	C_R_027
C_L_011	C_R_028
C_L_011	C_R_029
C_L_011	C_R_030
C_L_011	C_R_031
C_L_011	C_R_032
C_L_011	C_R_033
C_L_011	C_R_034
C_L_011	C_R_035
C_L_011	C_R_036
C_L_011	C_R_037
C_L_011	C_R_038
C_L_011	C_R_039
C_L_011	C_R_040
C_L_011	C_R_041
C_L_011	C_R_042
C_L_011	C_R_043
C_L_011	C_R_044
C_L_011	C_R_045
C_L_011	C_R_046
C_L_011	C_R_047
C_L_011	C_R_048
C_L_011	C_R_049
C_L_011	C_R_050
C_L_011	S_L_PutVA
C_L_011	S_L_PutDA
C_L_011	S_L_PutVP
C_L_011	S_L_PutDP
C_L_011	S_L_CauVA
C_L_011	S_L_CauDA
C_L_011	S_L_CauBody
C_L_011	S_L_CauTail
C_L_011	S_L_NAcShell
C_L_011	S_L_NAcCore
C_L_011	S_R_PutVA
C_L_011	S_R_PutDA
C_L_011	S_R_PutVP
C_L_011	S_R_PutDP
C_L_011	S_R_CauVA
C_L_011	S_R_CauDA
C_L_011	S_R_CauBody
C_L_011	S_R_CauTail
C_L_011	S_R_NAcShell
C_L_011	S_R_NAcCore
C_L_011	Th_L_VAip
C_L_011	Th_L_VAia
C_L_011	Th_L_VPm
C_L_011	Th_L_VPl
C_L_011	Th_L_VAs
C_L_011	Th_L_DAm
C_L_011	Th_L_DAl
C_L_011	Th_L_DP
C_L_011	A_L_Lat
C_L_011	A_L_Med
C_L_011	H_L_HeadM1
C_L_011	H_L_HeadM2
C_L_011	H_L_HeadL
C_L_011	H_L_Body
C_L_011	H_L_Tail
C_L_011	Th_R_VAip
C_L_011	Th_R_VAia
C_L_011	Th_R_VPm
C_L_011	Th_R_VPl
C_L_011	Th_R_VAs
C_L_011	Th_R_DAm
C_L_011	Th_R_DAl
C_L_011	Th_R_DP
C_L_011	A_R_Lat
C_L_011	A_R_Med
C_L_011	H_R_HeadM1
C_L_011	H_R_HeadM2
C_L_011	H_R_HeadL
C_L_011	H_R_Body
C_L_011	H_R_Tail
C_L_011	STN_L
C_L_011	STN_R
C_L_012	C_L_001
C_L_012	C_L_002
C_L_012	C_L_003
C_L_012	C_L_004
C_L_012	C_L_005
C_L_012	C_L_006
C_L_012	C_L_007
C_L_012	C_L_008
C_L_012	C_L_009
C_L_012	C_L_010
C_L_012	C_L_011
C_L_012	C_L_013
C_L_012	C_L_014
C_L_012	C_L_015
C_L_012	C_L_016
C_L_012	C_L_017
C_L_012	C_L_018
C_L_012	C_L_019
C_L_012	C_L_020
C_L_012	C_L_021
C_L_012	C_L_022
C_L_012	C_L_023
C_L_012	C_L_024
C_L_012	C_L_025
C_L_012	C_L_026
C_L_012	C_L_027
C_L_012	C_L_028
C_L_012	C_L_029
C_L_012	C_L_030
C_L_012	C_L_031
C_L_012	C_L_032
C_L_012	C_L_033
C_L_012	C_L_034
C_L_012	C_L_035
C_L_012	C_L_036
C_L_012	C_L_037
C_L_012	C_L_038
C_L_012	C_L_039
C_L_012	C_L_040
C_L_012	C_L_041
C_L_012	C_L_042
C_L_012	C_L_043
C_L_012	C_L_044
C_L_012	C_L_045
C_L_012	C_L_046
C_L_012	C_L_047
C_L_012	C_L_048
C_L_012	C_L_049
C_L_012	C_L_050
C_L_012	C_R_001
C_L_012	C_R_002
C_L_012	C_R_003
C_L_012	C_R_004
C_L_012	C_R_005
C_L_012	C_R_006
C_L_012	C_R_007
C_L_012	C_R_008
C_L_012	C_R_009
C_L_012	C_R_010
C_L_012	C_R_011
C_L_012	C_R_012
C_L_012	C_R_013
C_L_012	C_R_014
C_L_012	C_R_015
C_L_012	C_R_016
C_L_012	C_R_017
C_L_012	C_R_018
C_L_012	C_R_019
C_L_012	C_R_020
C_L_012	C_R_021
C_L_012	C_R_022
C_L_012	C_R_023
C_L_012	C_R_024
C_L_012	C_R_025
C_L_012	C_R_026
C_L_012	C_R_027
C_L_012	C_R_028
C_L_012	C_R_029
C_L_012	C_R_030
C_L_012	C_R_031
C_L_012	C_R_032
C_L_012	C_R_033
C_L_012	C_R_034
C_L_012	C_R_035
C_L_012	C_R_036
C_L_012	C_R_037
C_L_012	C_R_038
C_L_012	C_R_039
C_L_012	C_R_040
C_L_012	C_R_041
C_L_012	C_R_042
C_L_012	C_R_043
C_L_012	C_R_044
C_L_012	C_R_045
C_L_012	C_R_046
C_L_012	C_R_047
C_L_012	C_R_048
C_L_012	C_R_049
C_L_012	C_R_050
C_L_012	S_L_PutVA
C_L_012	S_L_PutDA
C_L_012	S_L_PutVP
C_L_012	S_L_PutDP
C_L_012	S_L_CauVA
C_L_012	S_L_CauDA
C_L_012	S_L_CauBody
C_L_012	S_L_CauTail
C_L_012	S_L_NAcShell
C_L_012	S_L_NAcCore
C_L_012	S_R_PutVA
C_L_012	S_R_PutDA
C_L_012	S_R_PutVP
C_L_012	S_R_PutDP
C_L_012	S_R_CauVA
C_L_012	S_R_CauDA
C_L_012	S_R_CauBody
C_L_012	S_R_CauTail
C_L_012	S_R_NAcShell
C_L_012	S_R_NAcCore
C_L_012	Th_L_VAip
C_L_012	Th_L_VAia
C_L_012	Th_L_VPm
C_L_012	Th_L_VPl
C_L_012	Th_L_VAs
C_L_012	Th_L_DAm
C_L_012	Th_L_DAl
C_L_012	Th_L_DP
C_L_012	A_L_Lat
C_L_012	A_L_Med
C_L_012	H_L_HeadM1
C_L_012	H_L_HeadM2
C_L_012	H_L_HeadL
C_L_012	H_L_Body
C_L_012	H_L_Tail
C_L_012	Th_R_VAip
C_L_012	Th_R_VAia
C_L_012	Th_R_VPm
C_L_012	Th_R_VPl
C_L_012	Th_R_VAs
C_L_012	Th_R_DAm
C_L_012	Th_R_DAl
C_L_012	Th_R_DP
C_L_012	A_R_Lat
C_L_012	A_R_Med
C_L_012	H_R_HeadM1
C_L_012	H_R_HeadM2
C_L_012	H_R_HeadL
C_L_012	H_R_Body
C_L_012	H_R_Tail
C_L_012	STN_L
C_L_012	STN_R
C_L_013	C_L_001
C_L_013	C_L_002
C_L_013	C_L_003
C_L_013	C_L_004
C_L_013	C_L_005
C_L_013	C_L_006
C_L_013	C_L_007
C_L_013	C_L_008
C_L_013	C_L_009
C_L_013	C_L_010
C_L_013	C_L_011
C_L_013	C_L_012
C_L_013	C_L_014
C_L_013	C_L_015
C_L_013	C_L_016
C_L_013	C_L_017
C_L_013	C_L_018
C_L_013	C_L_019
C_L_013	C_L_020
C_L_013	C_L_021
C_L_013	C_L_022
C_L_013	C_L_023
C_L_013	C_L_024
C_L_013	C_L_025
C_L_013	C_L_026
C_L_013	C_L_027
C_L_013	C_L_028
C_L_013	C_L_029
C_L_013	C_L_030
C_L_013	C_L_031
C_L_013	C_L_032
C_L_013	C_L_033
C_L_013	C_L_034
C_L_013	C_L_035
C_L_013	C_L_036
C_L_013	C_L_037
C_L_013	C_L_038
C_L_013	C_L_039
C_L_013	C_L_040
C_L_013	C_L_041
C_L_013	C_L_042
C_L_013	C_L_043
C_L_013	C_L_044
C_L_013	C_L_045
C_L_013	C_L_046
C_L_013	C_L_047
C_L_013	C_L_048
C_L_013	C_L_049
C_L_013	C_L_050
C_L_013	C_R_001
C_L_013	C_R_002
C_L_013	C_R_003
C_L_013	C_R_004
C_L_013	C_R_005
C_L_013	C_R_006
C_L_013	C_R_007
C_L_013	C_R_008
C_L_013	C_R_009
C_L_013	C_R_010
C_L_013	C_R_011
C_L_013	C_R_012
C_L_013	C_R_013
C_L_013	C_R_014
C_L_013	C_R_015
C_L_013	C_R_016
C_L_013	C_R_017
C_L_013	C_R_018
C_L_013	C_R_019
C_L_013	C_R_020
C_L_013	C_R_021
C_L_013	C_R_022
C_L_013	C_R_023
C_L_013	C_R_024
C_L_013	C_R_025
C_L_013	C_R_026
C_L_013	C_R_027
C_L_013	C_R_028
C_L_013	C_R_029
C_L_013	C_R_030
C_L_013	C_R_031
C_L_013	C_R_032
C_L_013	C_R_033
C_L_013	C_R_034
C_L_013	C_R_035
C_L_013	C_R_036
C_L_013	C_R_037
C_L_013	C_R_038
C_L_013	C_R_039
C_L_013	C_R_040
C_L_013	C_R_041
C_L_013	C_R_042
C_L_013	C_R_043
C_L_013	C_R_044
C_L_013	C_R_045
C_L_013	C_R_046
C_L_013	C_R_047
C_L_013	C_R_048
C_L_013	C_R_049
C_L_013	C_R_050
C_L_013	S_L_PutVA
C_L_013	S_L_PutDA
C_L_013	S_L_PutVP
C_L_013	S_L_PutDP
C_L_013	S_L_CauVA
C_L_013	S_L_CauDA
C_L_013	S_L_CauBody
C_L_013	S_L_CauTail
C_L_013	S_L_NAcShell
C_L_013	S_L_NAcCore
C_L_013	S_R_PutVA
C_L_013	S_R_PutDA
C_L_013	S_R_PutVP
C_L_013	S_R_PutDP
C_L_013	S_R_CauVA
C_L_013	S_R_CauDA
C_L_013	S_R_CauBody
C_L_013	S_R_CauTail
C_L_013	S_R_NAcShell
C_L_013	S_R_NAcCore
C_L_013	Th_L_VAip
C_L_013	Th_L_VAia
C_L_013	Th_L_VPm
C_L_013	Th_L_VPl
C_L_013	Th_L_VAs
C_L_013	Th_L_DAm
C_L_013	Th_L_DAl
C_L_013	Th_L_DP
C_L_013	A_L_Lat
C_L_013	A_L_Med
C_L_013	H_L_HeadM1
C_L_013	H_L_HeadM2
C_L_013	H_L_HeadL
C_L_013	H_L_Body
C_L_013	H_L_Tail
C_L_013	Th_R_VAip
C_L_013	Th_R_VAia
C_L_013	Th_R_VPm
C_L_013	Th_R_VPl
C_L_013	Th_R_VAs
C_L_013	Th_R_DAm
C_L_013	Th_R_DAl
C_L_013	Th_R_DP
C_L_013	A_R_Lat
C_L_013	A_R_Med
C_L_013	H_R_HeadM1
C_L_013	H_R_HeadM2
C_L_013	H_R_HeadL
C_L_013	H_R_Body
C_L_013	H_R_Tail
C_L_013	STN_L
C_L_013	STN_R
C_L_014	C_L_001
C_L_014	C_L_002
C_L_014	C_L_003
C_L_014	C_L_004
C_L_014	C_L_005
C_L_014	C_L_006
C_L_014	C_L_007
C_L_014	C_L_008
C_L_014	C_L_009
C_L_014	C_L_010
C_L_014	C_L_011
C_L_014	C_L_012
C_L_014	C_L_013
C_L_014	C_L_015
C_L_014	C_L_016
C_L_014	C_L_017
C_L_014	C_L_018
C_L_014	C_L_019
C_L_014	C_L_020
C_L_014	C_L_021
C_L_014	C_L_022
C_L_014	C_L_023
C_L_014	C_L_024
C_L_014	C_L_025
C_L_014	C_L_026
C_L_014	C_L_027
C_L_014	C_L_028
C_L_014	C_L_029
C_L_014	C_L_030
C_L_014	C_L_031
C_L_014	C_L_032
C_L_014	C_L_033
C_L_014	C_L_034
C_L_014	C_L_035
C_L_014	C_L_036
C_L_014	C_L_037
C_L_014	C_L_038
C_L_014	C_L_039
C_L_014	C_L_040
C_L_014	C_L_041
C_L_014	C_L_042
C_L_014	C_L_043
C_L_014	C_L_044
C_L_014	C_L_045
C_L_014	C_L_046
C_L_014	C_L_047
C_L_014	C_L_048
C_L_014	C_L_049
C_L_014	C_L_050
C_L_014	C_R_001
C_L_014	C_R_002
C_L_014	C_R_003
C_L_014	C_R_004
C_L_014	C_R_005
C_L_014	C_R_006
C_L_014	C_R_007
C_L_014	C_R_008
C_L_014	C_R_009
C_L_014	C_R_010
C_L_014	C_R_011
C_L_014	C_R_012
C_L_014	C_R_013
C_L_014	C_R_014
C_L_014	C_R_015
C_L_014	C_R_016
C_L_014	C_R_017
C_L_014	C_R_018
C_L_014	C_R_019
C_L_014	C_R_020
C_L_014	C_R_021
C_L_014	C_R_022
C_L_014	C_R_023
C_L_014	C_R_024
C_L_014	C_R_025
C_L_014	C_R_026
C_L_014	C_R_027
C_L_014	C_R_028
C_L_014	C_R_029
C_L_014	C_R_030
C_L_014	C_R_031
C_L_014	C_R_032
C_L_014	C_R_033
C_L_014	C_R_034
C_L_014	C_R_035
C_L_014	C_R_036
C_L_014	C_R_037
C_L_014	C_R_038
C_L_014	C_R_039
C_L_014	C_R_040
C_L_014	C_R_041
C_L_014	C_R_042
C_L_014	C_R_043
C_L_014	C_R_044
C_L_014	C_R_045
C_L_014	C_R_046
C_L_014	C_R_047
C_L_014	C_R_048
C_L_014	C_R_049
C_L_014	C_R_050
C_L_014	S_L_PutVA
C_L_014	S_L_PutDA
C_L_014	S_L_PutVP
C_L_014	S_L_PutDP
C_L_014	S_L_CauVA
C_L_014	S_L_CauDA
C_L_014	S_L_CauBody
C_L_014	S_L_CauTail
C_L_014	S_L_NAcShell
C_L_014	S_L_NAcCore
C_L_014	S_R_PutVA
C_L_014	S_R_PutDA
C_L_014	S_R_PutVP
C_L_014	S_R_PutDP
C_L_014	S_R_CauVA
C_L_014	S_R_CauDA
C_L_014	S_R_CauBody
C_L_014	S_R_CauTail
C_L_014	S_R_NAcShell
C_L_014	S_R_NAcCore
C_L_014	Th_L_VAip
C_L_014	Th_L_VAia
C_L_014	Th_L_VPm
C_L_014	Th_L_VPl
C_L_014	Th_L_VAs
C_L_014	Th_L_DAm
C_L_014	Th_L_DAl
C_L_014	Th_L_DP
C_L_014	A_L_Lat
C_L_014	A_L_Med
C_L_014	H_L_HeadM1
C_L_014	H_L_HeadM2
C_L_014	H_L_HeadL
C_L_014	H_L_Body
C_L_014	H_L_Tail
C_L_014	Th_R_VAip
C_L_014	Th_R_VAia
C_L_014	Th_R_VPm
C_L_014	Th_R_VPl
C_L_014	Th_R_VAs
C_L_014	Th_R_DAm
C_L_014	Th_R_DAl
C_L_014	Th_R_DP
C_L_014	A_R_Lat
C_L_014	A_R_Med
C_L_014	H_R_HeadM1
C_L_014	H_R_HeadM2
C_L_014	H_R_HeadL
C_L_014	H_R_Body
C_L_014	H_R_Tail
C_L_014	STN_L
C_L_014	STN_R
C_L_015	C_L_001
C_L_015	C_L_002
C_L_015	C_L_003
C_L_015	C_L_004
C_L_015	C_L_005
C_L_015	C_L_006
C_L_015	C_L_007
C_L_015	C_L_008
C_L_015	C_L_009
C_L_015	C_L_010
C_L_015	C_L_011
C_L_015	C_L_012
C_L_015	C_L_013
C_L_015	C_L_014
C_L_015	C_L_016
C_L_015	C_L_017
C_L_015	C_L_018
C_L_015	C_L_019
C_L_015	C_L_020
C_L_015	C_L_021
C_L_015	C_L_022
C_L_015	C_L_023
C_L_015	C_L_024
C_L_015	C_L_025
C_L_015	C_L_026
C_L_015	C_L_027
C_L_015	C_L_028
C_L_015	C_L_029
C_L_015	C_L_030
C_L_015	C_L_031
C_L_015	C_L_032
C_L_015	C_L_033
C_L_015	C_L_034
C_L_015	C_L_035
C_L_015	C_L_036
C_L_015	C_L_037
C_L_015	C_L_038
C_L_015	C_L_039
C_L_015	C_L_040
C_L_015	C_L_041
C_L_015	C_L_042
C_L_015	C_L_043
C_L_015	C_L_044
C_L_015	C_L_045
C_L_015	C_L_046
C_L_015	C_L_047
C_L_015	C_L_048
C_L_015	C_L_049
C_L_015	C_L_050
C_L_015	C_R_001
C_L_015	C_R_002
C_L_015	C_R_003
C_L_015	C_R_004
C_L_015	C_R_005
C_L_015	C_R_006
C_L_015	C_R_007
C_L_015	C_R_008
C_L_015	C_R_009
C_L_015	C_R_010
C_L_015	C_R_011
C_L_015	C_R_012
C_L_015	C_R_013
C_L_015	C_R_014
C_L_015	C_R_015
C_L_015	C_R_016
C_L_015	C_R_017
C_L_015	C_R_018
C_L_015	C_R_019
C_L_015	C_R_020
C_L_015	C_R_021
C_L_015	C_R_022
C_L_015	C_R_023
C_L_015	C_R_024
C_L_015	C_R_025
C_L_015	C_R_026
C_L_015	C_R_027
C_L_015	C_R_028
C_L_015	C_R_029
C_L_015	C_R_030
C_L_015	C_R_031
C_L_015	C_R_032
C_L_015	C_R_033
C_L_015	C_R_034
C_L_015	C_R_035
C_L_015	C_R_036
C_L_015	C_R_037
C_L_015	C_R_038
C_L_015	C_R_039
C_L_015	C_R_040
C_L_015	C_R_041
C_L_015	C_R_042
C_L_015	C_R_043
C_L_015	C_R_044
C_L_015	C_R_045
C_L_015	C_R_046
C_L_015	C_R_047
C_L_015	C_R_048
C_L_015	C_R_049
C_L_015	C_R_050
C_L_015	S_L_PutVA
C_L_015	S_L_PutDA
C_L_015	S_L_PutVP
C_L_015	S_L_PutDP
C_L_015	S_L_CauVA
C_L_015	S_L_CauDA
C_L_015	S_L_CauBody
C_L_015	S_L_CauTail
C_L_015	S_L_NAcShell
C_L_015	S_L_NAcCore
C_L_015	S_R_PutVA
C_L_015	S_R_PutDA
C_L_015	S_R_PutVP
C_L_015	S_R_PutDP
C_L_015	S_R_CauVA
C_L_015	S_R_CauDA
C_L_015	S_R_CauBody
C_L_015	S_R_CauTail
C_L_015	S_R_NAcShell
C_L_015	S_R_NAcCore
C_L_015	Th_L_VAip
C_L_015	Th_L_VAia
C_L_015	Th_L_VPm
C_L_015	Th_L_VPl
C_L_015	Th_L_VAs
C_L_015	Th_L_DAm
C_L_015	Th_L_DAl
C_L_015	Th_L_DP
C_L_015	A_L_Lat
C_L_015	A_L_Med
C_L_015	H_L_HeadM1
C_L_015	H_L_HeadM2
C_L_015	H_L_HeadL
C_L_015	H_L_Body
C_L_015	H_L_Tail
C_L_015	Th_R_VAip
C_L_015	Th_R_VAia
C_L_015	Th_R_VPm
C_L_015	Th_R_VPl
C_L_015	Th_R_VAs
C_L_015	Th_R_DAm
C_L_015	Th_R_DAl
C_L_015	Th_R_DP
C_L_015	A_R_Lat
C_L_015	A_R_Med
C_L_015	H_R_HeadM1
C_L_015	H_R_HeadM2
C_L_015	H_R_HeadL
C_L_015	H_R_Body
C_L_015	H_R_Tail
C_L_015	STN_L
C_L_015	STN_R
C_L_016	C_L_001
C_L_016	C_L_002
C_L_016	C_L_003
C_L_016	C_L_004
C_L_016	C_L_005
C_L_016	C_L_006
C_L_016	C_L_007
C_L_016	C_L_008
C_L_016	C_L_009
C_L_016	C_L_010
C_L_016	C_L_011
C_L_016	C_L_012
C_L_016	C_L_013
C_L_016	C_L_014
C_L_016	C_L_015
C_L_016	C_L_017
C_L_016	C_L_018
C_L_016	C_L_019
C_L_016	C_L_020
C_L_016	C_L_021
C_L_016	C_L_022
C_L_016	C_L_023
C_L_016	C_L_024
C_L_016	C_L_025
C_L_016	C_L_026
C_L_016	C_L_027
C_L_016	C_L_028
C_L_016	C_L_029
C_L_016	C_L_030
C_L_016	C_L_031
C_L_016	C_L_032
C_L_016	C_L_033
C_L_016	C_L_034
C_L_016	C_L_035
C_L_016	C_L_036
C_L_016	C_L_037
C_L_016	C_L_038
C_L_016	C_L_039
C_L_016	C_L_040
C_L_016	C_L_041
C_L_016	C_L_042
C_L_016	C_L_043
C_L_016	C_L_044
C_L_016	C_L_045
C_L_016	C_L_046
C_L_016	C_L_047
C_L_016	C_L_048
C_L_016	C_L_049
C_L_016	C_L_050
C_L_016	C_R_001
C_L_016	C_R_002
C_L_016	C_R_003
C_L_016	C_R_004
C_L_016	C_R_005
C_L_016	C_R_006
C_L_016	C_R_007
C_L_016	C_R_008
C_L_016	C_R_009
C_L_016	C_R_010
C_L_016	C_R_011
C_L_016	C_R_012
C_L_016	C_R_013
C_L_016	C_R_014
C_L_016	C_R_015
C_L_016	C_R_016
C_L_016	C_R_017
C_L_016	C_R_018
C_L_016	C_R_019
C_L_016	C_R_020
C_L_016	C_R_021
C_L_016	C_R_022
C_L_016	C_R_023
C_L_016	C_R_024
C_L_016	C_R_025
C_L_016	C_R_026
C_L_016	C_R_027
C_L_016	C_R_028
C_L_016	C_R_029
C_L_016	C_R_030
C_L_016	C_R_031
C_L_016	C_R_032
C_L_016	C_R_033
C_L_016	C_R_034
C_L_016	C_R_035
C_L_016	C_R_036
C_L_016	C_R_037
C_L_016	C_R_038
C_L_016	C_R_039
C_L_016	C_R_040
C_L_016	C_R_041
C_L_016	C_R_042
C_L_016	C_R_043
C_L_016	C_R_044
C_L_016	C_R_045
C_L_016	C_R_046
C_L_016	C_R_047
C_L_016	C_R_048
C_L_016	C_R_049
C_L_016	C_R_050
C_L_016	S_L_PutVA
C_L_016	S_L_PutDA
C_L_016	S_L_PutVP
C_L_016	S_L_PutDP
C_L_016	S_L_CauVA
C_L_016	S_L_CauDA
C_L_016	S_L_CauBody
C_L_016	S_L_CauTail
C_L_016	S_L_NAcShell
C_L_016	S_L_NAcCore
C_L_016	S_R_PutVA
C_L_016	S_R_PutDA
C_L_016	S_R_PutVP
C_L_016	S_R_PutDP
C_L_016	S_R_CauVA
C_L_016	S_R_CauDA
C_L_016	S_R_CauBody
C_L_016	S_R_CauTail
C_L_016	S_R_NAcShell
C_L_016	S_R_NAcCore
C_L_016	Th_L_VAip
C_L_016	Th_L_VAia
C_L_016	Th_L_VPm
C_L_016	Th_L_VPl
C_L_016	Th_L_VAs
C_L_016	Th_L_DAm
C_L_016	Th_L_DAl
C_L_016	Th_L_DP
C_L_016	A_L_Lat
C_L_016	A_L_Med
C_L_016	H_L_HeadM1
C_L_016	H_L_HeadM2
C_L_016	H_L_HeadL
C_L_016	H_L_Body
C_L_016	H_L_Tail
C_L_016	Th_R_VAip
C_L_016	Th_R_VAia
C_L_016	Th_R_VPm
C_L_016	Th_R_VPl
C_L_016	Th_R_VAs
C_L_016	Th_R_DAm
C_L_016	Th_R_DAl
C_L_016	Th_R_DP
C_L_016	A_R_Lat
C_L_016	A_R_Med
C_L_016	H_R_HeadM1
C_L_016	H_R_HeadM2
C_L_016	H_R_HeadL
C_L_016	H_R_Body
C_L_016	H_R_Tail
C_L_016	STN_L
C_L_016	STN_R
C_L_017	C_L_001
C_L_017	C_L_002
C_L_017	C_L_003
C_L_017	C_L_004
C_L_017	C_L_005
C_L_017	C_L_006
C_L_017	C_L_007
C_L_017	C_L_008
C_L_017	C_L_009
C_L_017	C_L_010
C_L_017	C_L_011
C_L_017	C_L_012
C_L_017	C_L_013
C_L_017	C_L_014
C_L_017	C_L_015
C_L_017	C_L_016
C_L_017	C_L_018
C_L_017	C_L_019
C_L_017	C_L_020
C_L_017	C_L_021
C_L_017	C_L_022
C_L_017	C_L_023
C_L_017	C_L_024
C_L_017	C_L_025
C_L_017	C_L_026
C_L_017	C_L_027
C_L_017	C_L_028
C_L_017	C_L_029
C_L_017	C_L_030
C_L_017	C_L_031
C_L_017	C_L_032
C_L_017	C_L_033
C_L_017	C_L_034
C_L_017	C_L_035
C_L_017	C_L_036
C_L_017	C_L_037
C_L_017	C_L_038
C_L_017	C_L_039
C_L_017	C_L_040
C_L_017	C_L_041
C_L_017	C_L_042
C_L_017	C_L_043
C_L_017	C_L_044
C_L_017	C_L_045
C_L_017	C_L_046
C_L_017	C_L_047
C_L_017	C_L_048
C_L_017	C_L_049
C_L_017	C_L_050
C_L_017	C_R_001
C_L_017	C_R_002
C_L_017	C_R_003
C_L_017	C_R_004
C_L_017	C_R_005
C_L_017	C_R_006
C_L_017	C_R_007
C_L_017	C_R_008
C_L_017	C_R_009
C_L_017	C_R_010
C_L_017	C_R_011
C_L_017	C_R_012
C_L_017	C_R_013
C_L_017	C_R_014
C_L_017	C_R_015
C_L_017	C_R_016
C_L_017	C_R_017
C_L_017	C_R_018
C_L_017	C_R_019
C_L_017	C_R_020
C_L_017	C_R_021
C_L_017	C_R_022
C_L_017	C_R_023
C_L_017	C_R_024
C_L_017	C_R_025
C_L_017	C_R_026
C_L_017	C_R_027
C_L_017	C_R_028
C_L_017	C_R_029
C_L_017	C_R_030
C_L_017	C_R_031
C_L_017	C_R_032
C_L_017	C_R_033
C_L_017	C_R_034
C_L_017	C_R_035
C_L_017	C_R_036
C_L_017	C_R_037
C_L_017	C_R_038
C_L_017	C_R_039
C_L_017	C_R_040
C_L_017	C_R_041
C_L_017	C_R_042
C_L_017	C_R_043
C_L_017	C_R_044
C_L_017	C_R_045
C_L_017	C_R_046
C_L_017	C_R_047
C_L_017	C_R_048
C_L_017	C_R_049
C_L_017	C_R_050
C_L_017	S_L_PutVA
C_L_017	S_L_PutDA
C_L_017	S_L_PutVP
C_L_017	S_L_PutDP
C_L_017	S_L_CauVA
C_L_017	S_L_CauDA
C_L_017	S_L_CauBody
C_L_017	S_L_CauTail
C_L_017	S_L_NAcShell
C_L_017	S_L_NAcCore
C_L_017	S_R_PutVA
C_L_017	S_R_PutDA
C_L_017	S_R_PutVP
C_L_017	S_R_PutDP
C_L_017	S_R_CauVA
C_L_017	S_R_CauDA
C_L_017	S_R_CauBody
C_L_017	S_R_CauTail
C_L_017	S_R_NAcShell
C_L_017	S_R_NAcCore
C_L_017	Th_L_VAip
C_L_017	Th_L_VAia
C_L_017	Th_L_VPm
C_L_017	Th_L_VPl
C_L_017	Th_L_VAs
C_L_017	Th_L_DAm
C_L_017	Th_L_DAl
C_L_017	Th_L_DP
C_L_017	A_L_Lat
C_L_017	A_L_Med
C_L_017	H_L_HeadM1
C_L_017	H_L_HeadM2
C_L_017	H_L_HeadL
C_L_017	H_L_Body
C_L_017	H_L_Tail
C_L_017	Th_R_VAip
C_L_017	Th_R_VAia
C_L_017	Th_R_VPm
C_L_017	Th_R_VPl
C_L_017	Th_R_VAs
C_L_017	Th_R_DAm
C_L_017	Th_R_DAl
C_L_017	Th_R_DP
C_L_017	A_R_Lat
C_L_017	A_R_Med
C_L_017	H_R_HeadM1
C_L_017	H_R_HeadM2
C_L_017	H_R_HeadL
C_L_017	H_R_Body
C_L_017	H_R_Tail
C_L_017	STN_L
C_L_017	STN_R
C_L_018	C_L_001
C_L_018	C_L_002
C_L_018	C_L_003
C_L_018	C_L_004
C_L_018	C_L_005
C_L_018	C_L_006
C_L_018	C_L_007
C_L_018	C_L_008
C_L_018	C_L_009
C_L_018	C_L_010
C_L_018	C_L_011
C_L_018	C_L_012
C_L_018	C_L_013
C_L_018	C_L_014
C_L_018	C_L_015
C_L_018	C_L_016
C_L_018	C_L_017
C_L_018	C_L_019
C_L_018	C_L_020
C_L_018	C_L_021
C_L_018	C_L_022
C_L_018	C_L_023
C_L_018	C_L_024
C_L_018	C_L_025
C_L_018	C_L_026
C_L_018	C_L_027
C_L_018	C_L_028
C_L_018	C_L_029
C_L_018	C_L_030
C_L_018	C_L_031
C_L_018	C_L_032
C_L_018	C_L_033
C_L_018	C_L_034
C_L_018	C_L_035
C_L_018	C_L_036
C_L_018	C_L_037
C_L_018	C_L_038
C_L_018	C_L_039
C_L_018	C_L_040
C_L_018	C_L_041
C_L_018	C_L_042
C_L_018	C_L_043
C_L_018	C_L_044
C_L_018	C_L_045
C_L_018	C_L_046
C_L_018	C_L_047
C_L_018	C_L_048
C_L_018	C_L_049
C_L_018	C_L_050
C_L_018	C_R_001
C_L_018	C_R_002
C_L_018	C_R_003
C_L_018	C_R_004
C_L_018	C_R_005
C_L_018	C_R_006
C_L_018	C_R_007
C_L_018	C_R_008
C_L_018	C_R_009
C_L_018	C_R_010
C_L_018	C_R_011
C_L_018	C_R_012
C_L_018	C_R_013
C_L_018	C_R_014
C_L_018	C_R_015
C_L_018	C_R_016
C_L_018	C_R_017
C_L_018	C_R_018
C_L_018	C_R_019
C_L_018	C_R_020
C_L_018	C_R_021
C_L_018	C_R_022
C_L_018	C_R_023
C_L_018	C_R_024
C_L_018	C_R_025
C_L_018	C_R_026
C_L_018	C_R_027
C_L_018	C_R_028
C_L_018	C_R_029
C_L_018	C_R_030
C_L_018	C_R_031
C_L_018	C_R_032
C_L_018	C_R_033
C_L_018	C_R_034
C_L_018	C_R_035
C_L_018	C_R_036
C_L_018	C_R_037
C_L_018	C_R_038
C_L_018	C_R_039
C_L_018	C_R_040
C_L_018	C_R_041
C_L_018	C_R_042
C_L_018	C_R_043
C_L_018	C_R_044
C_L_018	C_R_045
C_L_018	C_R_046
C_L_018	C_R_047
C_L_018	C_R_048
C_L_018	C_R_049
C_L_018	C_R_050
C_L_018	S_L_PutVA
C_L_018	S_L_PutDA
C_L_018	S_L_PutVP
C_L_018	S_L_PutDP
C_L_018	S_L_CauVA
C_L_018	S_L_CauDA
C_L_018	S_L_CauBody
C_L_018	S_L_CauTail
C_L_018	S_L_NAcShell
C_L_018	S_L_NAcCore
C_L_018	S_R_PutVA
C_L_018	S_R_PutDA
C_L_018	S_R_PutVP
C_L_018	S_R_PutDP
C_L_018	S_R_CauVA
C_L_018	S_R_CauDA
C_L_018	S_R_CauBody
C_L_018	S_R_CauTail
C_L_018	S_R_NAcShell
C_L_018	S_R_NAcCore
C_L_018	Th_L_VAip
C_L_018	Th_L_VAia
C_L_018	Th_L_VPm
C_L_018	Th_L_VPl
C_L_018	Th_L_VAs
C_L_018	Th_L_DAm
C_L_018	Th_L_DAl
C_L_018	Th_L_DP
C_L_018	A_L_Lat
C_L_018	A_L_Med
C_L_018	H_L_HeadM1
C_L_018	H_L_HeadM2
C_L_018	H_L_HeadL
C_L_018	H_L_Body
C_L_018	H_L_Tail
C_L_018	Th_R_VAip
C_L_018	Th_R_VAia
C_L_018	Th_R_VPm
C_L_018	Th_R_VPl
C_L_018	Th_R_VAs
C_L_018	Th_R_DAm
C_L_018	Th_R_DAl
C_L_018	Th_R_DP
C_L_018	A_R_Lat
C_L_018	A_R_Med
C_L_018	H_R_HeadM1
C_L_018	H_R_HeadM2
C_L_018	H_R_HeadL
C_L_018	H_R_Body
C_L_018	H_R_Tail
C_L_018	STN_L
C_L_018	STN_R
C_L_019	C_L_001
C_L_019	C_L_002
C_L_019	C_L_003
C_L_019	C_L_004
C_L_019	C_L_005
C_L_019	C_L_006
C_L_019	C_L_007
C_L_019	C_L_008
C_L_019	C_L_009
C_L_019	C_L_010
C_L_019	C_L_011
C_L_019	C_L_012
C_L_019	C_L_013
C_L_019	C_L_014
C_L_019	C_L_015
C_L_019	C_L_016
C_L_019	C_L_017
C_L_019	C_L_018
C_L_019	C_L_020
C_L_019	C_L_021
C_L_019	C_L_022
C_L_019	C_L_023
C_L_019	C_L_024
C_L_019	C_L_025
C_L_019	C_L_026
C_L_019	C_L_027
C_L_019	C_L_028
C_L_019	C_L_029
C_L_019	C_L_030
C_L_019	C_L_031
C_L_019	C_L_032
C_L_019	C_L_033
C_L_019	C_L_034
C_L_019	C_L_035
C_L_019	C_L_036
C_L_019	C_L_037
C_L_019	C_L_038
C_L_019	C_L_039
C_L_019	C_L_040
C_L_019	C_L_041
C_L_019	C_L_042
C_L_019	C_L_043
C_L_019	C_L_044
C_L_019	C_L_045
C_L_019	C_L_046
C_L_019	C_L_047
C_L_019	C_L_048
C_L_019	C_L_049
C_L_019	C_L_050
C_L_019	C_R_001
C_L_019	C_R_002
C_L_019	C_R_003
C_L_019	C_R_004
C_L_019	C_R_005
C_L_019	C_R_006
C_L_019	C_R_007
C_L_019	C_R_008
C_L_019	C_R_009
C_L_019	C_R_010
C_L_019	C_R_011
C_L_019	C_R_012
C_L_019	C_R_013
C_L_019	C_R_014
C_L_019	C_R_015
C_L_019	C_R_016
C_L_019	C_R_017
C_L_019	C_R_018
C_L_019	C_R_019
C_L_019	C_R_020
C_L_019	C_R_021
C_L_019	C_R_022
C_L_019	C_R_023
C_L_019	C_R_024
C_L_019	C_R_025
C_L_019	C_R_026
C_L_019	C_R_027
C_L_019	C_R_028
C_L_019	C_R_029
C_L_019	C_R_030
C_L_019	C_R_031
C_L_019	C_R_032
C_L_019	C_R_033
C_L_019	C_R_034
C_L_019	C_R_035
C_L_019	C_R_036
C_L_019	C_R_037
C_L_019	C_R_038
C_L_019	C_R_039
C_L_019	C_R_040
C_L_019	C_R_041
C_L_019	C_R_042
C_L_019	C_R_043
C_L_019	C_R_044
C_L_019	C_R_045
C_L_019	C_R_046
C_L_019	C_R_047
C_L_019	C_R_048
C_L_019	C_R_049
C_L_019	C_R_050
C_L_019	S_L_PutVA
C_L_019	S_L_PutDA
C_L_019	S_L_PutVP
C_L_019	S_L_PutDP
C_L_019	S_L_CauVA
C_L_019	S_L_CauDA
C_L_019	S_L_CauBody
C_L_019	S_L_CauTail
C_L_019	S_L_NAcShell
C_L_019	S_L_NAcCore
C_L_019	S_R_PutVA
C_L_019	S_R_PutDA
C_L_019	S_R_PutVP
C_L_019	S_R_PutDP
C_L_019	S_R_CauVA
C_L_019	S_R_CauDA
C_L_019	S_R_CauBody
C_L_019	S_R_CauTail
C_L_019	S_R_NAcShell
C_L_019	S_R_NAcCore
C_L_019	Th_L_VAip
C_L_019	Th_L_VAia
C_L_019	Th_L_VPm
C_L_019	Th_L_VPl
C_L_019	Th_L_VAs
C_L_019	Th_L_DAm
C_L_019	Th_L_DAl
C_L_019	Th_L_DP
C_L_019	A_L_Lat
C_L_019	A_L_Med
C_L_019	H_L_HeadM1
C_L_019	H_L_HeadM2
C_L_019	H_L_HeadL
C_L_019	H_L_Body
C_L_019	H_L_Tail
C_L_019	Th_R_VAip
C_L_019	Th_R_VAia
C_L_019	Th_R_VPm
C_L_019	Th_R_VPl
C_L_019	Th_R_VAs
C_L_019	Th_R_DAm
C_L_019	Th_R_DAl
C_L_019	Th_R_DP
C_L_019	A_R_Lat
C_L_019	A_R_Med
C_L_019	H_R_HeadM1
C_L_019	H_R_HeadM2
C_L_019	H_R_HeadL
C_L_019	H_R_Body
C_L_019	H_R_Tail
C_L_019	STN_L
C_L_019	STN_R
C_L_020	C_L_001
C_L_020	C_L_002
C_L_020	C_L_003
C_L_020	C_L_004
C_L_020	C_L_005
C_L_020	C_L_006
C_L_020	C_L_007
C_L_020	C_L_008
C_L_020	C_L_009
C_L_020	C_L_010
C_L_020	C_L_011
C_L_020	C_L_012
C_L_020	C_L_013
C_L_020	C_L_014
C_L_020	C_L_015
C_L_020	C_L_016
C_L_020	C_L_017
C_L_020	C_L_018
C_L_020	C_L_019
C_L_020	C_L_021
C_L_020	C_L_022
C_L_020	C_L_023
C_L_020	C_L_024
C_L_020	C_L_025
C_L_020	C_L_026
C_L_020	C_L_027
C_L_020	C_L_028
C_L_020	C_L_029
C_L_020	C_L_030
C_L_020	C_L_031
C_L_020	C_L_032
C_L_020	C_L_033
C_L_020	C_L_034
C_L_020	C_L_035
C_L_020	C_L_036
C_L_020	C_L_037
C_L_020	C_L_038
C_L_020	C_L_039
C_L_020	C_L_040
C_L_020	C_L_041
C_L_020	C_L_042
C_L_020	C_L_043
C_L_020	C_L_044
C_L_020	C_L_045
C_L_020	C_L_046
C_L_020	C_L_047
C_L_020	C_L_048
C_L_020	C_L_049
C_L_020	C_L_050
C_L_020	C_R_001
C_L_020	C_R_002
C_L_020	C_R_003
C_L_020	C_R_004
C_L_020	C_R_005
C_L_020	C_R_006
C_L_020	C_R_007
C_L_020	C_R_008
C_L_020	C_R_009
C_L_020	C_R_010
C_L_020	C_R_011
C_L_020	C_R_012
C_L_020	C_R_013
C_L_020	C_R_014
C_L_020	C_R_015
C_L_020	C_R_016
C_L_020	C_R_017
C_L_020	C_R_018
C_L_020	C_R_019
C_L_020	C_R_020
C_L_020	C_R_021
C_L_020	C_R_022
C_L_020	C_R_023
C_L_020	C_R_024
C_L_020	C_R_025
C_L_020	C_R_026
C_L_020	C_R_027
C_L_020	C_R_028
C_L_020	C_R_029
C_L_020	C_R_030
C_L_020	C_R_031
C_L_020	C_R_032
C_L_020	C_R_033
C_L_020	C_R_034
C_L_020	C_R_035
C_L_020	C_R_036
C_L_020	C_R_037
C_L_020	C_R_038
C_L_020	C_R_039
C_L_020	C_R_040
C_L_020	C_R_041
C_L_020	C_R_042
C_L_020	C_R_043
C_L_020	C_R_044
C_L_020	C_R_045
C_L_020	C_R_046
C_L_020	C_R_047
C_L_020	C_R_048
C_L_020	C_R_049
C_L_020	C_R_050
C_L_020	S_L_PutVA
C_L_020	S_L_PutDA
C_L_020	S_L_PutVP
C_L_020	S_L_PutDP
C_L_020	S_L_CauVA
C_L_020	S_L_CauDA
C_L_020	S_L_CauBody
C_L_020	S_L_CauTail
C_L_020	S_L_NAcShell
C_L_020	S_L_NAcCore
C_L_020	S_R_PutVA
C_L_020	S_R_PutDA
C_L_020	S_R_PutVP
C_L_020	S_R_PutDP
C_L_020	S_R_CauVA
C_L_020	S_R_CauDA
C_L_020	S_R_CauBody
C_L_020	S_R_CauTail
C_L_020	S_R_NAcShell
C_L_020	S_R_NAcCore
C_L_020	Th_L_VAip
C_L_020	Th_L_VAia
C_L_020	Th_L_VPm
C_L_020	Th_L_VPl
C_L_020	Th_L_VAs
C_L_020	Th_L_DAm
C_L_020	Th_L_DAl
C_L_020	Th_L_DP
C_L_020	A_L_Lat
C_L_020	A_L_Med
C_L_020	H_L_HeadM1
C_L_020	H_L_HeadM2
C_L_020	H_L_HeadL
C_L_020	H_L_Body
C_L_020	H_L_Tail
C_L_020	Th_R_VAip
C_L_020	Th_R_VAia
C_L_020	Th_R_VPm
C_L_020	Th_R_VPl
C_L_020	Th_R_VAs
C_L_020	Th_R_DAm
C_L_020	Th_R_DAl
C_L_020	Th_R_DP
C_L_020	A_R_Lat
C_L_020	A_R_Med
C_L_020	H_R_HeadM1
C_L_020	H_R_HeadM2
C_L_020	H_R_HeadL
C_L_020	H_R_Body
C_L_020	H_R_Tail
C_L_020	STN_L
C_L_020	STN_R
C_L_021	C_L_001
C_L_021	C_L_002
C_L_021	C_L_003
C_L_021	C_L_004
C_L_021	C_L_005
C_L_021	C_L_006
C_L_021	C_L_007
C_L_021	C_L_008
C_L_021	C_L_009
C_L_021	C_L_010
C_L_021	C_L_011
C_L_021	C_L_012
C_L_021	C_L_013
C_L_021	C_L_014
C_L_021	C_L_015
C_L_021	C_L_016
C_L_021	C_L_017
C_L_021	C_L_018
C_L_021	C_L_019
C_L_021	C_L_020
C_L_021	C_L_022
C_L_021	C_L_023
C_L_021	C_L_024
C_L_021	C_L_025
C_L_021	C_L_026
C_L_021	C_L_027
C_L_021	C_L_028
C_L_021	C_L_029
C_L_021	C_L_030
C_L_021	C_L_031
C_L_021	C_L_032
C_L_021	C_L_033
C_L_021	C_L_034
C_L_021	C_L_035
C_L_021	C_L_036
C_L_021	C_L_037
C_L_021	C_L_038
C_L_021	C_L_039
C_L_021	C_L_040
C_L_021	C_L_041
C_L_021	C_L_042
C_L_021	C_L_043
C_L_021	C_L_044
C_L_021	C_L_045
C_L_021	C_L_046
C_L_021	C_L_047
C_L_021	C_L_048
C_L_021	C_L_049
C_L_021	C_L_050
C_L_021	C_R_001
C_L_021	C_R_002
C_L_021	C_R_003
C_L_021	C_R_004
C_L_021	C_R_005
C_L_021	C_R_006
C_L_021	C_R_007
C_L_021	C_R_008
C_L_021	C_R_009
C_L_021	C_R_010
C_L_021	C_R_011
C_L_021	C_R_012
C_L_021	C_R_013
C_L_021	C_R_014
C_L_021	C_R_015
C_L_021	C_R_016
C_L_021	C_R_017
C_L_021	C_R_018
C_L_021	C_R_019
C_L_021	C_R_020
C_L_021	C_R_021
C_L_021	C_R_022
C_L_021	C_R_023
C_L_021	C_R_024
C_L_021	C_R_025
C_L_021	C_R_026
C_L_021	C_R_027
C_L_021	C_R_028
C_L_021	C_R_029
C_L_021	C_R_030
C_L_021	C_R_031
C_L_021	C_R_032
C_L_021	C_R_033
C_L_021	C_R_034
C_L_021	C_R_035
C_L_021	C_R_036
C_L_021	C_R_037
C_L_021	C_R_038
C_L_021	C_R_039
C_L_021	C_R_040
C_L_021	C_R_041
C_L_021	C_R_042
C_L_021	C_R_043
C_L_021	C_R_044
C_L_021	C_R_045
C_L_021	C_R_046
C_L_021	C_R_047
C_L_021	C_R_048
C_L_021	C_R_049
C_L_021	C_R_050
C_L_021	S_L_PutVA
C_L_021	S_L_PutDA
C_L_021	S_L_PutVP
C_L_021	S_L_PutDP
C_L_021	S_L_CauVA
C_L_021	S_L_CauDA
C_L_021	S_L_CauBody
C_L_021	S_L_CauTail
C_L_021	S_L_NAcShell
C_L_021	S_L_NAcCore
C_L_021	S_R_PutVA
C_L_021	S_R_PutDA
C_L_021	S_R_PutVP
C_L_021	S_R_PutDP
C_L_021	S_R_CauVA
C_L_021	S_R_CauDA
C_L_021	S_R_CauBody
C_L_021	S_R_CauTail
C_L_021	S_R_NAcShell
C_L_021	S_R_NAcCore
C_L_021	Th_L_VAip
C_L_021	Th_L_VAia
C_L_021	Th_L_VPm
C_L_021	Th_L_VPl
C_L_021	Th_L_VAs
C_L_021	Th_L_DAm
C_L_021	Th_L_DAl
C_L_021	Th_L_DP
C_L_021	A_L_Lat
C_L_021	A_L_Med
C_L_021	H_L_HeadM1
C_L_021	H_L_HeadM2
C_L_021	H_L_HeadL
C_L_021	H_L_Body
C_L_021	H_L_Tail
C_L_021	Th_R_VAip
C_L_021	Th_R_VAia
C_L_021	Th_R_VPm
C_L_021	Th_R_VPl
C_L_021	Th_R_VAs
C_L_021	Th_R_DAm
C_L_021	Th_R_DAl
C_L_021	Th_R_DP
C_L_021	A_R_Lat
C_L_021	A_R_Med
C_L_021	H_R_HeadM1
C_L_021	H_R_HeadM2
C_L_021	H_R_HeadL
C_L_021	H_R_Body
C_L_021	H_R_Tail
C_L_021	STN_L
C_L_021	STN_R
C_L_022	C_L_001
C_L_022	C_L_002
C_L_022	C_L_003
C_L_022	C_L_004
C_L_022	C_L_005
C_L_022	C_L_006
C_L_022	C_L_007
C_L_022	C_L_008
C_L_022	C_L_009
C_L_022	C_L_010
C_L_022	C_L_011
C_L_022	C_L_012
C_L_022	C_L_013
C_L_022	C_L_014
C_L_022	C_L_015
C_L_022	C_L_016
C_L_022	C_L_017
C_L_022	C_L_018
C_L_022	C_L_019
C_L_022	C_L_020
C_L_022	C_L_021
C_L_022	C_L_023
C_L_022	C_L_024
C_L_022	C_L_025
C_L_022	C_L_026
C_L_022	C_L_027
C_L_022	C_L_028
C_L_022	C_L_029
C_L_022	C_L_030
C_L_022	C_L_031
C_L_022	C_L_032
C_L_022	C_L_033
C_L_022	C_L_034
C_L_022	C_L_035
C_L_022	C_L_036
C_L_022	C_L_037
C_L_022	C_L_038
C_L_022	C_L_039
C_L_022	C_L_040
C_L_022	C_L_041
C_L_022	C_L_042
C_L_022	C_L_043
C_L_022	C_L_044
C_L_022	C_L_045
C_L_022	C_L_046
C_L_022	C_L_047
C_L_022	C_L_048
C_L_022	C_L_049
C_L_022	C_L_050
C_L_022	C_R_001
C_L_022	C_R_002
C_L_022	C_R_003
C_L_022	C_R_004
C_L_022	C_R_005
C_L_022	C_R_006
C_L_022	C_R_007
C_L_022	C_R_008
C_L_022	C_R_009
C_L_022	C_R_010
C_L_022	C_R_011
C_L_022	C_R_012
C_L_022	C_R_013
C_L_022	C_R_014
C_L_022	C_R_015
C_L_022	C_R_016
C_L_022	C_R_017
C_L_022	C_R_018
C_L_022	C_R_019
C_L_022	C_R_020
C_L_022	C_R_021
C_L_022	C_R_022
C_L_022	C_R_023
C_L_022	C_R_024
C_L_022	C_R_025
C_L_022	C_R_026
C_L_022	C_R_027
C_L_022	C_R_028
C_L_022	C_R_029
C_L_022	C_R_030
C_L_022	C_R_031
C_L_022	C_R_032
C_L_022	C_R_033
C_L_022	C_R_034
C_L_022	C_R_035
C_L_022	C_R_036
C_L_022	C_R_037
C_L_022	C_R_038
C_L_022	C_R_039
C_L_022	C_R_040
C_L_022	C_R_041
C_L_022	C_R_042
C_L_022	C_R_043
C_L_022	C_R_044
C_L_022	C_R_045
C_L_022	C_R_046
C_L_022	C_R_047
C_L_022	C_R_048
C_L_022	C_R_049
C_L_022	C_R_050
C_L_022	S_L_PutVA
C_L_022	S_L_PutDA
C_L_022	S_L_PutVP
C_L_022	S_L_PutDP
C_L_022	S_L_CauVA
C_L_022	S_L_CauDA
C_L_022	S_L_CauBody
C_L_022	S_L_CauTail
C_L_022	S_L_NAcShell
C_L_022	S_L_NAcCore
C_L_022	S_R_PutVA
C_L_022	S_R_PutDA
C_L_022	S_R_PutVP
C_L_022	S_R_PutDP
C_L_022	S_R_CauVA
C_L_022	S_R_CauDA
C_L_022	S_R_CauBody
C_L_022	S_R_CauTail
C_L_022	S_R_NAcShell
C_L_022	S_R_NAcCore
C_L_022	Th_L_VAip
C_L_022	Th_L_VAia
C_L_022	Th_L_VPm
C_L_022	Th_L_VPl
C_L_022	Th_L_VAs
C_L_022	Th_L_DAm
C_L_022	Th_L_DAl
C_L_022	Th_L_DP
C_L_022	A_L_Lat
C_L_022	A_L_Med
C_L_022	H_L_HeadM1
C_L_022	H_L_HeadM2
C_L_022	H_L_HeadL
C_L_022	H_L_Body
C_L_022	H_L_Tail
C_L_022	Th_R_VAip
C_L_022	Th_R_VAia
C_L_022	Th_R_VPm
C_L_022	Th_R_VPl
C_L_022	Th_R_VAs
C_L_022	Th_R_DAm
C_L_022	Th_R_DAl
C_L_022	Th_R_DP
C_L_022	A_R_Lat
C_L_022	A_R_Med
C_L_022	H_R_HeadM1
C_L_022	H_R_HeadM2
C_L_022	H_R_HeadL
C_L_022	H_R_Body
C_L_022	H_R_Tail
C_L_022	STN_L
C_L_022	STN_R
C_L_023	C_L_001
C_L_023	C_L_002
C_L_023	C_L_003
C_L_023	C_L_004
C_L_023	C_L_005
C_L_023	C_L_006
C_L_023	C_L_007
C_L_023	C_L_008
C_L_023	C_L_009
C_L_023	C_L_010
C_L_023	C_L_011
C_L_023	C_L_012
C_L_023	C_L_013
C_L_023	C_L_014
C_L_023	C_L_015
C_L_023	C_L_016
C_L_023	C_L_017
C_L_023	C_L_018
C_L_023	C_L_019
C_L_023	C_L_020
C_L_023	C_L_021
C_L_023	C_L_022
C_L_023	C_L_024
C_L_023	C_L_025
C_L_023	C_L_026
C_L_023	C_L_027
C_L_023	C_L_028
C_L_023	C_L_029
C_L_023	C_L_030
C_L_023	C_L_031
C_L_023	C_L_032
C_L_023	C_L_033
C_L_023	C_L_034
C_L_023	C_L_035
C_L_023	C_L_036
C_L_023	C_L_037
C_L_023	C_L_038
C_L_023	C_L_039
C_L_023	C_L_040
C_L_023	C_L_041
C_L_023	C_L_042
C_L_023	C_L_043
C_L_023	C_L_044
C_L_023	C_L_045
C_L_023	C_L_046
C_L_023	C_L_047
C_L_023	C_L_048
C_L_023	C_L_049
C_L_023	C_L_050
C_L_023	C_R_001
C_L_023	C_R_002
C_L_023	C_R_003
C_L_023	C_R_004
C_L_023	C_R_005
C_L_023	C_R_006
C_L_023	C_R_007
C_L_023	C_R_008
C_L_023	C_R_009
C_L_023	C_R_010
C_L_023	C_R_011
C_L_023	C_R_012
C_L_023	C_R_013
C_L_023	C_R_014
C_L_023	C_R_015
C_L_023	C_R_016
C_L_023	C_R_017
C_L_023	C_R_018
C_L_023	C_R_019
C_L_023	C_R_020
C_L_023	C_R_021
C_L_023	C_R_022
C_L_023	C_R_023
C_L_023	C_R_024
C_L_023	C_R_025
C_L_023	C_R_026
C_L_023	C_R_027
C_L_023	C_R_028
C_L_023	C_R_029
C_L_023	C_R_030
C_L_023	C_R_031
C_L_023	C_R_032
C_L_023	C_R_033
C_L_023	C_R_034
C_L_023	C_R_035
C_L_023	C_R_036
C_L_023	C_R_037
C_L_023	C_R_038
C_L_023	C_R_039
C_L_023	C_R_040
C_L_023	C_R_041
C_L_023	C_R_042
C_L_023	C_R_043
C_L_023	C_R_044
C_L_023	C_R_045
C_L_023	C_R_046
C_L_023	C_R_047
C_L_023	C_R_048
C_L_023	C_R_049
C_L_023	C_R_050
C_L_023	S_L_PutVA
C_L_023	S_L_PutDA
C_L_023	S_L_PutVP
C_L_023	S_L_PutDP
C_L_023	S_L_CauVA
C_L_023	S_L_CauDA
C_L_023	S_L_CauBody
C_L_023	S_L_CauTail
C_L_023	S_L_NAcShell
C_L_023	S_L_NAcCore
C_L_023	S_R_PutVA
C_L_023	S_R_PutDA
C_L_023	S_R_PutVP
C_L_023	S_R_PutDP
C_L_023	S_R_CauVA
C_L_023	S_R_CauDA
C_L_023	S_R_CauBody
C_L_023	S_R_CauTail
C_L_023	S_R_NAcShell
C_L_023	S_R_NAcCore
C_L_023	Th_L_VAip
C_L_023	Th_L_VAia
C_L_023	Th_L_VPm
C_L_023	Th_L_VPl
C_L_023	Th_L_VAs
C_L_023	Th_L_DAm
C_L_023	Th_L_DAl
C_L_023	Th_L_DP
C_L_023	A_L_Lat
C_L_023	A_L_Med
C_L_023	H_L_HeadM1
C_L_023	H_L_HeadM2
C_L_023	H_L_HeadL
C_L_023	H_L_Body
C_L_023	H_L_Tail
C_L_023	Th_R_VAip
C_L_023	Th_R_VAia
C_L_023	Th_R_VPm
C_L_023	Th_R_VPl
C_L_023	Th_R_VAs
C_L_023	Th_R_DAm
C_L_023	Th_R_DAl
C_L_023	Th_R_DP
C_L_023	A_R_Lat
C_L_023	A_R_Med
C_L_023	H_R_HeadM1
C_L_023	H_R_HeadM2
C_L_023	H_R_HeadL
C_L_023	H_R_Body
C_L_023	H_R_Tail
C_L_023	STN_L
C_L_023	STN_R
C_L_024	C_L_001
C_L_024	C_L_002
C_L_024	C_L_003
C_L_024	C_L_004
C_L_024	C_L_005
C_L_024	C_L_006
C_L_024	C_L_007
C_L_024	C_L_008
C_L_024	C_L_009
C_L_024	C_L_010
C_L_024	C_L_011
C_L_024	C_L_012
C_L_024	C_L_013
C_L_024	C_L_014
C_L_024	C_L_015
C_L_024	C_L_016
C_L_024	C_L_017
C_L_024	C_L_018
C_L_024	C_L_019
C_L_024	C_L_020
C_L_024	C_L_021
C_L_024	C_L_022
C_L_024	C_L_023
C_L_024	C_L_025
C_L_024	C_L_026
C_L_024	C_L_027
C_L_024	C_L_028
C_L_024	C_L_029
C_L_024	C_L_030
C_L_024	C_L_031
C_L_024	C_L_032
C_L_024	C_L_033
C_L_024	C_L_034
C_L_024	C_L_035
C_L_024	C_L_036
C_L_024	C_L_037
C_L_024	C_L_038
C_L_024	C_L_039
C_L_024	C_L_040
C_L_024	C_L_041
C_L_024	C_L_042
C_L_024	C_L_043
C_L_024	C_L_044
C_L_024	C_L_045
C_L_024	C_L_046
C_L_024	C_L_047
C_L_024	C_L_048
C_L_024	C_L_049
C_L_024	C_L_050
C_L_024	C_R_001
C_L_024	C_R_002
C_L_024	C_R_003
C_L_024	C_R_004
C_L_024	C_R_005
C_L_024	C_R_006
C_L_024	C_R_007
C_L_024	C_R_008
C_L_024	C_R_009
C_L_024	C_R_010
C_L_024	C_R_011
C_L_024	C_R_012
C_L_024	C_R_013
C_L_024	C_R_014
C_L_024	C_R_015
C_L_024	C_R_016
C_L_024	C_R_017
C_L_024	C_R_018
C_L_024	C_R_019
C_L_024	C_R_020
C_L_024	C_R_021
C_L_024	C_R_022
C_L_024	C_R_023
C_L_024	C_R_024
C_L_024	C_R_025
C_L_024	C_R_026
C_L_024	C_R_027
C_L_024	C_R_028
C_L_024	C_R_029
C_L_024	C_R_030
C_L_024	C_R_031
C_L_024	C_R_032
C_L_024	C_R_033
C_L_024	C_R_034
C_L_024	C_R_035
C_L_024	C_R_036
C_L_024	C_R_037
C_L_024	C_R_038
C_L_024	C_R_039
C_L_024	C_R_040
C_L_024	C_R_041
C_L_024	C_R_042
C_L_024	C_R_043
C_L_024	C_R_044
C_L_024	C_R_045
C_L_024	C_R_046
C_L_024	C_R_047
C_L_024	C_R_048
C_L_024	C_R_049
C_L_024	C_R_050
C_L_024	S_L_PutVA
C_L_024	S_L_PutDA
C_L_024	S_L_PutVP
C_L_024	S_L_PutDP
C_L_024	S_L_CauVA
C_L_024	S_L_CauDA
C_L_024	S_L_CauBody
C_L_024	S_L_CauTail
C_L_024	S_L_NAcShell
C_L_024	S_L_NAcCore
C_L_024	S_R_PutVA
C_L_024	S_R_PutDA
C_L_024	S_R_PutVP
C_L_024	S_R_PutDP
C_L_024	S_R_CauVA
C_L_024	S_R_CauDA
C_L_024	S_R_CauBody
C_L_024	S_R_CauTail
C_L_024	S_R_NAcShell
C_L_024	S_R_NAcCore
C_L_024	Th_L_VAip
C_L_024	Th_L_VAia
C_L_024	Th_L_VPm
C_L_024	Th_L_VPl
C_L_024	Th_L_VAs
C_L_024	Th_L_DAm
C_L_024	Th_L_DAl
C_L_024	Th_L_DP
C_L_024	A_L_Lat
C_L_024	A_L_Med
C_L_024	H_L_HeadM1
C_L_024	H_L_HeadM2
C_L_024	H_L_HeadL
C_L_024	H_L_Body
C_L_024	H_L_Tail
C_L_024	Th_R_VAip
C_L_024	Th_R_VAia
C_L_024	Th_R_VPm
C_L_024	Th_R_VPl
C_L_024	Th_R_VAs
C_L_024	Th_R_DAm
C_L_024	Th_R_DAl
C_L_024	Th_R_DP
C_L_024	A_R_Lat
C_L_024	A_R_Med
C_L_024	H_R_HeadM1
C_L_024	H_R_HeadM2
C_L_024	H_R_HeadL
C_L_024	H_R_Body
C_L_024	H_R_Tail
C_L_024	STN_L
C_L_024	STN_R
C_L_025	C_L_001
C_L_025	C_L_002
C_L_025	C_L_003
C_L_025	C_L_004
C_L_025	C_L_005
C_L_025	C_L_006
C_L_025	C_L_007
C_L_025	C_L_008
C_L_025	C_L_009
C_L_025	C_L_010
C_L_025	C_L_011
C_L_025	C_L_012
C_L_025	C_L_013
C_L_025	C_L_014
C_L_025	C_L_015
C_L_025	C_L_016
C_L_025	C_L_017
C_L_025	C_L_018
C_L_025	C_L_019
C_L_025	C_L_020
C_L_025	C_L_021
C_L_025	C_L_022
C_L_025	C_L_023
C_L_025	C_L_024
C_L_025	C_L_026
C_L_025	C_L_027
C_L_025	C_L_028
C_L_025	C_L_029
C_L_025	C_L_030
C_L_025	C_L_031
C_L_025	C_L_032
C_L_025	C_L_033
C_L_025	C_L_034
C_L_025	C_L_035
C_L_025	C_L_036
C_L_025	C_L_037
C_L_025	C_L_038
C_L_025	C_L_039
C_L_025	C_L_040
C_L_025	C_L_041
C_L_025	C_L_042
C_L_025	C_L_043
C_L_025	C_L_044
C_L_025	C_L_045
C_L_025	C_L_046
C_L_025	C_L_047
C_L_025	C_L_048
C_L_025	C_L_049
C_L_025	C_L_050
C_L_025	C_R_001
C_L_025	C_R_002
C_L_025	C_R_003
C_L_025	C_R_004
C_L_025	C_R_005
C_L_025	C_R_006
C_L_025	C_R_007
C_L_025	C_R_008
C_L_025	C_R_009
C_L_025	C_R_010
C_L_025	C_R_011
C_L_025	C_R_012
C_L_025	C_R_013
C_L_025	C_R_014
C_L_025	C_R_015
C_L_025	C_R_016
C_L_025	C_R_017
C_L_025	C_R_018
C_L_025	C_R_019
C_L_025	C_R_020
C_L_025	C_R_021
C_L_025	C_R_022
C_L_025	C_R_023
C_L_025	C_R_024
C_L_025	C_R_025
C_L_025	C_R_026
C_L_025	C_R_027
C_L_025	C_R_028
C_L_025	C_R_029
C_L_025	C_R_030
C_L_025	C_R_031
C_L_025	C_R_032
C_L_025	C_R_033
C_L_025	C_R_034
C_L_025	C_R_035
C_L_025	C_R_036
C_L_025	C_R_037
C_L_025	C_R_038
C_L_025	C_R_039
C_L_025	C_R_040
C_L_025	C_R_041
C_L_025	C_R_042
C_L_025	C_R_043
C_L_025	C_R_044
C_L_025	C_R_045
C_L_025	C_R_046
C_L_025	C_R_047
C_L_025	C_R_048
C_L_025	C_R_049
C_L_025	C_R_050
C_L_025	S_L_PutVA
C_L_025	S_L_PutDA
C_L_025	S_L_PutVP
C_L_025	S_L_PutDP
C_L_025	S_L_CauVA
C_L_025	S_L_CauDA
C_L_025	S_L_CauBody
C_L_025	S_L_CauTail
C_L_025	S_L_NAcShell
C_L_025	S_L_NAcCore
C_L_025	S_R_PutVA
C_L_025	S_R_PutDA
C_L_025	S_R_PutVP
C_L_025	S_R_PutDP
C_L_025	S_R_CauVA
C_L_025	S_R_CauDA
C_L_025	S_R_CauBody
C_L_025	S_R_CauTail
C_L_025	S_R_NAcShell
C_L_025	S_R_NAcCore
C_L_025	Th_L_VAip
C_L_025	Th_L_VAia
C_L_025	Th_L_VPm
C_L_025	Th_L_VPl
C_L_025	Th_L_VAs
C_L_025	Th_L_DAm
C_L_025	Th_L_DAl
C_L_025	Th_L_DP
C_L_025	A_L_Lat
C_L_025	A_L_Med
C_L_025	H_L_HeadM1
C_L_025	H_L_HeadM2
C_L_025	H_L_HeadL
C_L_025	H_L_Body
C_L_025	H_L_Tail
C_L_025	Th_R_VAip
C_L_025	Th_R_VAia
C_L_025	Th_R_VPm
C_L_025	Th_R_VPl
C_L_025	Th_R_VAs
C_L_025	Th_R_DAm
C_L_025	Th_R_DAl
C_L_025	Th_R_DP
C_L_025	A_R_Lat
C_L_025	A_R_Med
C_L_025	H_R_HeadM1
C_L_025	H_R_HeadM2
C_L_025	H_R_HeadL
C_L_025	H_R_Body
C_L_025	H_R_Tail
C_L_025	STN_L
C_L_025	STN_R
C_L_026	C_L_001
C_L_026	C_L_002
C_L_026	C_L_003
C_L_026	C_L_004
C_L_026	C_L_005
C_L_026	C_L_006
C_L_026	C_L_007
C_L_026	C_L_008
C_L_026	C_L_009
C_L_026	C_L_010
C_L_026	C_L_011
C_L_026	C_L_012
C_L_026	C_L_013
C_L_026	C_L_014
C_L_026	C_L_015
C_L_026	C_L_016
C_L_026	C_L_017
C_L_026	C_L_018
C_L_026	C_L_019
C_L_026	C_L_020
C_L_026	C_L_021
C_L_026	C_L_022
C_L_026	C_L_023
C_L_026	C_L_024
C_L_026	C_L_025
C_L_026	C_L_027
C_L_026	C_L_028
C_L_026	C_L_029
C_L_026	C_L_030
C_L_026	C_L_031
C_L_026	C_L_032
C_L_026	C_L_033
C_L_026	C_L_034
C_L_026	C_L_035
C_L_026	C_L_036
C_L_026	C_L_037
C_L_026	C_L_038
C_L_026	C_L_039
C_L_026	C_L_040
C_L_026	C_L_041
C_L_026	C_L_042
C_L_026	C_L_043
C_L_026	C_L_044
C_L_026	C_L_045
C_L_026	C_L_046
C_L_026	C_L_047
C_L_026	C_L_048
C_L_026	C_L_049
C_L_026	C_L_050
C_L_026	C_R_001
C_L_026	C_R_002
C_L_026	C_R_003
C_L_026	C_R_004
C_L_026	C_R_005
C_L_026	C_R_006
C_L_026	C_R_007
C_L_026	C_R_008
C_L_026	C_R_009
C_L_026	C_R_010
C_L_026	C_R_011
C_L_026	C_R_012
C_L_026	C_R_013
C_L_026	C_R_014
C_L_026	C_R_015
C_L_026	C_R_016
C_L_026	C_R_017
C_L_026	C_R_018
C_L_026	C_R_019
C_L_026	C_R_020
C_L_026	C_R_021
C_L_026	C_R_022
C_L_026	C_R_023
C_L_026	C_R_024
C_L_026	C_R_025
C_L_026	C_R_026
C_L_026	C_R_027
C_L_026	C_R_028
C_L_026	C_R_029
C_L_026	C_R_030
C_L_026	C_R_031
C_L_026	C_R_032
C_L_026	C_R_033
C_L_026	C_R_034
C_L_026	C_R_035
C_L_026	C_R_036
C_L_026	C_R_037
C_L_026	C_R_038
C_L_026	C_R_039
C_L_026	C_R_040
C_L_026	C_R_041
C_L_026	C_R_042
C_L_026	C_R_043
C_L_026	C_R_044
C_L_026	C_R_045
C_L_026	C_R_046
C_L_026	C_R_047
C_L_026	C_R_048
C_L_026	C_R_049
C_L_026	C_R_050
C_L_026	S_L_PutVA
C_L_026	S_L_PutDA
C_L_026	S_L_PutVP
C_L_026	S_L_PutDP
C_L_026	S_L_CauVA
C_L_026	S_L_CauDA
C_L_026	S_L_CauBody
C_L_026	S_L_CauTail
C_L_026	S_L_NAcShell
C_L_026	S_L_NAcCore
C_L_026	S_R_PutVA
C_L_026	S_R_PutDA
C_L_026	S_R_PutVP
C_L_026	S_R_PutDP
C_L_026	S_R_CauVA
C_L_026	S_R_CauDA
C_L_026	S_R_CauBody
C_L_026	S_R_CauTail
C_L_026	S_R_NAcShell
C_L_026	S_R_NAcCore
C_L_026	Th_L_VAip
C_L_026	Th_L_VAia
C_L_026	Th_L_VPm
C_L_026	Th_L_VPl
C_L_026	Th_L_VAs
C_L_026	Th_L_DAm
C_L_026	Th_L_DAl
C_L_026	Th_L_DP
C_L_026	A_L_Lat
C_L_026	A_L_Med
C_L_026	H_L_HeadM1
C_L_026	H_L_HeadM2
C_L_026	H_L_HeadL
C_L_026	H_L_Body
C_L_026	H_L_Tail
C_L_026	Th_R_VAip
C_L_026	Th_R_VAia
C_L_026	Th_R_VPm
C_L_026	Th_R_VPl
C_L_026	Th_R_VAs
C_L_026	Th_R_DAm
C_L_026	Th_R_DAl
C_L_026	Th_R_DP
C_L_026	A_R_Lat
C_L_026	A_R_Med
C_L_026	H_R_HeadM1
C_L_026	H_R_HeadM2
C_L_026	H_R_HeadL
C_L_026	H_R_Body
C_L_026	H_R_Tail
C_L_026	STN_L
C_L_026	STN_R
C_L_027	C_L_001
C_L_027	C_L_002
C_L_027	C_L_003
C_L_027	C_L_004
C_L_027	C_L_005
C_L_027	C_L_006
C_L_027	C_L_007
C_L_027	C_L_008
C_L_027	C_L_009
C_L_027	C_L_010
C_L_027	C_L_011
C_L_027	C_L_012
C_L_027	C_L_013
C_L_027	C_L_014
C_L_027	C_L_015
C_L_027	C_L_016
C_L_027	C_L_017
C_L_027	C_L_018
C_L_027	C_L_019
C_L_027	C_L_020
C_L_027	C_L_021
C_L_027	C_L_022
C_L_027	C_L_023
C_L_027	C_L_024
C_L_027	C_L_025
C_L_027	C_L_026
C_L_027	C_L_028
C_L_027	C_L_029
C_L_027	C_L_030
C_L_027	C_L_031
C_L_027	C_L_032
C_L_027	C_L_033
C_L_027	C_L_034
C_L_027	C_L_035
C_L_027	C_L_036
C_L_027	C_L_037
C_L_027	C_L_038
C_L_027	C_L_039
C_L_027	C_L_040
C_L_027	C_L_041
C_L_027	C_L_042
C_L_027	C_L_043
C_L_027	C_L_044
C_L_027	C_L_045
C_L_027	C_L_046
C_L_027	C_L_047
C_L_027	C_L_048
C_L_027	C_L_049
C_L_027	C_L_050
C_L_027	C_R_001
C_L_027	C_R_002
C_L_027	C_R_003
C_L_027	C_R_004
C_L_027	C_R_005
C_L_027	C_R_006
C_L_027	C_R_007
C_L_027	C_R_008
C_L_027	C_R_009
C_L_027	C_R_010
C_L_027	C_R_011
C_L_027	C_R_012
C_L_027	C_R_013
C_L_027	C_R_014
C_L_027	C_R_015
C_L_027	C_R_016
C_L_027	C_R_017
C_L_027	C_R_018
C_L_027	C_R_019
C_L_027	C_R_020
C_L_027	C_R_021
C_L_027	C_R_022
C_L_027	C_R_023
C_L_027	C_R_024
C_L_027	C_R_025
C_L_027	C_R_026
C_L_027	C_R_027
C_L_027	C_R_028
C_L_027	C_R_029
C_L_027	C_R_030
C_L_027	C_R_031
C_L_027	C_R_032
C_L_027	C_R_033
C_L_027	C_R_034
C_L_027	C_R_035
C_L_027	C_R_036
C_L_027	C_R_037
C_L_027	C_R_038
C_L_027	C_R_039
C_L_027	C_R_040
C_L_027	C_R_041
C_L_027	C_R_042
C_L_027	C_R_043
C_L_027	C_R_044
C_L_027	C_R_045
C_L_027	C_R_046
C_L_027	C_R_047
C_L_027	C_R_048
C_L_027	C_R_049
C_L_027	C_R_050
C_L_027	S_L_PutVA
C_L_027	S_L_PutDA
C_L_027	S_L_PutVP
C_L_027	S_L_PutDP
C_L_027	S_L_CauVA
C_L_027	S_L_CauDA
C_L_027	S_L_CauBody
C_L_027	S_L_CauTail
C_L_027	S_L_NAcShell
C_L_027	S_L_NAcCore
C_L_027	S_R_PutVA
C_L_027	S_R_PutDA
C_L_027	S_R_PutVP
C_L_027	S_R_PutDP
C_L_027	S_R_CauVA
C_L_027	S_R_CauDA
C_L_027	S_R_CauBody
C_L_027	S_R_CauTail
C_L_027	S_R_NAcShell
C_L_027	S_R_NAcCore
C_L_027	Th_L_VAip
C_L_027	Th_L_VAia
C_L_027	Th_L_VPm
C_L_027	Th_L_VPl
C_L_027	Th_L_VAs
C_L_027	Th_L_DAm
C_L_027	Th_L_DAl
C_L_027	Th_L_DP
C_L_027	A_L_Lat
C_L_027	A_L_Med
C_L_027	H_L_HeadM1
C_L_027	H_L_HeadM2
C_L_027	H_L_HeadL
C_L_027	H_L_Body
C_L_027	H_L_Tail
C_L_027	Th_R_VAip
C_L_027	Th_R_VAia
C_L_027	Th_R_VPm
C_L_027	Th_R_VPl
C_L_027	Th_R_VAs
C_L_027	Th_R_DAm
C_L_027	Th_R_DAl
C_L_027	Th_R_DP
C_L_027	A_R_Lat
C_L_027	A_R_Med
C_L_027	H_R_HeadM1
C_L_027	H_R_HeadM2
C_L_027	H_R_HeadL
C_L_027	H_R_Body
C_L_027	H_R_Tail
C_L_027	STN_L
C_L_027	STN_R
C_L_028	C_L_001
C_L_028	C_L_002
C_L_028	C_L_003
C_L_028	C_L_004
C_L_028	C_L_005
C_L_028	C_L_006
C_L_028	C_L_007
C_L_028	C_L_008
C_L_028	C_L_009
C_L_028	C_L_010
C_L_028	C_L_011
C_L_028	C_L_012
C_L_028	C_L_013
C_L_028	C_L_014
C_L_028	C_L_015
C_L_028	C_L_016
C_L_028	C_L_017
C_L_028	C_L_018
C_L_028	C_L_019
C_L_028	C_L_020
C_L_028	C_L_021
C_L_028	C_L_022
C_L_028	C_L_023
C_L_028	C_L_024
C_L_028	C_L_025
C_L_028	C_L_026
C_L_028	C_L_027
C_L_028	C_L_029
C_L_028	C_L_030
C_L_028	C_L_031
C_L_028	C_L_032
C_L_028	C_L_033
C_L_028	C_L_034
C_L_028	C_L_035
C_L_028	C_L_036
C_L_028	C_L_037
C_L_028	C_L_038
C_L_028	C_L_039
C_L_028	C_L_040
C_L_028	C_L_041
C_L_028	C_L_042
C_L_028	C_L_043
C_L_028	C_L_044
C_L_028	C_L_045
C_L_028	C_L_046
C_L_028	C_L_047
C_L_028	C_L_048
C_L_028	C_L_049
C_L_028	C_L_050
C_L_028	C_R_001
C_L_028	C_R_002
C_L_028	C_R_003
C_L_028	C_R_004
C_L_028	C_R_005
C_L_028	C_R_006
C_L_028	C_R_007
C_L_028	C_R_008
C_L_028	C_R_009
C_L_028	C_R_010
C_L_028	C_R_011
C_L_028	C_R_012
C_L_028	C_R_013
C_L_028	C_R_014
C_L_028	C_R_015
C_L_028	C_R_016
C_L_028	C_R_017
C_L_028	C_R_018
C_L_028	C_R_019
C_L_028	C_R_020
C_L_028	C_R_021
C_L_028	C_R_022
C_L_028	C_R_023
C_L_028	C_R_024
C_L_028	C_R_025
C_L_028	C_R_026
C_L_028	C_R_027
C_L_028	C_R_028
C_L_028	C_R_029
C_L_028	C_R_030
C_L_028	C_R_031
C_L_028	C_R_032
C_L_028	C_R_033
C_L_028	C_R_034
C_L_028	C_R_035
C_L_028	C_R_036
C_L_028	C_R_037
C_L_028	C_R_038
C_L_028	C_R_039
C_L_028	C_R_040
C_L_028	C_R_041
C_L_028	C_R_042
C_L_028	C_R_043
C_L_028	C_R_044
C_L_028	C_R_045
C_L_028	C_R_046
C_L_028	C_R_047
C_L_028	C_R_048
C_L_028	C_R_049
C_L_028	C_R_050
C_L_028	S_L_PutVA
C_L_028	S_L_PutDA
C_L_028	S_L_PutVP
C_L_028	S_L_PutDP
C_L_028	S_L_CauVA
C_L_028	S_L_CauDA
C_L_028	S_L_CauBody
C_L_028	S_L_CauTail
C_L_028	S_L_NAcShell
C_L_028	S_L_NAcCore
C_L_028	S_R_PutVA
C_L_028	S_R_PutDA
C_L_028	S_R_PutVP
C_L_028	S_R_PutDP
C_L_028	S_R_CauVA
C_L_028	S_R_CauDA
C_L_028	S_R_CauBody
C_L_028	S_R_CauTail
C_L_028	S_R_NAcShell
C_L_028	S_R_NAcCore
C_L_028	Th_L_VAip
C_L_028	Th_L_VAia
C_L_028	Th_L_VPm
C_L_028	Th_L_VPl
C_L_028	Th_L_VAs
C_L_028	Th_L_DAm
C_L_028	Th_L_DAl
C_L_028	Th_L_DP
C_L_028	A_L_Lat
C_L_028	A_L_Med
C_L_028	H_L_HeadM1
C_L_028	H_L_HeadM2
C_L_028	H_L_HeadL
C_L_028	H_L_Body
C_L_028	H_L_Tail
C_L_028	Th_R_VAip
C_L_028	Th_R_VAia
C_L_028	Th_R_VPm
C_L_028	Th_R_VPl
C_L_028	Th_R_VAs
C_L_028	Th_R_DAm
C_L_028	Th_R_DAl
C_L_028	Th_R_DP
C_L_028	A_R_Lat
C_L_028	A_R_Med
C_L_028	H_R_HeadM1
C_L_028	H_R_HeadM2
C_L_028	H_R_HeadL
C_L_028	H_R_Body
C_L_028	H_R_Tail
C_L_028	STN_L
C_L_028	STN_R
C_L_029	C_L_001
C_L_029	C_L_002
C_L_029	C_L_003
C_L_029	C_L_004
C_L_029	C_L_005
C_L_029	C_L_006
C_L_029	C_L_007
C_L_029	C_L_008
C_L_029	C_L_009
C_L_029	C_L_010
C_L_029	C_L_011
C_L_029	C_L_012
C_L_029	C_L_013
C_L_029	C_L_014
C_L_029	C_L_015
C_L_029	C_L_016
C_L_029	C_L_017
C_L_029	C_L_018
C_L_029	C_L_019
C_L_029	C_L_020
C_L_029	C_L_021
C_L_029	C_L_022
C_L_029	C_L_023
C_L_029	C_L_024
C_L_029	C_L_025
C_L_029	C_L_026
C_L_029	C_L_027
C_L_029	C_L_028
C_L_029	C_L_030
C_L_029	C_L_031
C_L_029	C_L_032
C_L_029	C_L_033
C_L_029	C_L_034
C_L_029	C_L_035
C_L_029	C_L_036
C_L_029	C_L_037
C_L_029	C_L_038
C_L_029	C_L_039
C_L_029	C_L_040
C_L_029	C_L_041
C_L_029	C_L_042
C_L_029	C_L_043
C_L_029	C_L_044
C_L_029	C_L_045
C_L_029	C_L_046
C_L_029	C_L_047
C_L_029	C_L_048
C_L_029	C_L_049
C_L_029	C_L_050
C_L_029	C_R_001
C_L_029	C_R_002
C_L_029	C_R_003
C_L_029	C_R_004
C_L_029	C_R_005
C_L_029	C_R_006
C_L_029	C_R_007
C_L_029	C_R_008
C_L_029	C_R_009
C_L_029	C_R_010
C_L_029	C_R_011
C_L_029	C_R_012
C_L_029	C_R_013
C_L_029	C_R_014
C_L_029	C_R_015
C_L_029	C_R_016
C_L_029	C_R_017
C_L_029	C_R_018
C_L_029	C_R_019
C_L_029	C_R_020
C_L_029	C_R_021
C_L_029	C_R_022
C_L_029	C_R_023
C_L_029	C_R_024
C_L_029	C_R_025
C_L_029	C_R_026
C_L_029	C_R_027
C_L_029	C_R_028
C_L_029	C_R_029
C_L_029	C_R_030
C_L_029	C_R_031
C_L_029	C_R_032
C_L_029	C_R_033
C_L_029	C_R_034
C_L_029	C_R_035
C_L_029	C_R_036
C_L_029	C_R_037
C_L_029	C_R_038
C_L_029	C_R_039
C_L_029	C_R_040
C_L_029	C_R_041
C_L_029	C_R_042
C_L_029	C_R_043
C_L_029	C_R_044
C_L_029	C_R_045
C_L_029	C_R_046
C_L_029	C_R_047
C_L_029	C_R_048
C_L_029	C_R_049
C_L_029	C_R_050
C_L_029	S_L_PutVA
C_L_029	S_L_PutDA
C_L_029	S_L_PutVP
C_L_029	S_L_PutDP
C_L_029	S_L_CauVA
C_L_029	S_L_CauDA
C_L_029	S_L_CauBody
C_L_029	S_L_CauTail
C_L_029	S_L_NAcShell
C_L_029	S_L_NAcCore
C_L_029	S_R_PutVA
C_L_029	S_R_PutDA
C_L_029	S_R_PutVP
C_L_029	S_R_PutDP
C_L_029	S_R_CauVA
C_L_029	S_R_CauDA
C_L_029	S_R_CauBody
C_L_029	S_R_CauTail
C_L_029	S_R_NAcShell
C_L_029	S_R_NAcCore
C_L_029	Th_L_VAip
C_L_029	Th_L_VAia
C_L_029	Th_L_VPm
C_L_029	Th_L_VPl
C_L_029	Th_L_VAs
C_L_029	Th_L_DAm
C_L_029	Th_L_DAl
C_L_029	Th_L_DP
C_L_029	A_L_Lat
C_L_029	A_L_Med
C_L_029	H_L_HeadM1
C_L_029	H_L_HeadM2
C_L_029	H_L_HeadL
C_L_029	H_L_Body
C_L_029	H_L_Tail
C_L_029	Th_R_VAip
C_L_029	Th_R_VAia
C_L_029	Th_R_VPm
C_L_029	Th_R_VPl
C_L_029	Th_R_VAs
C_L_029	Th_R_DAm
C_L_029	Th_R_DAl
C_L_029	Th_R_DP
C_L_029	A_R_Lat
C_L_029	A_R_Med
C_L_029	H_R_HeadM1
C_L_029	H_R_HeadM2
C_L_029	H_R_HeadL
C_L_029	H_R_Body
C_L_029	H_R_Tail
C_L_029	STN_L
C_L_029	STN_R
C_L_030	C_L_001
C_L_030	C_L_002
C_L_030	C_L_003
C_L_030	C_L_004
C_L_030	C_L_005
C_L_030	C_L_006
C_L_030	C_L_007
C_L_030	C_L_008
C_L_030	C_L_009
C_L_030	C_L_010
C_L_030	C_L_011
C_L_030	C_L_012
C_L_030	C_L_013
C_L_030	C_L_014
C_L_030	C_L_015
C_L_030	C_L_016
C_L_030	C_L_017
C_L_030	C_L_018
C_L_030	C_L_019
C_L_030	C_L_020
C_L_030	C_L_021
C_L_030	C_L_022
C_L_030	C_L_023
C_L_030	C_L_024
C_L_030	C_L_025
C_L_030	C_L_026
C_L_030	C_L_027
C_L_030	C_L_028
C_L_030	C_L_029
C_L_030	C_L_031
C_L_030	C_L_032
C_L_030	C_L_033
C_L_030	C_L_034
C_L_030	C_L_035
C_L_030	C_L_036
C_L_030	C_L_037
C_L_030	C_L_038
C_L_030	C_L_039
C_L_030	C_L_040
C_L_030	C_L_041
C_L_030	C_L_042
C_L_030	C_L_043
C_L_030	C_L_044
C_L_030	C_L_045
C_L_030	C_L_046
C_L_030	C_L_047
C_L_030	C_L_048
C_L_030	C_L_049
C_L_030	C_L_050
C_L_030	C_R_001
C_L_030	C_R_002
C_L_030	C_R_003
C_L_030	C_R_004
C_L_030	C_R_005
C_L_030	C_R_006
C_L_030	C_R_007
C_L_030	C_R_008
C_L_030	C_R_009
C_L_030	C_R_010
C_L_030	C_R_011
C_L_030	C_R_012
C_L_030	C_R_013
C_L_030	C_R_014
C_L_030	C_R_015
C_L_030	C_R_016
C_L_030	C_R_017
C_L_030	C_R_018
C_L_030	C_R_019
C_L_030	C_R_020
C_L_030	C_R_021
C_L_030	C_R_022
C_L_030	C_R_023
C_L_030	C_R_024
C_L_030	C_R_025
C_L_030	C_R_026
C_L_030	C_R_027
C_L_030	C_R_028
C_L_030	C_R_029
C_L_030	C_R_030
C_L_030	C_R_031
C_L_030	C_R_032
C_L_030	C_R_033
C_L_030	C_R_034
C_L_030	C_R_035
C_L_030	C_R_036
C_L_030	C_R_037
C_L_030	C_R_038
C_L_030	C_R_039
C_L_030	C_R_040
C_L_030	C_R_041
C_L_030	C_R_042
C_L_030	C_R_043
C_L_030	C_R_044
C_L_030	C_R_045
C_L_030	C_R_046
C_L_030	C_R_047
C_L_030	C_R_048
C_L_030	C_R_049
C_L_030	C_R_050
C_L_030	S_L_PutVA
C_L_030	S_L_PutDA
C_L_030	S_L_PutVP
C_L_030	S_L_PutDP
C_L_030	S_L_CauVA
C_L_030	S_L_CauDA
C_L_030	S_L_CauBody
C_L_030	S_L_CauTail
C_L_030	S_L_NAcShell
C_L_030	S_L_NAcCore
C_L_030	S_R_PutVA
C_L_030	S_R_PutDA
C_L_030	S_R_PutVP
C_L_030	S_R_PutDP
C_L_030	S_R_CauVA
C_L_030	S_R_CauDA
C_L_030	S_R_CauBody
C_L_030	S_R_CauTail
C_L_030	S_R_NAcShell
C_L_030	S_R_NAcCore
C_L_030	Th_L_VAip
C_L_030	Th_L_VAia
C_L_030	Th_L_VPm
C_L_030	Th_L_VPl
C_L_030	Th_L_VAs
C_L_030	Th_L_DAm
C_L_030	Th_L_DAl
C_L_030	Th_L_DP
C_L_030	A_L_Lat
C_L_030	A_L_Med
C_L_030	H_L_HeadM1
C_L_030	H_L_HeadM2
C_L_030	H_L_HeadL
C_L_030	H_L_Body
C_L_030	H_L_Tail
C_L_030	Th_R_VAip
C_L_030	Th_R_VAia
C_L_030	Th_R_VPm
C_L_030	Th_R_VPl
C_L_030	Th_R_VAs
C_L_030	Th_R_DAm
C_L_030	Th_R_DAl
C_L_030	Th_R_DP
C_L_030	A_R_Lat
C_L_030	A_R_Med
C_L_030	H_R_HeadM1
C_L_030	H_R_HeadM2
C_L_030	H_R_HeadL
C_L_030	H_R_Body
C_L_030	H_R_Tail
C_L_030	STN_L
C_L_030	STN_R
C_L_031	C_L_001
C_L_031	C_L_002
C_L_031	C_L_003
C_L_031	C_L_004
C_L_031	C_L_005
C_L_031	C_L_006
C_L_031	C_L_007
C_L_031	C_L_008
C_L_031	C_L_009
C_L_031	C_L_010
C_L_031	C_L_011
C_L_031	C_L_012
C_L_031	C_L_013
C_L_031	C_L_014
C_L_031	C_L_015
C_L_031	C_L_016
C_L_031	C_L_017
C_L_031	C_L_018
C_L_031	C_L_019
C_L_031	C_L_020
C_L_031	C_L_021
C_L_031	C_L_022
C_L_031	C_L_023
C_L_031	C_L_024
C_L_031	C_L_025
C_L_031	C_L_026
C_L_031	C_L_027
C_L_031	C_L_028
C_L_031	C_L_029
C_L_031	C_L_030
C_L_031	C_L_032
C_L_031	C_L_033
C_L_031	C_L_034
C_L_031	C_L_035
C_L_031	C_L_036
C_L_031	C_L_037
C_L_031	C_L_038
C_L_031	C_L_039
C_L_031	C_L_040
C_L_031	C_L_041
C_L_031	C_L_042
C_L_031	C_L_043
C_L_031	C_L_044
C_L_031	C_L_045
C_L_031	C_L_046
C_L_031	C_L_047
C_L_031	C_L_048
C_L_031	C_L_049
C_L_031	C_L_050
C_L_031	C_R_001
C_L_031	C_R_002
C_L_031	C_R_003
C_L_031	C_R_004
C_L_031	C_R_005
C_L_031	C_R_006
C_L_031	C_R_007
C_L_031	C_R_008
C_L_031	C_R_009
C_L_031	C_R_010
C_L_031	C_R_011
C_L_031	C_R_012
C_L_031	C_R_013
C_L_031	C_R_014
C_L_031	C_R_015
C_L_031	C_R_016
C_L_031	C_R_017
C_L_031	C_R_018
C_L_031	C_R_019
C_L_031	C_R_020
C_L_031	C_R_021
C_L_031	C_R_022
C_L_031	C_R_023
C_L_031	C_R_024
C_L_031	C_R_025
C_L_031	C_R_026
C_L_031	C_R_027
C_L_031	C_R_028
C_L_031	C_R_029
C_L_031	C_R_030
C_L_031	C_R_031
C_L_031	C_R_032
C_L_031	C_R_033
C_L_031	C_R_034
C_L_031	C_R_035
C_L_031	C_R_036
C_L_031	C_R_037
C_L_031	C_R_038
C_L_031	C_R_039
C_L_031	C_R_040
C_L_031	C_R_041
C_L_031	C_R_042
C_L_031	C_R_043
C_L_031	C_R_044
C_L_031	C_R_045
C_L_031	C_R_046
C_L_031	C_R_047
C_L_031	C_R_048
C_L_031	C_R_049
C_L_031	C_R_050
C_L_031	S_L_PutVA
C_L_031	S_L_PutDA
C_L_031	S_L_PutVP
C_L_031	S_L_PutDP
C_L_031	S_L_CauVA
C_L_031	S_L_CauDA
C_L_031	S_L_CauBody
C_L_031	S_L_CauTail
C_L_031	S_L_NAcShell
C_L_031	S_L_NAcCore
C_L_031	S_R_PutVA
C_L_031	S_R_PutDA
C_L_031	S_R_PutVP
C_L_031	S_R_PutDP
C_L_031	S_R_CauVA
C_L_031	S_R_CauDA
C_L_031	S_R_CauBody
C_L_031	S_R_CauTail
C_L_031	S_R_NAcShell
C_L_031	S_R_NAcCore
C_L_031	Th_L_VAip
C_L_031	Th_L_VAia
C_L_031	Th_L_VPm
C_L_031	Th_L_VPl
C_L_031	Th_L_VAs
C_L_031	Th_L_DAm
C_L_031	Th_L_DAl
C_L_031	Th_L_DP
C_L_031	A_L_Lat
C_L_031	A_L_Med
C_L_031	H_L_HeadM1
C_L_031	H_L_HeadM2
C_L_031	H_L_HeadL
C_L_031	H_L_Body
C_L_031	H_L_Tail
C_L_031	Th_R_VAip
C_L_031	Th_R_VAia
C_L_031	Th_R_VPm
C_L_031	Th_R_VPl
C_L_031	Th_R_VAs
C_L_031	Th_R_DAm
C_L_031	Th_R_DAl
C_L_031	Th_R_DP
C_L_031	A_R_Lat
C_L_031	A_R_Med
C_L_031	H_R_HeadM1
C_L_031	H_R_HeadM2
C_L_031	H_R_HeadL
C_L_031	H_R_Body
C_L_031	H_R_Tail
C_L_031	STN_L
C_L_031	STN_R
C_L_032	C_L_001
C_L_032	C_L_002
C_L_032	C_L_003
C_L_032	C_L_004
C_L_032	C_L_005
C_L_032	C_L_006
C_L_032	C_L_007
C_L_032	C_L_008
C_L_032	C_L_009
C_L_032	C_L_010
C_L_032	C_L_011
C_L_032	C_L_012
C_L_032	C_L_013
C_L_032	C_L_014
C_L_032	C_L_015
C_L_032	C_L_016
C_L_032	C_L_017
C_L_032	C_L_018
C_L_032	C_L_019
C_L_032	C_L_020
C_L_032	C_L_021
C_L_032	C_L_022
C_L_032	C_L_023
C_L_032	C_L_024
C_L_032	C_L_025
C_L_032	C_L_026
C_L_032	C_L_027
C_L_032	C_L_028
C_L_032	C_L_029
C_L_032	C_L_030
C_L_032	C_L_031
C_L_032	C_L_033
C_L_032	C_L_034
C_L_032	C_L_035
C_L_032	C_L_036
C_L_032	C_L_037
C_L_032	C_L_038
C_L_032	C_L_039
C_L_032	C_L_040
C_L_032	C_L_041
C_L_032	C_L_042
C_L_032	C_L_043
C_L_032	C_L_044
C_L_032	C_L_045
C_L_032	C_L_046
C_L_032	C_L_047
C_L_032	C_L_048
C_L_032	C_L_049
C_L_032	C_L_050
C_L_032	C_R_001
C_L_032	C_R_002
C_L_032	C_R_003
C_L_032	C_R_004
C_L_032	C_R_005
C_L_032	C_R_006
C_L_032	C_R_007
C_L_032	C_R_008
C_L_032	C_R_009
C_L_032	C_R_010
C_L_032	C_R_011
C_L_032	C_R_012
C_L_032	C_R_013
C_L_032	C_R_014
C_L_032	C_R_015
C_L_032	C_R_016
C_L_032	C_R_017
C_L_032	C_R_018
C_L_032	C_R_019
C_L_032	C_R_020
C_L_032	C_R_021
C_L_032	C_R_022
C_L_032	C_R_023
C_L_032	C_R_024
C_L_032	C_R_025
C_L_032	C_R_026
C_L_032	C_R_027
C_L_032	C_R_028
C_L_032	C_R_029
C_L_032	C_R_030
C_L_032	C_R_031
C_L_032	C_R_032
C_L_032	C_R_033
C_L_032	C_R_034
C_L_032	C_R_035
C_L_032	C_R_036
C_L_032	C_R_037
C_L_032	C_R_038
C_L_032	C_R_039
C_L_032	C_R_040
C_L_032	C_R_041
C_L_032	C_R_042
C_L_032	C_R_043
C_L_032	C_R_044
C_L_032	C_R_045
C_L_032	C_R_046
C_L_032	C_R_047
C_L_032	C_R_048
C_L_032	C_R_049
C_L_032	C_R_050
C_L_032	S_L_PutVA
C_L_032	S_L_PutDA
C_L_032	S_L_PutVP
C_L_032	S_L_PutDP
C_L_032	S_L_CauVA
C_L_032	S_L_CauDA
C_L_032	S_L_CauBody
C_L_032	S_L_CauTail
C_L_032	S_L_NAcShell
C_L_032	S_L_NAcCore
C_L_032	S_R_PutVA
C_L_032	S_R_PutDA
C_L_032	S_R_PutVP
C_L_032	S_R_PutDP
C_L_032	S_R_CauVA
C_L_032	S_R_CauDA
C_L_032	S_R_CauBody
C_L_032	S_R_CauTail
C_L_032	S_R_NAcShell
C_L_032	S_R_NAcCore
C_L_032	Th_L_VAip
C_L_032	Th_L_VAia
C_L_032	Th_L_VPm
C_L_032	Th_L_VPl
C_L_032	Th_L_VAs
C_L_032	Th_L_DAm
C_L_032	Th_L_DAl
C_L_032	Th_L_DP
C_L_032	A_L_Lat
C_L_032	A_L_Med
C_L_032	H_L_HeadM1
C_L_032	H_L_HeadM2
C_L_032	H_L_HeadL
C_L_032	H_L_Body
C_L_032	H_L_Tail
C_L_032	Th_R_VAip
C_L_032	Th_R_VAia
C_L_032	Th_R_VPm
C_L_032	Th_R_VPl
C_L_032	Th_R_VAs
C_L_032	Th_R_DAm
C_L_032	Th_R_DAl
C_L_032	Th_R_DP
C_L_032	A_R_Lat
C_L_032	A_R_Med
C_L_032	H_R_HeadM1
C_L_032	H_R_HeadM2
C_L_032	H_R_HeadL
C_L_032	H_R_Body
C_L_032	H_R_Tail
C_L_032	STN_L
C_L_032	STN_R
C_L_033	C_L_001
C_L_033	C_L_002
C_L_033	C_L_003
C_L_033	C_L_004
C_L_033	C_L_005
C_L_033	C_L_006
C_L_033	C_L_007
C_L_033	C_L_008
C_L_033	C_L_009
C_L_033	C_L_010
C_L_033	C_L_011
C_L_033	C_L_012
C_L_033	C_L_013
C_L_033	C_L_014
C_L_033	C_L_015
C_L_033	C_L_016
C_L_033	C_L_017
C_L_033	C_L_018
C_L_033	C_L_019
C_L_033	C_L_020
C_L_033	C_L_021
C_L_033	C_L_022
C_L_033	C_L_023
C_L_033	C_L_024
C_L_033	C_L_025
C_L_033	C_L_026
C_L_033	C_L_027
C_L_033	C_L_028
C_L_033	C_L_029
C_L_033	C_L_030
C_L_033	C_L_031
C_L_033	C_L_032
C_L_033	C_L_034
C_L_033	C_L_035
C_L_033	C_L_036
C_L_033	C_L_037
C_L_033	C_L_038
C_L_033	C_L_039
C_L_033	C_L_040
C_L_033	C_L_041
C_L_033	C_L_042
C_L_033	C_L_043
C_L_033	C_L_044
C_L_033	C_L_045
C_L_033	C_L_046
C_L_033	C_L_047
C_L_033	C_L_048
C_L_033	C_L_049
C_L_033	C_L_050
C_L_033	C_R_001
C_L_033	C_R_002
C_L_033	C_R_003
C_L_033	C_R_004
C_L_033	C_R_005
C_L_033	C_R_006
C_L_033	C_R_007
C_L_033	C_R_008
C_L_033	C_R_009
C_L_033	C_R_010
C_L_033	C_R_011
C_L_033	C_R_012
C_L_033	C_R_013
C_L_033	C_R_014
C_L_033	C_R_015
C_L_033	C_R_016
C_L_033	C_R_017
C_L_033	C_R_018
C_L_033	C_R_019
C_L_033	C_R_020
C_L_033	C_R_021
C_L_033	C_R_022
C_L_033	C_R_023
C_L_033	C_R_024
C_L_033	C_R_025
C_L_033	C_R_026
C_L_033	C_R_027
C_L_033	C_R_028
C_L_033	C_R_029
C_L_033	C_R_030
C_L_033	C_R_031
C_L_033	C_R_032
C_L_033	C_R_033
C_L_033	C_R_034
C_L_033	C_R_035
C_L_033	C_R_036
C_L_033	C_R_037
C_L_033	C_R_038
C_L_033	C_R_039
C_L_033	C_R_040
C_L_033	C_R_041
C_L_033	C_R_042
C_L_033	C_R_043
C_L_033	C_R_044
C_L_033	C_R_045
C_L_033	C_R_046
C_L_033	C_R_047
C_L_033	C_R_048
C_L_033	C_R_049
C_L_033	C_R_050
C_L_033	S_L_PutVA
C_L_033	S_L_PutDA
C_L_033	S_L_PutVP
C_L_033	S_L_PutDP
C_L_033	S_L_CauVA
C_L_033	S_L_CauDA
C_L_033	S_L_CauBody
C_L_033	S_L_CauTail
C_L_033	S_L_NAcShell
C_L_033	S_L_NAcCore
C_L_033	S_R_PutVA
C_L_033	S_R_PutDA
C_L_033	S_R_PutVP
C_L_033	S_R_PutDP
C_L_033	S_R_CauVA
C_L_033	S_R_CauDA
C_L_033	S_R_CauBody
C_L_033	S_R_CauTail
C_L_033	S_R_NAcShell
C_L_033	S_R_NAcCore
C_L_033	Th_L_VAip
C_L_033	Th_L_VAia
C_L_033	Th_L_VPm
C_L_033	Th_L_VPl
C_L_033	Th_L_VAs
C_L_033	Th_L_DAm
C_L_033	Th_L_DAl
C_L_033	Th_L_DP
C_L_033	A_L_Lat
C_L_033	A_L_Med
C_L_033	H_L_HeadM1
C_L_033	H_L_HeadM2
C_L_033	H_L_HeadL
C_L_033	H_L_Body
C_L_033	H_L_Tail
C_L_033	Th_R_VAip
C_L_033	Th_R_VAia
C_L_033	Th_R_VPm
C_L_033	Th_R_VPl
C_L_033	Th_R_VAs
C_L_033	Th_R_DAm
C_L_033	Th_R_DAl
C_L_033	Th_R_DP
C_L_033	A_R_Lat
C_L_033	A_R_Med
C_L_033	H_R_HeadM1
C_L_033	H_R_HeadM2
C_L_033	H_R_HeadL
C_L_033	H_R_Body
C_L_033	H_R_Tail
C_L_033	STN_L
C_L_033	STN_R
C_L_034	C_L_001
C_L_034	C_L_002
C_L_034	C_L_003
C_L_034	C_L_004
C_L_034	C_L_005
C_L_034	C_L_006
C_L_034	C_L_007
C_L_034	C_L_008
C_L_034	C_L_009
C_L_034	C_L_010
C_L_034	C_L_011
C_L_034	C_L_012
C_L_034	C_L_013
C_L_034	C_L_014
C_L_034	C_L_015
C_L_034	C_L_016
C_L_034	C_L_017
C_L_034	C_L_018
C_L_034	C_L_019
C_L_034	C_L_020
C_L_034	C_L_021
C_L_034	C_L_022
C_L_034	C_L_023
C_L_034	C_L_024
C_L_034	C_L_025
C_L_034	C_L_026
C_L_034	C_L_027
C_L_034	C_L_028
C_L_034	C_L_029
C_L_034	C_L_030
C_L_034	C_L_031
C_L_034	C_L_032
C_L_034	C_L_033
C_L_034	C_L_035
C_L_034	C_L_036
C_L_034	C_L_037
C_L_034	C_L_038
C_L_034	C_L_039
C_L_034	C_L_040
C_L_034	C_L_041
C_L_034	C_L_042
C_L_034	C_L_043
C_L_034	C_L_044
C_L_034	C_L_045
C_L_034	C_L_046
C_L_034	C_L_047
C_L_034	C_L_048
C_L_034	C_L_049
C_L_034	C_L_050
C_L_034	C_R_001
C_L_034	C_R_002
C_L_034	C_R_003
C_L_034	C_R_004
C_L_034	C_R_005
C_L_034	C_R_006
C_L_034	C_R_007
C_L_034	C_R_008
C_L_034	C_R_009
C_L_034	C_R_010
C_L_034	C_R_011
C_L_034	C_R_012
C_L_034	C_R_013
C_L_034	C_R_014
C_L_034	C_R_015
C_L_034	C_R_016
C_L_034	C_R_017
C_L_034	C_R_018
C_L_034	C_R_019
C_L_034	C_R_020
C_L_034	C_R_021
C_L_034	C_R_022
C_L_034	C_R_023
C_L_034	C_R_024
C_L_034	C_R_025
C_L_034	C_R_026
C_L_034	C_R_027
C_L_034	C_R_028
C_L_034	C_R_029
C_L_034	C_R_030
C_L_034	C_R_031
C_L_034	C_R_032
C_L_034	C_R_033
C_L_034	C_R_034
C_L_034	C_R_035
C_L_034	C_R_036
C_L_034	C_R_037
C_L_034	C_R_038
C_L_034	C_R_039
C_L_034	C_R_040
C_L_034	C_R_041
C_L_034	C_R_042
C_L_034	C_R_043
C_L_034	C_R_044
C_L_034	C_R_045
C_L_034	C_R_046
C_L_034	C_R_047
C_L_034	C_R_048
C_L_034	C_R_049
C_L_034	C_R_050
C_L_034	S_L_PutVA
C_L_034	S_L_PutDA
C_L_034	S_L_PutVP
C_L_034	S_L_PutDP
C_L_034	S_L_CauVA
C_L_034	S_L_CauDA
C_L_034	S_L_CauBody
C_L_034	S_L_CauTail
C_L_034	S_L_NAcShell
C_L_034	S_L_NAcCore
C_L_034	S_R_PutVA
C_L_034	S_R_PutDA
C_L_034	S_R_PutVP
C_L_034	S_R_PutDP
C_L_034	S_R_CauVA
C_L_034	S_R_CauDA
C_L_034	S_R_CauBody
C_L_034	S_R_CauTail
C_L_034	S_R_NAcShell
C_L_034	S_R_NAcCore
C_L_034	Th_L_VAip
C_L_034	Th_L_VAia
C_L_034	Th_L_VPm
C_L_034	Th_L_VPl
C_L_034	Th_L_VAs
C_L_034	Th_L_DAm
C_L_034	Th_L_DAl
C_L_034	Th_L_DP
C_L_034	A_L_Lat
C_L_034	A_L_Med
C_L_034	H_L_HeadM1
C_L_034	H_L_HeadM2
C_L_034	H_L_HeadL
C_L_034	H_L_Body
C_L_034	H_L_Tail
C_L_034	Th_R_VAip
C_L_034	Th_R_VAia
C_L_034	Th_R_VPm
C_L_034	Th_R_VPl
C_L_034	Th_R_VAs
C_L_034	Th_R_DAm
C_L_034	Th_R_DAl
C_L_034	Th_R_DP
C_L_034	A_R_Lat
C_L_034	A_R_Med
C_L_034	H_R_HeadM1
C_L_034	H_R_HeadM2
C_L_034	H_R_HeadL
C_L_034	H_R_Body
C_L_034	H_R_Tail
C_L_034	STN_L
C_L_034	STN_R
C_L_035	C_L_001
C_L_035	C_L_002
C_L_035	C_L_003
C_L_035	C_L_004
C_L_035	C_L_005
C_L_035	C_L_006
C_L_035	C_L_007
C_L_035	C_L_008
C_L_035	C_L_009
C_L_035	C_L_010
C_L_035	C_L_011
C_L_035	C_L_012
C_L_035	C_L_013
C_L_035	C_L_014
C_L_035	C_L_015
C_L_035	C_L_016
C_L_035	C_L_017
C_L_035	C_L_018
C_L_035	C_L_019
C_L_035	C_L_020
C_L_035	C_L_021
C_L_035	C_L_022
C_L_035	C_L_023
C_L_035	C_L_024
C_L_035	C_L_025
C_L_035	C_L_026
C_L_035	C_L_027
C_L_035	C_L_028
C_L_035	C_L_029
C_L_035	C_L_030
C_L_035	C_L_031
C_L_035	C_L_032
C_L_035	C_L_033
C_L_035	C_L_034
C_L_035	C_L_036
C_L_035	C_L_037
C_L_035	C_L_038
C_L_035	C_L_039
C_L_035	C_L_040
C_L_035	C_L_041
C_L_035	C_L_042
C_L_035	C_L_043
C_L_035	C_L_044
C_L_035	C_L_045
C_L_035	C_L_046
C_L_035	C_L_047
C_L_035	C_L_048
C_L_035	C_L_049
C_L_035	C_L_050
C_L_035	C_R_001
C_L_035	C_R_002
C_L_035	C_R_003
C_L_035	C_R_004
C_L_035	C_R_005
C_L_035	C_R_006
C_L_035	C_R_007
C_L_035	C_R_008
C_L_035	C_R_009
C_L_035	C_R_010
C_L_035	C_R_011
C_L_035	C_R_012
C_L_035	C_R_013
C_L_035	C_R_014
C_L_035	C_R_015
C_L_035	C_R_016
C_L_035	C_R_017
C_L_035	C_R_018
C_L_035	C_R_019
C_L_035	C_R_020
C_L_035	C_R_021
C_L_035	C_R_022
C_L_035	C_R_023
C_L_035	C_R_024
C_L_035	C_R_025
C_L_035	C_R_026
C_L_035	C_R_027
C_L_035	C_R_028
C_L_035	C_R_029
C_L_035	C_R_030
C_L_035	C_R_031
C_L_035	C_R_032
C_L_035	C_R_033
C_L_035	C_R_034
C_L_035	C_R_035
C_L_035	C_R_036
C_L_035	C_R_037
C_L_035	C_R_038
C_L_035	C_R_039
C_L_035	C_R_040
C_L_035	C_R_041
C_L_035	C_R_042
C_L_035	C_R_043
C_L_035	C_R_044
C_L_035	C_R_045
C_L_035	C_R_046
C_L_035	C_R_047
C_L_035	C_R_048
C_L_035	C_R_049
C_L_035	C_R_050
C_L_035	S_L_PutVA
C_L_035	S_L_PutDA
C_L_035	S_L_PutVP
C_L_035	S_L_PutDP
C_L_035	S_L_CauVA
C_L_035	S_L_CauDA
C_L_035	S_L_CauBody
C_L_035	S_L_CauTail
C_L_035	S_L_NAcShell
C_L_035	S_L_NAcCore
C_L_035	S_R_PutVA
C_L_035	S_R_PutDA
C_L_035	S_R_PutVP
C_L_035	S_R_PutDP
C_L_035	S_R_CauVA
C_L_035	S_R_CauDA
C_L_035	S_R_CauBody
C_L_035	S_R_CauTail
C_L_035	S_R_NAcShell
C_L_035	S_R_NAcCore
C_L_035	Th_L_VAip
C_L_035	Th_L_VAia
C_L_035	Th_L_VPm
C_L_035	Th_L_VPl
C_L_035	Th_L_VAs
C_L_035	Th_L_DAm
C_L_035	Th_L_DAl
C_L_035	Th_L_DP
C_L_035	A_L_Lat
C_L_035	A_L_Med
C_L_035	H_L_HeadM1
C_L_035	H_L_HeadM2
C_L_035	H_L_HeadL
C_L_035	H_L_Body
C_L_035	H_L_Tail
C_L_035	Th_R_VAip
C_L_035	Th_R_VAia
C_L_035	Th_R_VPm
C_L_035	Th_R_VPl
C_L_035	Th_R_VAs
C_L_035	Th_R_DAm
C_L_035	Th_R_DAl
C_L_035	Th_R_DP
C_L_035	A_R_Lat
C_L_035	A_R_Med
C_L_035	H_R_HeadM1
C_L_035	H_R_HeadM2
C_L_035	H_R_HeadL
C_L_035	H_R_Body
C_L_035	H_R_Tail
C_L_035	STN_L
C_L_035	STN_R
C_L_036	C_L_001
C_L_036	C_L_002
C_L_036	C_L_003
C_L_036	C_L_004
C_L_036	C_L_005
C_L_036	C_L_006
C_L_036	C_L_007
C_L_036	C_L_008
C_L_036	C_L_009
C_L_036	C_L_010
C_L_036	C_L_011
C_L_036	C_L_012
C_L_036	C_L_013
C_L_036	C_L_014
C_L_036	C_L_015
C_L_036	C_L_016
C_L_036	C_L_017
C_L_036	C_L_018
C_L_036	C_L_019
C_L_036	C_L_020
C_L_036	C_L_021
C_L_036	C_L_022
C_L_036	C_L_023
C_L_036	C_L_024
C_L_036	C_L_025
C_L_036	C_L_026
C_L_036	C_L_027
C_L_036	C_L_028
C_L_036	C_L_029
C_L_036	C_L_030
C_L_036	C_L_031
C_L_036	C_L_032
C_L_036	C_L_033
C_L_036	C_L_034
C_L_036	C_L_035
C_L_036	C_L_037
C_L_036	C_L_038
C_L_036	C_L_039
C_L_036	C_L_040
C_L_036	C_L_041
C_L_036	C_L_042
C_L_036	C_L_043
C_L_036	C_L_044
C_L_036	C_L_045
C_L_036	C_L_046
C_L_036	C_L_047
C_L_036	C_L_048
C_L_036	C_L_049
C_L_036	C_L_050
C_L_036	C_R_001
C_L_036	C_R_002
C_L_036	C_R_003
C_L_036	C_R_004
C_L_036	C_R_005
C_L_036	C_R_006
C_L_036	C_R_007
C_L_036	C_R_008
C_L_036	C_R_009
C_L_036	C_R_010
C_L_036	C_R_011
C_L_036	C_R_012
C_L_036	C_R_013
C_L_036	C_R_014
C_L_036	C_R_015
C_L_036	C_R_016
C_L_036	C_R_017
C_L_036	C_R_018
C_L_036	C_R_019
C_L_036	C_R_020
C_L_036	C_R_021
C_L_036	C_R_022
C_L_036	C_R_023
C_L_036	C_R_024
C_L_036	C_R_025
C_L_036	C_R_026
C_L_036	C_R_027
C_L_036	C_R_028
C_L_036	C_R_029
C_L_036	C_R_030
C_L_036	C_R_031
C_L_036	C_R_032
C_L_036	C_R_033
C_L_036	C_R_034
C_L_036	C_R_035
C_L_036	C_R_036
C_L_036	C_R_037
C_L_036	C_R_038
C_L_036	C_R_039
C_L_036	C_R_040
C_L_036	C_R_041
C_L_036	C_R_042
C_L_036	C_R_043
C_L_036	C_R_044
C_L_036	C_R_045
C_L_036	C_R_046
C_L_036	C_R_047
C_L_036	C_R_048
C_L_036	C_R_049
C_L_036	C_R_050
C_L_036	S_L_PutVA
C_L_036	S_L_PutDA
C_L_036	S_L_PutVP
C_L_036	S_L_PutDP
C_L_036	S_L_CauVA
C_L_036	S_L_CauDA
C_L_036	S_L_CauBody
C_L_036	S_L_CauTail
C_L_036	S_L_NAcShell
C_L_036	S_L_NAcCore
C_L_036	S_R_PutVA
C_L_036	S_R_PutDA
C_L_036	S_R_PutVP
C_L_036	S_R_PutDP
C_L_036	S_R_CauVA
C_L_036	S_R_CauDA
C_L_036	S_R_CauBody
C_L_036	S_R_CauTail
C_L_036	S_R_NAcShell
C_L_036	S_R_NAcCore
C_L_036	Th_L_VAip
C_L_036	Th_L_VAia
C_L_036	Th_L_VPm
C_L_036	Th_L_VPl
C_L_036	Th_L_VAs
C_L_036	Th_L_DAm
C_L_036	Th_L_DAl
C_L_036	Th_L_DP
C_L_036	A_L_Lat
C_L_036	A_L_Med
C_L_036	H_L_HeadM1
C_L_036	H_L_HeadM2
C_L_036	H_L_HeadL
C_L_036	H_L_Body
C_L_036	H_L_Tail
C_L_036	Th_R_VAip
C_L_036	Th_R_VAia
C_L_036	Th_R_VPm
C_L_036	Th_R_VPl
C_L_036	Th_R_VAs
C_L_036	Th_R_DAm
C_L_036	Th_R_DAl
C_L_036	Th_R_DP
C_L_036	A_R_Lat
C_L_036	A_R_Med
C_L_036	H_R_HeadM1
C_L_036	H_R_HeadM2
C_L_036	H_R_HeadL
C_L_036	H_R_Body
C_L_036	H_R_Tail
C_L_036	STN_L
C_L_036	STN_R
C_L_037	C_L_001
C_L_037	C_L_002
C_L_037	C_L_003
C_L_037	C_L_004
C_L_037	C_L_005
C_L_037	C_L_006
C_L_037	C_L_007
C_L_037	C_L_008
C_L_037	C_L_009
C_L_037	C_L_010
C_L_037	C_L_011
C_L_037	C_L_012
C_L_037	C_L_013
C_L_037	C_L_014
C_L_037	C_L_015
C_L_037	C_L_016
C_L_037	C_L_017
C_L_037	C_L_018
C_L_037	C_L_019
C_L_037	C_L_020
C_L_037	C_L_021
C_L_037	C_L_022
C_L_037	C_L_023
C_L_037	C_L_024
C_L_037	C_L_025
C_L_037	C_L_026
C_L_037	C_L_027
C_L_037	C_L_028
C_L_037	C_L_029
C_L_037	C_L_030
C_L_037	C_L_031
C_L_037	C_L_032
C_L_037	C_L_033
C_L_037	C_L_034
C_L_037	C_L_035
C_L_037	C_L_036
C_L_037	C_L_038
C_L_037	C_L_039
C_L_037	C_L_040
C_L_037	C_L_041
C_L_037	C_L_042
C_L_037	C_L_043
C_L_037	C_L_044
C_L_037	C_L_045
C_L_037	C_L_046
C_L_037	C_L_047
C_L_037	C_L_048
C_L_037	C_L_049
C_L_037	C_L_050
C_L_037	C_R_001
C_L_037	C_R_002
C_L_037	C_R_003
C_L_037	C_R_004
C_L_037	C_R_005
C_L_037	C_R_006
C_L_037	C_R_007
C_L_037	C_R_008
C_L_037	C_R_009
C_L_037	C_R_010
C_L_037	C_R_011
C_L_037	C_R_012
C_L_037	C_R_013
C_L_037	C_R_014
C_L_037	C_R_015
C_L_037	C_R_016
C_L_037	C_R_017
C_L_037	C_R_018
C_L_037	C_R_019
C_L_037	C_R_020
C_L_037	C_R_021
C_L_037	C_R_022
C_L_037	C_R_023
C_L_037	C_R_024
C_L_037	C_R_025
C_L_037	C_R_026
C_L_037	C_R_027
C_L_037	C_R_028
C_L_037	C_R_029
C_L_037	C_R_030
C_L_037	C_R_031
C_L_037	C_R_032
C_L_037	C_R_033
C_L_037	C_R_034
C_L_037	C_R_035
C_L_037	C_R_036
C_L_037	C_R_037
C_L_037	C_R_038
C_L_037	C_R_039
C_L_037	C_R_040
C_L_037	C_R_041
C_L_037	C_R_042
C_L_037	C_R_043
C_L_037	C_R_044
C_L_037	C_R_045
C_L_037	C_R_046
C_L_037	C_R_047
C_L_037	C_R_048
C_L_037	C_R_049
C_L_037	C_R_050
C_L_037	S_L_PutVA
C_L_037	S_L_PutDA
C_L_037	S_L_PutVP
C_L_037	S_L_PutDP
C_L_037	S_L_CauVA
C_L_037	S_L_CauDA
C_L_037	S_L_CauBody
C_L_037	S_L_CauTail
C_L_037	S_L_NAcShell
C_L_037	S_L_NAcCore
C_L_037	S_R_PutVA
C_L_037	S_R_PutDA
C_L_037	S_R_PutVP
C_L_037	S_R_PutDP
C_L_037	S_R_CauVA
C_L_037	S_R_CauDA
C_L_037	S_R_CauBody
C_L_037	S_R_CauTail
C_L_037	S_R_NAcShell
C_L_037	S_R_NAcCore
C_L_037	Th_L_VAip
C_L_037	Th_L_VAia
C_L_037	Th_L_VPm
C_L_037	Th_L_VPl
C_L_037	Th_L_VAs
C_L_037	Th_L_DAm
C_L_037	Th_L_DAl
C_L_037	Th_L_DP
C_L_037	A_L_Lat
C_L_037	A_L_Med
C_L_037	H_L_HeadM1
C_L_037	H_L_HeadM2
C_L_037	H_L_HeadL
C_L_037	H_L_Body
C_L_037	H_L_Tail
C_L_037	Th_R_VAip
C_L_037	Th_R_VAia
C_L_037	Th_R_VPm
C_L_037	Th_R_VPl
C_L_037	Th_R_VAs
C_L_037	Th_R_DAm
C_L_037	Th_R_DAl
C_L_037	Th_R_DP
C_L_037	A_R_Lat
C_L_037	A_R_Med
C_L_037	H_R_HeadM1
C_L_037	H_R_HeadM2
C_L_037	H_R_HeadL
C_L_037	H_R_Body
C_L_037	H_R_Tail
C_L_037	STN_L
C_L_037	STN_R
C_L_038	C_L_001
C_L_038	C_L_002
C_L_038	C_L_003
C_L_038	C_L_004
C_L_038	C_L_005
C_L_038	C_L_006
C_L_038	C_L_007
C_L_038	C_L_008
C_L_038	C_L_009
C_L_038	C_L_010
C_L_038	C_L_011
C_L_038	C_L_012
C_L_038	C_L_013
C_L_038	C_L_014
C_L_038	C_L_015
C_L_038	C_L_016
C_L_038	C_L_017
C_L_038	C_L_018
C_L_038	C_L_019
C_L_038	C_L_020
C_L_038	C_L_021
C_L_038	C_L_022
C_L_038	C_L_023
C_L_038	C_L_024
C_L_038	C_L_025
C_L_038	C_L_026
C_L_038	C_L_027
C_L_038	C_L_028
C_L_038	C_L_029
C_L_038	C_L_030
C_L_038	C_L_031
C_L_038	C_L_032
C_L_038	C_L_033
C_L_038	C_L_034
C_L_038	C_L_035
C_L_038	C_L_036
C_L_038	C_L_037
C_L_038	C_L_039
C_L_038	C_L_040
C_L_038	C_L_041
C_L_038	C_L_042
C_L_038	C_L_043
C_L_038	C_L_044
C_L_038	C_L_045
C_L_038	C_L_046
C_L_038	C_L_047
C_L_038	C_L_048
C_L_038	C_L_049
C_L_038	C_L_050
C_L_038	C_R_001
C_L_038	C_R_002
C_L_038	C_R_003
C_L_038	C_R_004
C_L_038	C_R_005
C_L_038	C_R_006
C_L_038	C_R_007
C_L_038	C_R_008
C_L_038	C_R_009
C_L_038	C_R_010
C_L_038	C_R_011
C_L_038	C_R_012
C_L_038	C_R_013
C_L_038	C_R_014
C_L_038	C_R_015
C_L_038	C_R_016
C_L_038	C_R_017
C_L_038	C_R_018
C_L_038	C_R_019
C_L_038	C_R_020
C_L_038	C_R_021
C_L_038	C_R_022
C_L_038	C_R_023
C_L_038	C_R_024
C_L_038	C_R_025
C_L_038	C_R_026
C_L_038	C_R_027
C_L_038	C_R_028
C_L_038	C_R_029
C_L_038	C_R_030
C_L_038	C_R_031
C_L_038	C_R_032
C_L_038	C_R_033
C_L_038	C_R_034
C_L_038	C_R_035
C_L_038	C_R_036
C_L_038	C_R_037
C_L_038	C_R_038
C_L_038	C_R_039
C_L_038	C_R_040
C_L_038	C_R_041
C_L_038	C_R_042
C_L_038	C_R_043
C_L_038	C_R_044
C_L_038	C_R_045
C_L_038	C_R_046
C_L_038	C_R_047
C_L_038	C_R_048
C_L_038	C_R_049
C_L_038	C_R_050
C_L_038	S_L_PutVA
C_L_038	S_L_PutDA
C_L_038	S_L_PutVP
C_L_038	S_L_PutDP
C_L_038	S_L_CauVA
C_L_038	S_L_CauDA
C_L_038	S_L_CauBody
C_L_038	S_L_CauTail
C_L_038	S_L_NAcShell
C_L_038	S_L_NAcCore
C_L_038	S_R_PutVA
C_L_038	S_R_PutDA
C_L_038	S_R_PutVP
C_L_038	S_R_PutDP
C_L_038	S_R_CauVA
C_L_038	S_R_CauDA
C_L_038	S_R_CauBody
C_L_038	S_R_CauTail
C_L_038	S_R_NAcShell
C_L_038	S_R_NAcCore
C_L_038	Th_L_VAip
C_L_038	Th_L_VAia
C_L_038	Th_L_VPm
C_L_038	Th_L_VPl
C_L_038	Th_L_VAs
C_L_038	Th_L_DAm
C_L_038	Th_L_DAl
C_L_038	Th_L_DP
C_L_038	A_L_Lat
C_L_038	A_L_Med
C_L_038	H_L_HeadM1
C_L_038	H_L_HeadM2
C_L_038	H_L_HeadL
C_L_038	H_L_Body
C_L_038	H_L_Tail
C_L_038	Th_R_VAip
C_L_038	Th_R_VAia
C_L_038	Th_R_VPm
C_L_038	Th_R_VPl
C_L_038	Th_R_VAs
C_L_038	Th_R_DAm
C_L_038	Th_R_DAl
C_L_038	Th_R_DP
C_L_038	A_R_Lat
C_L_038	A_R_Med
C_L_038	H_R_HeadM1
C_L_038	H_R_HeadM2
C_L_038	H_R_HeadL
C_L_038	H_R_Body
C_L_038	H_R_Tail
C_L_038	STN_L
C_L_038	STN_R
C_L_039	C_L_001
C_L_039	C_L_002
C_L_039	C_L_003
C_L_039	C_L_004
C_L_039	C_L_005
C_L_039	C_L_006
C_L_039	C_L_007
C_L_039	C_L_008
C_L_039	C_L_009
C_L_039	C_L_010
C_L_039	C_L_011
C_L_039	C_L_012
C_L_039	C_L_013
C_L_039	C_L_014
C_L_039	C_L_015
C_L_039	C_L_016
C_L_039	C_L_017
C_L_039	C_L_018
C_L_039	C_L_019
C_L_039	C_L_020
C_L_039	C_L_021
C_L_039	C_L_022
C_L_039	C_L_023
C_L_039	C_L_024
C_L_039	C_L_025
C_L_039	C_L_026
C_L_039	C_L_027
C_L_039	C_L_028
C_L_039	C_L_029
C_L_039	C_L_030
C_L_039	C_L_031
C_L_039	C_L_032
C_L_039	C_L_033
C_L_039	C_L_034
C_L_039	C_L_035
C_L_039	C_L_036
C_L_039	C_L_037
C_L_039	C_L_038
C_L_039	C_L_040
C_L_039	C_L_041
C_L_039	C_L_042
C_L_039	C_L_043
C_L_039	C_L_044
C_L_039	C_L_045
C_L_039	C_L_046
C_L_039	C_L_047
C_L_039	C_L_048
C_L_039	C_L_049
C_L_039	C_L_050
C_L_039	C_R_001
C_L_039	C_R_002
C_L_039	C_R_003
C_L_039	C_R_004
C_L_039	C_R_005
C_L_039	C_R_006
C_L_039	C_R_007
C_L_039	C_R_008
C_L_039	C_R_009
C_L_039	C_R_010
C_L_039	C_R_011
C_L_039	C_R_012
C_L_039	C_R_013
C_L_039	C_R_014
C_L_039	C_R_015
C_L_039	C_R_016
C_L_039	C_R_017
C_L_039	C_R_018
C_L_039	C_R_019
C_L_039	C_R_020
C_L_039	C_R_021
C_L_039	C_R_022
C_L_039	C_R_023
C_L_039	C_R_024
C_L_039	C_R_025
C_L_039	C_R_026
C_L_039	C_R_027
C_L_039	C_R_028
C_L_039	C_R_029
C_L_039	C_R_030
C_L_039	C_R_031
C_L_039	C_R_032
C_L_039	C_R_033
C_L_039	C_R_034
C_L_039	C_R_035
C_L_039	C_R_036
C_L_039	C_R_037
C_L_039	C_R_038
C_L_039	C_R_039
C_L_039	C_R_040
C_L_039	C_R_041
C_L_039	C_R_042
C_L_039	C_R_043
C_L_039	C_R_044
C_L_039	C_R_045
C_L_039	C_R_046
C_L_039	C_R_047
C_L_039	C_R_048
C_L_039	C_R_049
C_L_039	C_R_050
C_L_039	S_L_PutVA
C_L_039	S_L_PutDA
C_L_039	S_L_PutVP
C_L_039	S_L_PutDP
C_L_039	S_L_CauVA
C_L_039	S_L_CauDA
C_L_039	S_L_CauBody
C_L_039	S_L_CauTail
C_L_039	S_L_NAcShell
C_L_039	S_L_NAcCore
C_L_039	S_R_PutVA
C_L_039	S_R_PutDA
C_L_039	S_R_PutVP
C_L_039	S_R_PutDP
C_L_039	S_R_CauVA
C_L_039	S_R_CauDA
C_L_039	S_R_CauBody
C_L_039	S_R_CauTail
C_L_039	S_R_NAcShell
C_L_039	S_R_NAcCore
C_L_039	Th_L_VAip
C_L_039	Th_L_VAia
C_L_039	Th_L_VPm
C_L_039	Th_L_VPl
C_L_039	Th_L_VAs
C_L_039	Th_L_DAm
C_L_039	Th_L_DAl
C_L_039	Th_L_DP
C_L_039	A_L_Lat
C_L_039	A_L_Med
C_L_039	H_L_HeadM1
C_L_039	H_L_HeadM2
C_L_039	H_L_HeadL
C_L_039	H_L_Body
C_L_039	H_L_Tail
C_L_039	Th_R_VAip
C_L_039	Th_R_VAia
C_L_039	Th_R_VPm
C_L_039	Th_R_VPl
C_L_039	Th_R_VAs
C_L_039	Th_R_DAm
C_L_039	Th_R_DAl
C_L_039	Th_R_DP
C_L_039	A_R_Lat
C_L_039	A_R_Med
C_L_039	H_R_HeadM1
C_L_039	H_R_HeadM2
C_L_039	H_R_HeadL
C_L_039	H_R_Body
C_L_039	H_R_Tail
C_L_039	STN_L
C_L_039	STN_R
C_L_040	C_L_001
C_L_040	C_L_002
C_L_040	C_L_003
C_L_040	C_L_004
C_L_040	C_L_005
C_L_040	C_L_006
C_L_040	C_L_007
C_L_040	C_L_008
C_L_040	C_L_009
C_L_040	C_L_010
C_L_040	C_L_011
C_L_040	C_L_012
C_L_040	C_L_013
C_L_040	C_L_014
C_L_040	C_L_015
C_L_040	C_L_016
C_L_040	C_L_017
C_L_040	C_L_018
C_L_040	C_L_019
C_L_040	C_L_020
C_L_040	C_L_021
C_L_040	C_L_022
C_L_040	C_L_023
C_L_040	C_L_024
C_L_040	C_L_025
C_L_040	C_L_026
C_L_040	C_L_027
C_L_040	C_L_028
C_L_040	C_L_029
C_L_040	C_L_030
C_L_040	C_L_031
C_L_040	C_L_032
C_L_040	C_L_033
C_L_040	C_L_034
C_L_040	C_L_035
C_L_040	C_L_036
C_L_040	C_L_037
C_L_040	C_L_038
C_L_040	C_L_039
C_L_040	C_L_041
C_L_040	C_L_042
C_L_040	C_L_043
C_L_040	C_L_044
C_L_040	C_L_045
C_L_040	C_L_046
C_L_040	C_L_047
C_L_040	C_L_048
C_L_040	C_L_049
C_L_040	C_L_050
C_L_040	C_R_001
C_L_040	C_R_002
C_L_040	C_R_003
C_L_040	C_R_004
C_L_040	C_R_005
C_L_040	C_R_006
C_L_040	C_R_007
C_L_040	C_R_008
C_L_040	C_R_009
C_L_040	C_R_010
C_L_040	C_R_011
C_L_040	C_R_012
C_L_040	C_R_013
C_L_040	C_R_014
C_L_040	C_R_015
C_L_040	C_R_016
C_L_040	C_R_017
C_L_040	C_R_018
C_L_040	C_R_019
C_L_040	C_R_020
C_L_040	C_R_021
C_L_040	C_R_022
C_L_040	C_R_023
C_L_040	C_R_024
C_L_040	C_R_025
C_L_040	C_R_026
C_L_040	C_R_027
C_L_040	C_R_028
C_L_040	C_R_029
C_L_040	C_R_030
C_L_040	C_R_031
C_L_040	C_R_032
C_L_040	C_R_033
C_L_040	C_R_034
C_L_040	C_R_035
C_L_040	C_R_036
C_L_040	C_R_037
C_L_040	C_R_038
C_L_040	C_R_039
C_L_040	C_R_040
C_L_040	C_R_041
C_L_040	C_R_042
C_L_040	C_R_043
C_L_040	C_R_044
C_L_040	C_R_045
C_L_040	C_R_046
C_L_040	C_R_047
C_L_040	C_R_048
C_L_040	C_R_049
C_L_040	C_R_050
C_L_040	S_L_PutVA
C_L_040	S_L_PutDA
C_L_040	S_L_PutVP
C_L_040	S_L_PutDP
C_L_040	S_L_CauVA
C_L_040	S_L_CauDA
C_L_040	S_L_CauBody
C_L_040	S_L_CauTail
C_L_040	S_L_NAcShell
C_L_040	S_L_NAcCore
C_L_040	S_R_PutVA
C_L_040	S_R_PutDA
C_L_040	S_R_PutVP
C_L_040	S_R_PutDP
C_L_040	S_R_CauVA
C_L_040	S_R_CauDA
C_L_040	S_R_CauBody
C_L_040	S_R_CauTail
C_L_040	S_R_NAcShell
C_L_040	S_R_NAcCore
C_L_040	Th_L_VAip
C_L_040	Th_L_VAia
C_L_040	Th_L_VPm
C_L_040	Th_L_VPl
C_L_040	Th_L_VAs
C_L_040	Th_L_DAm
C_L_040	Th_L_DAl
C_L_040	Th_L_DP
C_L_040	A_L_Lat
C_L_040	A_L_Med
C_L_040	H_L_HeadM1
C_L_040	H_L_HeadM2
C_L_040	H_L_HeadL
C_L_040	H_L_Body
C_L_040	H_L_Tail
C_L_040	Th_R_VAip
C_L_040	Th_R_VAia
C_L_040	Th_R_VPm
C_L_040	Th_R_VPl
C_L_040	Th_R_VAs
C_L_040	Th_R_DAm
C_L_040	Th_R_DAl
C_L_040	Th_R_DP
C_L_040	A_R_Lat
C_L_040	A_R_Med
C_L_040	H_R_HeadM1
C_L_040	H_R_HeadM2
C_L_040	H_R_HeadL
C_L_040	H_R_Body
C_L_040	H_R_Tail
C_L_040	STN_L
C_L_040	STN_R
C_L_041	C_L_001
C_L_041	C_L_002
C_L_041	C_L_003
C_L_041	C_L_004
C_L_041	C_L_005
C_L_041	C_L_006
C_L_041	C_L_007
C_L_041	C_L_008
C_L_041	C_L_009
C_L_041	C_L_010
C_L_041	C_L_011
C_L_041	C_L_012
C_L_041	C_L_013
C_L_041	C_L_014
C_L_041	C_L_015
C_L_041	C_L_016
C_L_041	C_L_017
C_L_041	C_L_018
C_L_041	C_L_019
C_L_041	C_L_020
C_L_041	C_L_021
C_L_041	C_L_022
C_L_041	C_L_023
C_L_041	C_L_024
C_L_041	C_L_025
C_L_041	C_L_026
C_L_041	C_L_027
C_L_041	C_L_028
C_L_041	C_L_029
C_L_041	C_L_030
C_L_041	C_L_031
C_L_041	C_L_032
C_L_041	C_L_033
C_L_041	C_L_034
C_L_041	C_L_035
C_L_041	C_L_036
C_L_041	C_L_037
C_L_041	C_L_038
C_L_041	C_L_039
C_L_041	C_L_040
C_L_041	C_L_042
C_L_041	C_L_043
C_L_041	C_L_044
C_L_041	C_L_045
C_L_041	C_L_046
C_L_041	C_L_047
C_L_041	C_L_048
C_L_041	C_L_049
C_L_041	C_L_050
C_L_041	C_R_001
C_L_041	C_R_002
C_L_041	C_R_003
C_L_041	C_R_004
C_L_041	C_R_005
C_L_041	C_R_006
C_L_041	C_R_007
C_L_041	C_R_008
C_L_041	C_R_009
C_L_041	C_R_010
C_L_041	C_R_011
C_L_041	C_R_012
C_L_041	C_R_013
C_L_041	C_R_014
C_L_041	C_R_015
C_L_041	C_R_016
C_L_041	C_R_017
C_L_041	C_R_018
C_L_041	C_R_019
C_L_041	C_R_020
C_L_041	C_R_021
C_L_041	C_R_022
C_L_041	C_R_023
C_L_041	C_R_024
C_L_041	C_R_025
C_L_041	C_R_026
C_L_041	C_R_027
C_L_041	C_R_028
C_L_041	C_R_029
C_L_041	C_R_030
C_L_041	C_R_031
C_L_041	C_R_032
C_L_041	C_R_033
C_L_041	C_R_034
C_L_041	C_R_035
C_L_041	C_R_036
C_L_041	C_R_037
C_L_041	C_R_038
C_L_041	C_R_039
C_L_041	C_R_040
C_L_041	C_R_041
C_L_041	C_R_042
C_L_041	C_R_043
C_L_041	C_R_044
C_L_041	C_R_045
C_L_041	C_R_046
C_L_041	C_R_047
C_L_041	C_R_048
C_L_041	C_R_049
C_L_041	C_R_050
C_L_041	S_L_PutVA
C_L_041	S_L_PutDA
C_L_041	S_L_PutVP
C_L_041	S_L_PutDP
C_L_041	S_L_CauVA
C_L_041	S_L_CauDA
C_L_041	S_L_CauBody
C_L_041	S_L_CauTail
C_L_041	S_L_NAcShell
C_L_041	S_L_NAcCore
C_L_041	S_R_PutVA
C_L_041	S_R_PutDA
C_L_041	S_R_PutVP
C_L_041	S_R_PutDP
C_L_041	S_R_CauVA
C_L_041	S_R_CauDA
C_L_041	S_R_CauBody
C_L_041	S_R_CauTail
C_L_041	S_R_NAcShell
C_L_041	S_R_NAcCore
C_L_041	Th_L_VAip
C_L_041	Th_L_VAia
C_L_041	Th_L_VPm
C_L_041	Th_L_VPl
C_L_041	Th_L_VAs
C_L_041	Th_L_DAm
C_L_041	Th_L_DAl
C_L_041	Th_L_DP
C_L_041	A_L_Lat
C_L_041	A_L_Med
C_L_041	H_L_HeadM1
C_L_041	H_L_HeadM2
C_L_041	H_L_HeadL
C_L_041	H_L_Body
C_L_041	H_L_Tail
C_L_041	Th_R_VAip
C_L_041	Th_R_VAia
C_L_041	Th_R_VPm
C_L_041	Th_R_VPl
C_L_041	Th_R_VAs
C_L_041	Th_R_DAm
C_L_041	Th_R_DAl
C_L_041	Th_R_DP
C_L_041	A_R_Lat
C_L_041	A_R_Med
C_L_041	H_R_HeadM1
C_L_041	H_R_HeadM2
C_L_041	H_R_HeadL
C_L_041	H_R_Body
C_L_041	H_R_Tail
C_L_041	STN_L
C_L_041	STN_R
C_L_042	C_L_001
C_L_042	C_L_002
C_L_042	C_L_003
C_L_042	C_L_004
C_L_042	C_L_005
C_L_042	C_L_006
C_L_042	C_L_007
C_L_042	C_L_008
C_L_042	C_L_009
C_L_042	C_L_010
C_L_042	C_L_011
C_L_042	C_L_012
C_L_042	C_L_013
C_L_042	C_L_014
C_L_042	C_L_015
C_L_042	C_L_016
C_L_042	C_L_017
C_L_042	C_L_018
C_L_042	C_L_019
C_L_042	C_L_020
C_L_042	C_L_021
C_L_042	C_L_022
C_L_042	C_L_023
C_L_042	C_L_024
C_L_042	C_L_025
C_L_042	C_L_026
C_L_042	C_L_027
C_L_042	C_L_028
C_L_042	C_L_029
C_L_042	C_L_030
C_L_042	C_L_031
C_L_042	C_L_032
C_L_042	C_L_033
C_L_042	C_L_034
C_L_042	C_L_035
C_L_042	C_L_036
C_L_042	C_L_037
C_L_042	C_L_038
C_L_042	C_L_039
C_L_042	C_L_040
C_L_042	C_L_041
C_L_042	C_L_043
C_L_042	C_L_044
C_L_042	C_L_045
C_L_042	C_L_046
C_L_042	C_L_047
C_L_042	C_L_048
C_L_042	C_L_049
C_L_042	C_L_050
C_L_042	C_R_001
C_L_042	C_R_002
C_L_042	C_R_003
C_L_042	C_R_004
C_L_042	C_R_005
C_L_042	C_R_006
C_L_042	C_R_007
C_L_042	C_R_008
C_L_042	C_R_009
C_L_042	C_R_010
C_L_042	C_R_011
C_L_042	C_R_012
C_L_042	C_R_013
C_L_042	C_R_014
C_L_042	C_R_015
C_L_042	C_R_016
C_L_042	C_R_017
C_L_042	C_R_018
C_L_042	C_R_019
C_L_042	C_R_020
C_L_042	C_R_021
C_L_042	C_R_022
C_L_042	C_R_023
C_L_042	C_R_024
C_L_042	C_R_025
C_L_042	C_R_026
C_L_042	C_R_027
C_L_042	C_R_028
C_L_042	C_R_029
C_L_042	C_R_030
C_L_042	C_R_031
C_L_042	C_R_032
C_L_042	C_R_033
C_L_042	C_R_034
C_L_042	C_R_035
C_L_042	C_R_036
C_L_042	C_R_037
C_L_042	C_R_038
C_L_042	C_R_039
C_L_042	C_R_040
C_L_042	C_R_041
C_L_042	C_R_042
C_L_042	C_R_043
C_L_042	C_R_044
C_L_042	C_R_045
C_L_042	C_R_046
C_L_042	C_R_047
C_L_042	C_R_048
C_L_042	C_R_049
C_L_042	C_R_050
C_L_042	S_L_PutVA
C_L_042	S_L_PutDA
C_L_042	S_L_PutVP
C_L_042	S_L_PutDP
C_L_042	S_L_CauVA
C_L_042	S_L_CauDA
C_L_042	S_L_CauBody
C_L_042	S_L_CauTail
C_L_042	S_L_NAcShell
C_L_042	S_L_NAcCore
C_L_042	S_R_PutVA
C_L_042	S_R_PutDA
C_L_042	S_R_PutVP
C_L_042	S_R_PutDP
C_L_042	S_R_CauVA
C_L_042	S_R_CauDA
C_L_042	S_R_CauBody
C_L_042	S_R_CauTail
C_L_042	S_R_NAcShell
C_L_042	S_R_NAcCore
C_L_042	Th_L_VAip
C_L_042	Th_L_VAia
C_L_042	Th_L_VPm
C_L_042	Th_L_VPl
C_L_042	Th_L_VAs
C_L_042	Th_L_DAm
C_L_042	Th_L_DAl
C_L_042	Th_L_DP
C_L_042	A_L_Lat
C_L_042	A_L_Med
C_L_042	H_L_HeadM1
C_L_042	H_L_HeadM2
C_L_042	H_L_HeadL
C_L_042	H_L_Body
C_L_042	H_L_Tail
C_L_042	Th_R_VAip
C_L_042	Th_R_VAia
C_L_042	Th_R_VPm
C_L_042	Th_R_VPl
C_L_042	Th_R_VAs
C_L_042	Th_R_DAm
C_L_042	Th_R_DAl
C_L_042	Th_R_DP
C_L_042	A_R_Lat
C_L_042	A_R_Med
C_L_042	H_R_HeadM1
C_L_042	H_R_HeadM2
C_L_042	H_R_HeadL
C_L_042	H_R_Body
C_L_042	H_R_Tail
C_L_042	STN_L
C_L_042	STN_R
C_L_043	C_L_001
C_L_043	C_L_002
C_L_043	C_L_003
C_L_043	C_L_004
C_L_043	C_L_005
C_L_043	C_L_006
C_L_043	C_L_007
C_L_043	C_L_008
C_L_043	C_L_009
C_L_043	C_L_010
C_L_043	C_L_011
C_L_043	C_L_012
C_L_043	C_L_013
C_L_043	C_L_014
C_L_043	C_L_015
C_L_043	C_L_016
C_L_043	C_L_017
C_L_043	C_L_018
C_L_043	C_L_019
C_L_043	C_L_020
C_L_043	C_L_021
C_L_043	C_L_022
C_L_043	C_L_023
C_L_043	C_L_024
C_L_043	C_L_025
C_L_043	C_L_026
C_L_043	C_L_027
C_L_043	C_L_028
C_L_043	C_L_029
C_L_043	C_L_030
C_L_043	C_L_031
C_L_043	C_L_032
C_L_043	C_L_033
C_L_043	C_L_034
C_L_043	C_L_035
C_L_043	C_L_036
C_L_043	C_L_037
C_L_043	C_L_038
C_L_043	C_L_039
C_L_043	C_L_040
C_L_043	C_L_041
C_L_043	C_L_042
C_L_043	C_L_044
C_L_043	C_L_045
C_L_043	C_L_046
C_L_043	C_L_047
C_L_043	C_L_048
C_L_043	C_L_049
C_L_043	C_L_050
C_L_043	C_R_001
C_L_043	C_R_002
C_L_043	C_R_003
C_L_043	C_R_004
C_L_043	C_R_005
C_L_043	C_R_006
C_L_043	C_R_007
C_L_043	C_R_008
C_L_043	C_R_009
C_L_043	C_R_010
C_L_043	C_R_011
C_L_043	C_R_012
C_L_043	C_R_013
C_L_043	C_R_014
C_L_043	C_R_015
C_L_043	C_R_016
C_L_043	C_R_017
C_L_043	C_R_018
C_L_043	C_R_019
C_L_043	C_R_020
C_L_043	C_R_021
C_L_043	C_R_022
C_L_043	C_R_023
C_L_043	C_R_024
C_L_043	C_R_025
C_L_043	C_R_026
C_L_043	C_R_027
C_L_043	C_R_028
C_L_043	C_R_029
C_L_043	C_R_030
C_L_043	C_R_031
C_L_043	C_R_032
C_L_043	C_R_033
C_L_043	C_R_034
C_L_043	C_R_035
C_L_043	C_R_036
C_L_043	C_R_037
C_L_043	C_R_038
C_L_043	C_R_039
C_L_043	C_R_040
C_L_043	C_R_041
C_L_043	C_R_042
C_L_043	C_R_043
C_L_043	C_R_044
C_L_043	C_R_045
C_L_043	C_R_046
C_L_043	C_R_047
C_L_043	C_R_048
C_L_043	C_R_049
C_L_043	C_R_050
C_L_043	S_L_PutVA
C_L_043	S_L_PutDA
C_L_043	S_L_PutVP
C_L_043	S_L_PutDP
C_L_043	S_L_CauVA
C_L_043	S_L_CauDA
C_L_043	S_L_CauBody
C_L_043	S_L_CauTail
C_L_043	S_L_NAcShell
C_L_043	S_L_NAcCore
C_L_043	S_R_PutVA
C_L_043	S_R_PutDA
C_L_043	S_R_PutVP
C_L_043	S_R_PutDP
C_L_043	S_R_CauVA
C_L_043	S_R_CauDA
C_L_043	S_R_CauBody
C_L_043	S_R_CauTail
C_L_043	S_R_NAcShell
C_L_043	S_R_NAcCore
C_L_043	Th_L_VAip
C_L_043	Th_L_VAia
C_L_043	Th_L_VPm
C_L_043	Th_L_VPl
C_L_043	Th_L_VAs
C_L_043	Th_L_DAm
C_L_043	Th_L_DAl
C_L_043	Th_L_DP
C_L_043	A_L_Lat
C_L_043	A_L_Med
C_L_043	H_L_HeadM1
C_L_043	H_L_HeadM2
C_L_043	H_L_HeadL
C_L_043	H_L_Body
C_L_043	H_L_Tail
C_L_043	Th_R_VAip
C_L_043	Th_R_VAia
C_L_043	Th_R_VPm
C_L_043	Th_R_VPl
C_L_043	Th_R_VAs
C_L_043	Th_R_DAm
C_L_043	Th_R_DAl
C_L_043	Th_R_DP
C_L_043	A_R_Lat
C_L_043	A_R_Med
C_L_043	H_R_HeadM1
C_L_043	H_R_HeadM2
C_L_043	H_R_HeadL
C_L_043	H_R_Body
C_L_043	H_R_Tail
C_L_043	STN_L
C_L_043	STN_R
C_L_044	C_L_001
C_L_044	C_L_002
C_L_044	C_L_003
C_L_044	C_L_004
C_L_044	C_L_005
C_L_044	C_L_006
C_L_044	C_L_007
C_L_044	C_L_008
C_L_044	C_L_009
C_L_044	C_L_010
C_L_044	C_L_011
C_L_044	C_L_012
C_L_044	C_L_013
C_L_044	C_L_014
C_L_044	C_L_015
C_L_044	C_L_016
C_L_044	C_L_017
C_L_044	C_L_018
C_L_044	C_L_019
C_L_044	C_L_020
C_L_044	C_L_021
C_L_044	C_L_022
C_L_044	C_L_023
C_L_044	C_L_024
C_L_044	C_L_025
C_L_044	C_L_026
C_L_044	C_L_027
C_L_044	C_L_028
C_L_044	C_L_029
C_L_044	C_L_030
C_L_044	C_L_031
C_L_044	C_L_032
C_L_044	C_L_033
C_L_044	C_L_034
C_L_044	C_L_035
C_L_044	C_L_036
C_L_044	C_L_037
C_L_044	C_L_038
C_L_044	C_L_039
C_L_044	C_L_040
C_L_044	C_L_041
C_L_044	C_L_042
C_L_044	C_L_043
C_L_044	C_L_045
C_L_044	C_L_046
C_L_044	C_L_047
C_L_044	C_L_048
C_L_044	C_L_049
C_L_044	C_L_050
C_L_044	C_R_001
C_L_044	C_R_002
C_L_044	C_R_003
C_L_044	C_R_004
C_L_044	C_R_005
C_L_044	C_R_006
C_L_044	C_R_007
C_L_044	C_R_008
C_L_044	C_R_009
C_L_044	C_R_010
C_L_044	C_R_011
C_L_044	C_R_012
C_L_044	C_R_013
C_L_044	C_R_014
C_L_044	C_R_015
C_L_044	C_R_016
C_L_044	C_R_017
C_L_044	C_R_018
C_L_044	C_R_019
C_L_044	C_R_020
C_L_044	C_R_021
C_L_044	C_R_022
C_L_044	C_R_023
C_L_044	C_R_024
C_L_044	C_R_025
C_L_044	C_R_026
C_L_044	C_R_027
C_L_044	C_R_028
C_L_044	C_R_029
C_L_044	C_R_030
C_L_044	C_R_031
C_L_044	C_R_032
C_L_044	C_R_033
C_L_044	C_R_034
C_L_044	C_R_035
C_L_044	C_R_036
C_L_044	C_R_037
C_L_044	C_R_038
C_L_044	C_R_039
C_L_044	C_R_040
C_L_044	C_R_041
C_L_044	C_R_042
C_L_044	C_R_043
C_L_044	C_R_044
C_L_044	C_R_045
C_L_044	C_R_046
C_L_044	C_R_047
C_L_044	C_R_048
C_L_044	C_R_049
C_L_044	C_R_050
C_L_044	S_L_PutVA
C_L_044	S_L_PutDA
C_L_044	S_L_PutVP
C_L_044	S_L_PutDP
C_L_044	S_L_CauVA
C_L_044	S_L_CauDA
C_L_044	S_L_CauBody
C_L_044	S_L_CauTail
C_L_044	S_L_NAcShell
C_L_044	S_L_NAcCore
C_L_044	S_R_PutVA
C_L_044	S_R_PutDA
C_L_044	S_R_PutVP
C_L_044	S_R_PutDP
C_L_044	S_R_CauVA
C_L_044	S_R_CauDA
C_L_044	S_R_CauBody
C_L_044	S_R_CauTail
C_L_044	S_R_NAcShell
C_L_044	S_R_NAcCore
C_L_044	Th_L_VAip
C_L_044	Th_L_VAia
C_L_044	Th_L_VPm
C_L_044	Th_L_VPl
C_L_044	Th_L_VAs
C_L_044	Th_L_DAm
C_L_044	Th_L_DAl
C_L_044	Th_L_DP
C_L_044	A_L_Lat
C_L_044	A_L_Med
C_L_044	H_L_HeadM1
C_L_044	H_L_HeadM2
C_L_044	H_L_HeadL
C_L_044	H_L_Body
C_L_044	H_L_Tail
C_L_044	Th_R_VAip
C_L_044	Th_R_VAia
C_L_044	Th_R_VPm
C_L_044	Th_R_VPl
C_L_044	Th_R_VAs
C_L_044	Th_R_DAm
C_L_044	Th_R_DAl
C_L_044	Th_R_DP
C_L_044	A_R_Lat
C_L_044	A_R_Med
C_L_044	H_R_HeadM1
C_L_044	H_R_HeadM2
C_L_044	H_R_HeadL
C_L_044	H_R_Body
C_L_044	H_R_Tail
C_L_044	STN_L
C_L_044	STN_R
C_L_045	C_L_001
C_L_045	C_L_002
C_L_045	C_L_003
C_L_045	C_L_004
C_L_045	C_L_005
C_L_045	C_L_006
C_L_045	C_L_007
C_L_045	C_L_008
C_L_045	C_L_009
C_L_045	C_L_010
C_L_045	C_L_011
C_L_045	C_L_012
C_L_045	C_L_013
C_L_045	C_L_014
C_L_045	C_L_015
C_L_045	C_L_016
C_L_045	C_L_017
C_L_045	C_L_018
C_L_045	C_L_019
C_L_045	C_L_020
C_L_045	C_L_021
C_L_045	C_L_022
C_L_045	C_L_023
C_L_045	C_L_024
C_L_045	C_L_025
C_L_045	C_L_026
C_L_045	C_L_027
C_L_045	C_L_028
C_L_045	C_L_029
C_L_045	C_L_030
C_L_045	C_L_031
C_L_045	C_L_032
C_L_045	C_L_033
C_L_045	C_L_034
C_L_045	C_L_035
C_L_045	C_L_036
C_L_045	C_L_037
C_L_045	C_L_038
C_L_045	C_L_039
C_L_045	C_L_040
C_L_045	C_L_041
C_L_045	C_L_042
C_L_045	C_L_043
C_L_045	C_L_044
C_L_045	C_L_046
C_L_045	C_L_047
C_L_045	C_L_048
C_L_045	C_L_049
C_L_045	C_L_050
C_L_045	C_R_001
C_L_045	C_R_002
C_L_045	C_R_003
C_L_045	C_R_004
C_L_045	C_R_005
C_L_045	C_R_006
C_L_045	C_R_007
C_L_045	C_R_008
C_L_045	C_R_009
C_L_045	C_R_010
C_L_045	C_R_011
C_L_045	C_R_012
C_L_045	C_R_013
C_L_045	C_R_014
C_L_045	C_R_015
C_L_045	C_R_016
C_L_045	C_R_017
C_L_045	C_R_018
C_L_045	C_R_019
C_L_045	C_R_020
C_L_045	C_R_021
C_L_045	C_R_022
C_L_045	C_R_023
C_L_045	C_R_024
C_L_045	C_R_025
C_L_045	C_R_026
C_L_045	C_R_027
C_L_045	C_R_028
C_L_045	C_R_029
C_L_045	C_R_030
C_L_045	C_R_031
C_L_045	C_R_032
C_L_045	C_R_033
C_L_045	C_R_034
C_L_045	C_R_035
C_L_045	C_R_036
C_L_045	C_R_037
C_L_045	C_R_038
C_L_045	C_R_039
C_L_045	C_R_040
C_L_045	C_R_041
C_L_045	C_R_042
C_L_045	C_R_043
C_L_045	C_R_044
C_L_045	C_R_045
C_L_045	C_R_046
C_L_045	C_R_047
C_L_045	C_R_048
C_L_045	C_R_049
C_L_045	C_R_050
C_L_045	S_L_PutVA
C_L_045	S_L_PutDA
C_L_045	S_L_PutVP
C_L_045	S_L_PutDP
C_L_045	S_L_CauVA
C_L_045	S_L_CauDA
C_L_045	S_L_CauBody
C_L_045	S_L_CauTail
C_L_045	S_L_NAcShell
C_L_045	S_L_NAcCore
C_L_045	S_R_PutVA
C_L_045	S_R_PutDA
C_L_045	S_R_PutVP
C_L_045	S_R_PutDP
C_L_045	S_R_CauVA
C_L_045	S_R_CauDA
C_L_045	S_R_CauBody
C_L_045	S_R_CauTail
C_L_045	S_R_NAcShell
C_L_045	S_R_NAcCore
C_L_045	Th_L_VAip
C_L_045	Th_L_VAia
C_L_045	Th_L_VPm
C_L_045	Th_L_VPl
C_L_045	Th_L_VAs
C_L_045	Th_L_DAm
C_L_045	Th_L_DAl
C_L_045	Th_L_DP
C_L_045	A_L_Lat
C_L_045	A_L_Med
C_L_045	H_L_HeadM1
C_L_045	H_L_HeadM2
C_L_045	H_L_HeadL
C_L_045	H_L_Body
C_L_045	H_L_Tail
C_L_045	Th_R_VAip
C_L_045	Th_R_VAia
C_L_045	Th_R_VPm
C_L_045	Th_R_VPl
C_L_045	Th_R_VAs
C_L_045	Th_R_DAm
C_L_045	Th_R_DAl
C_L_045	Th_R_DP
C_L_045	A_R_Lat
C_L_045	A_R_Med
C_L_045	H_R_HeadM1
C_L_045	H_R_HeadM2
C_L_045	H_R_HeadL
C_L_045	H_R_Body
C_L_045	H_R_Tail
C_L_045	STN_L
C_L_045	STN_R
C_L_046	C_L_001
C_L_046	C_L_002
C_L_046	C_L_003
C_L_046	C_L_004
C_L_046	C_L_005
C_L_046	C_L_006
C_L_046	C_L_007
C_L_046	C_L_008
C_L_046	C_L_009
C_L_046	C_L_010
C_L_046	C_L_011
C_L_046	C_L_012
C_L_046	C_L_013
C_L_046	C_L_014
C_L_046	C_L_015
C_L_046	C_L_016
C_L_046	C_L_017
C_L_046	C_L_018
C_L_046	C_L_019
C_L_046	C_L_020
C_L_046	C_L_021
C_L_046	C_L_022
C_L_046	C_L_023
C_L_046	C_L_024
C_L_046	C_L_025
C_L_046	C_L_026
C_L_046	C_L_027
C_L_046	C_L_028
C_L_046	C_L_029
C_L_046	C_L_030
C_L_046	C_L_031
C_L_046	C_L_032
C_L_046	C_L_033
C_L_046	C_L_034
C_L_046	C_L_035
C_L_046	C_L_036
C_L_046	C_L_037
C_L_046	C_L_038
C_L_046	C_L_039
C_L_046	C_L_040
C_L_046	C_L_041
C_L_046	C_L_042
C_L_046	C_L_043
C_L_046	C_L_044
C_L_046	C_L_045
C_L_046	C_L_047
C_L_046	C_L_048
C_L_046	C_L_049
C_L_046	C_L_050
C_L_046	C_R_001
C_L_046	C_R_002
C_L_046	C_R_003
C_L_046	C_R_004
C_L_046	C_R_005
C_L_046	C_R_006
C_L_046	C_R_007
C_L_046	C_R_008
C_L_046	C_R_009
C_L_046	C_R_010
C_L_046	C_R_011
C_L_046	C_R_012
C_L_046	C_R_013
C_L_046	C_R_014
C_L_046	C_R_015
C_L_046	C_R_016
C_L_046	C_R_017
C_L_046	C_R_018
C_L_046	C_R_019
C_L_046	C_R_020
C_L_046	C_R_021
C_L_046	C_R_022
C_L_046	C_R_023
C_L_046	C_R_024
C_L_046	C_R_025
C_L_046	C_R_026
C_L_046	C_R_027
C_L_046	C_R_028
C_L_046	C_R_029
C_L_046	C_R_030
C_L_046	C_R_031
C_L_046	C_R_032
C_L_046	C_R_033
C_L_046	C_R_034
C_L_046	C_R_035
C_L_046	C_R_036
C_L_046	C_R_037
C_L_046	C_R_038
C_L_046	C_R_039
C_L_046	C_R_040
C_L_046	C_R_041
C_L_046	C_R_042
C_L_046	C_R_043
C_L_046	C_R_044
C_L_046	C_R_045
C_L_046	C_R_046
C_L_046	C_R_047
C_L_046	C_R_048
C_L_046	C_R_049
C_L_046	C_R_050
C_L_046	S_L_PutVA
C_L_046	S_L_PutDA
C_L_046	S_L_PutVP
C_L_046	S_L_PutDP
C_L_046	S_L_CauVA
C_L_046	S_L_CauDA
C_L_046	S_L_CauBody
C_L_046	S_L_CauTail
C_L_046	S_L_NAcShell
C_L_046	S_L_NAcCore
C_L_046	S_R_PutVA
C_L_046	S_R_PutDA
C_L_046	S_R_PutVP
C_L_046	S_R_PutDP
C_L_046	S_R_CauVA
C_L_046	S_R_CauDA
C_L_046	S_R_CauBody
C_L_046	S_R_CauTail
C_L_046	S_R_NAcShell
C_L_046	S_R_NAcCore
C_L_046	Th_L_VAip
C_L_046	Th_L_VAia
C_L_046	Th_L_VPm
C_L_046	Th_L_VPl
C_L_046	Th_L_VAs
C_L_046	Th_L_DAm
C_L_046	Th_L_DAl
C_L_046	Th_L_DP
C_L_046	A_L_Lat
C_L_046	A_L_Med
C_L_046	H_L_HeadM1
C_L_046	H_L_HeadM2
C_L_046	H_L_HeadL
C_L_046	H_L_Body
C_L_046	H_L_Tail
C_L_046	Th_R_VAip
C_L_046	Th_R_VAia
C_L_046	Th_R_VPm
C_L_046	Th_R_VPl
C_L_046	Th_R_VAs
C_L_046	Th_R_DAm
C_L_046	Th_R_DAl
C_L_046	Th_R_DP
C_L_046	A_R_Lat
C_L_046	A_R_Med
C_L_046	H_R_HeadM1
C_L_046	H_R_HeadM2
C_L_046	H_R_HeadL
C_L_046	H_R_Body
C_L_046	H_R_Tail
C_L_046	STN_L
C_L_046	STN_R
C_L_047	C_L_001
C_L_047	C_L_002
C_L_047	C_L_003
C_L_047	C_L_004
C_L_047	C_L_005
C_L_047	C_L_006
C_L_047	C_L_007
C_L_047	C_L_008
C_L_047	C_L_009
C_L_047	C_L_010
C_L_047	C_L_011
C_L_047	C_L_012
C_L_047	C_L_013
C_L_047	C_L_014
C_L_047	C_L_015
C_L_047	C_L_016
C_L_047	C_L_017
C_L_047	C_L_018
C_L_047	C_L_019
C_L_047	C_L_020
C_L_047	C_L_021
C_L_047	C_L_022
C_L_047	C_L_023
C_L_047	C_L_024
C_L_047	C_L_025
C_L_047	C_L_026
C_L_047	C_L_027
C_L_047	C_L_028
C_L_047	C_L_029
C_L_047	C_L_030
C_L_047	C_L_031
C_L_047	C_L_032
C_L_047	C_L_033
C_L_047	C_L_034
C_L_047	C_L_035
C_L_047	C_L_036
C_L_047	C_L_037
C_L_047	C_L_038
C_L_047	C_L_039
C_L_047	C_L_040
C_L_047	C_L_041
C_L_047	C_L_042
C_L_047	C_L_043
C_L_047	C_L_044
C_L_047	C_L_045
C_L_047	C_L_046
C_L_047	C_L_048
C_L_047	C_L_049
C_L_047	C_L_050
C_L_047	C_R_001
C_L_047	C_R_002
C_L_047	C_R_003
C_L_047	C_R_004
C_L_047	C_R_005
C_L_047	C_R_006
C_L_047	C_R_007
C_L_047	C_R_008
C_L_047	C_R_009
C_L_047	C_R_010
C_L_047	C_R_011
C_L_047	C_R_012
C_L_047	C_R_013
C_L_047	C_R_014
C_L_047	C_R_015
C_L_047	C_R_016
C_L_047	C_R_017
C_L_047	C_R_018
C_L_047	C_R_019
C_L_047	C_R_020
C_L_047	C_R_021
C_L_047	C_R_022
C_L_047	C_R_023
C_L_047	C_R_024
C_L_047	C_R_025
C_L_047	C_R_026
C_L_047	C_R_027
C_L_047	C_R_028
C_L_047	C_R_029
C_L_047	C_R_030
C_L_047	C_R_031
C_L_047	C_R_032
C_L_047	C_R_033
C_L_047	C_R_034
C_L_047	C_R_035
C_L_047	C_R_036
C_L_047	C_R_037
C_L_047	C_R_038
C_L_047	C_R_039
C_L_047	C_R_040
C_L_047	C_R_041
C_L_047	C_R_042
C_L_047	C_R_043
C_L_047	C_R_044
C_L_047	C_R_045
C_L_047	C_R_046
C_L_047	C_R_047
C_L_047	C_R_048
C_L_047	C_R_049
C_L_047	C_R_050
C_L_047	S_L_PutVA
C_L_047	S_L_PutDA
C_L_047	S_L_PutVP
C_L_047	S_L_PutDP
C_L_047	S_L_CauVA
C_L_047	S_L_CauDA
C_L_047	S_L_CauBody
C_L_047	S_L_CauTail
C_L_047	S_L_NAcShell
C_L_047	S_L_NAcCore
C_L_047	S_R_PutVA
C_L_047	S_R_PutDA
C_L_047	S_R_PutVP
C_L_047	S_R_PutDP
C_L_047	S_R_CauVA
C_L_047	S_R_CauDA
C_L_047	S_R_CauBody
C_L_047	S_R_CauTail
C_L_047	S_R_NAcShell
C_L_047	S_R_NAcCore
C_L_047	Th_L_VAip
C_L_047	Th_L_VAia
C_L_047	Th_L_VPm
C_L_047	Th_L_VPl
C_L_047	Th_L_VAs
C_L_047	Th_L_DAm
C_L_047	Th_L_DAl
C_L_047	Th_L_DP
C_L_047	A_L_Lat
C_L_047	A_L_Med
C_L_047	H_L_HeadM1
C_L_047	H_L_HeadM2
C_L_047	H_L_HeadL
C_L_047	H_L_Body
C_L_047	H_L_Tail
C_L_047	Th_R_VAip
C_L_047	Th_R_VAia
C_L_047	Th_R_VPm
C_L_047	Th_R_VPl
C_L_047	Th_R_VAs
C_L_047	Th_R_DAm
C_L_047	Th_R_DAl
C_L_047	Th_R_DP
C_L_047	A_R_Lat
C_L_047	A_R_Med
C_L_047	H_R_HeadM1
C_L_047	H_R_HeadM2
C_L_047	H_R_HeadL
C_L_047	H_R_Body
C_L_047	H_R_Tail
C_L_047	STN_L
C_L_047	STN_R
C_L_048	C_L_001
C_L_048	C_L_002
C_L_048	C_L_003
C_L_048	C_L_004
C_L_048	C_L_005
C_L_048	C_L_006
C_L_048	C_L_007
C_L_048	C_L_008
C_L_048	C_L_009
C_L_048	C_L_010
C_L_048	C_L_011
C_L_048	C_L_012
C_L_048	C_L_013
C_L_048	C_L_014
C_L_048	C_L_015
C_L_048	C_L_016
C_L_048	C_L_017
C_L_048	C_L_018
C_L_048	C_L_019
C_L_048	C_L_020
C_L_048	C_L_021
C_L_048	C_L_022
C_L_048	C_L_023
C_L_048	C_L_024
C_L_048	C_L_025
C_L_048	C_L_026
C_L_048	C_L_027
C_L_048	C_L_028
C_L_048	C_L_029
C_L_048	C_L_030
C_L_048	C_L_031
C_L_048	C_L_032
C_L_048	C_L_033
C_L_048	C_L_034
C_L_048	C_L_035
C_L_048	C_L_036
C_L_048	C_L_037
C_L_048	C_L_038
C_L_048	C_L_039
C_L_048	C_L_040
C_L_048	C_L_041
C_L_048	C_L_042
C_L_048	C_L_043
C_L_048	C_L_044
C_L_048	C_L_045
C_L_048	C_L_046
C_L_048	C_L_047
C_L_048	C_L_049
C_L_048	C_L_050
C_L_048	C_R_001
C_L_048	C_R_002
C_L_048	C_R_003
C_L_048	C_R_004
C_L_048	C_R_005
C_L_048	C_R_006
C_L_048	C_R_007
C_L_048	C_R_008
C_L_048	C_R_009
C_L_048	C_R_010
C_L_048	C_R_011
C_L_048	C_R_012
C_L_048	C_R_013
C_L_048	C_R_014
C_L_048	C_R_015
C_L_048	C_R_016
C_L_048	C_R_017
C_L_048	C_R_018
C_L_048	C_R_019
C_L_048	C_R_020
C_L_048	C_R_021
C_L_048	C_R_022
C_L_048	C_R_023
C_L_048	C_R_024
C_L_048	C_R_025
C_L_048	C_R_026
C_L_048	C_R_027
C_L_048	C_R_028
C_L_048	C_R_029
C_L_048	C_R_030
C_L_048	C_R_031
C_L_048	C_R_032
C_L_048	C_R_033
C_L_048	C_R_034
C_L_048	C_R_035
C_L_048	C_R_036
C_L_048	C_R_037
C_L_048	C_R_038
C_L_048	C_R_039
C_L_048	C_R_040
C_L_048	C_R_041
C_L_048	C_R_042
C_L_048	C_R_043
C_L_048	C_R_044
C_L_048	C_R_045
C_L_048	C_R_046
C_L_048	C_R_047
C_L_048	C_R_048
C_L_048	C_R_049
C_L_048	C_R_050
C_L_048	S_L_PutVA
C_L_048	S_L_PutDA
C_L_048	S_L_PutVP
C_L_048	S_L_PutDP
C_L_048	S_L_CauVA
C_L_048	S_L_CauDA
C_L_048	S_L_CauBody
C_L_048	S_L_CauTail
C_L_048	S_L_NAcShell
C_L_048	S_L_NAcCore
C_L_048	S_R_PutVA
C_L_048	S_R_PutDA
C_L_048	S_R_PutVP
C_L_048	S_R_PutDP
C_L_048	S_R_CauVA
C_L_048	S_R_CauDA
C_L_048	S_R_CauBody
C_L_048	S_R_CauTail
C_L_048	S_R_NAcShell
C_L_048	S_R_NAcCore
C_L_048	Th_L_VAip
C_L_048	Th_L_VAia
C_L_048	Th_L_VPm
C_L_048	Th_L_VPl
C_L_048	Th_L_VAs
C_L_048	Th_L_DAm
C_L_048	Th_L_DAl
C_L_048	Th_L_DP
C_L_048	A_L_Lat
C_L_048	A_L_Med
C_L_048	H_L_HeadM1
C_L_048	H_L_HeadM2
C_L_048	H_L_HeadL
C_L_048	H_L_Body
C_L_048	H_L_Tail
C_L_048	Th_R_VAip
C_L_048	Th_R_VAia
C_L_048	Th_R_VPm
C_L_048	Th_R_VPl
C_L_048	Th_R_VAs
C_L_048	Th_R_DAm
C_L_048	Th_R_DAl
C_L_048	Th_R_DP
C_L_048	A_R_Lat
C_L_048	A_R_Med
C_L_048	H_R_HeadM1
C_L_048	H_R_HeadM2
C_L_048	H_R_HeadL
C_L_048	H_R_Body
C_L_048	H_R_Tail
C_L_048	STN_L
C_L_048	STN_R
C_L_049	C_L_001
C_L_049	C_L_002
C_L_049	C_L_003
C_L_049	C_L_004
C_L_049	C_L_005
C_L_049	C_L_006
C_L_049	C_L_007
C_L_049	C_L_008
C_L_049	C_L_009
C_L_049	C_L_010
C_L_049	C_L_011
C_L_049	C_L_012
C_L_049	C_L_013
C_L_049	C_L_014
C_L_049	C_L_015
C_L_049	C_L_016
C_L_049	C_L_017
C_L_049	C_L_018
C_L_049	C_L_019
C_L_049	C_L_020
C_L_049	C_L_021
C_L_049	C_L_022
C_L_049	C_L_023
C_L_049	C_L_024
C_L_049	C_L_025
C_L_049	C_L_026
C_L_049	C_L_027
C_L_049	C_L_028
C_L_049	C_L_029
C_L_049	C_L_030
C_L_049	C_L_031
C_L_049	C_L_032
C_L_049	C_L_033
C_L_049	C_L_034
C_L_049	C_L_035
C_L_049	C_L_036
C_L_049	C_L_037
C_L_049	C_L_038
C_L_049	C_L_039
C_L_049	C_L_040
C_L_049	C_L_041
C_L_049	C_L_042
C_L_049	C_L_043
C_L_049	C_L_044
C_L_049	C_L_045
C_L_049	C_L_046
C_L_049	C_L_047
C_L_049	C_L_048
C_L_049	C_L_050
C_L_049	C_R_001
C_L_049	C_R_002
C_L_049	C_R_003
C_L_049	C_R_004
C_L_049	C_R_005
C_L_049	C_R_006
C_L_049	C_R_007
C_L_049	C_R_008
C_L_049	C_R_009
C_L_049	C_R_010
C_L_049	C_R_011
C_L_049	C_R_012
C_L_049	C_R_013
C_L_049	C_R_014
C_L_049	C_R_015
C_L_049	C_R_016
C_L_049	C_R_017
C_L_049	C_R_018
C_L_049	C_R_019
C_L_049	C_R_020
C_L_049	C_R_021
C_L_049	C_R_022
C_L_049	C_R_023
C_L_049	C_R_024
C_L_049	C_R_025
C_L_049	C_R_026
C_L_049	C_R_027
C_L_049	C_R_028
C_L_049	C_R_029
C_L_049	C_R_030
C_L_049	C_R_031
C_L_049	C_R_032
C_L_049	C_R_033
C_L_049	C_R_034
C_L_049	C_R_035
C_L_049	C_R_036
C_L_049	C_R_037
C_L_049	C_R_038
C_L_049	C_R_039
C_L_049	C_R_040
C_L_049	C_R_041
C_L_049	C_R_042
C_L_049	C_R_043
C_L_049	C_R_044
C_L_049	C_R_045
C_L_049	C_R_046
C_L_049	C_R_047
C_L_049	C_R_048
C_L_049	C_R_049
C_L_049	C_R_050
C_L_049	S_L_PutVA
C_L_049	S_L_PutDA
C_L_049	S_L_PutVP
C_L_049	S_L_PutDP
C_L_049	S_L_CauVA
C_L_049	S_L_CauDA
C_L_049	S_L_CauBody
C_L_049	S_L_CauTail
C_L_049	S_L_NAcShell
C_L_049	S_L_NAcCore
C_L_049	S_R_PutVA
C_L_049	S_R_PutDA
C_L_049	S_R_PutVP
C_L_049	S_R_PutDP
C_L_049	S_R_CauVA
C_L_049	S_R_CauDA
C_L_049	S_R_CauBody
C_L_049	S_R_CauTail
C_L_049	S_R_NAcShell
C_L_049	S_R_NAcCore
C_L_049	Th_L_VAip
C_L_049	Th_L_VAia
C_L_049	Th_L_VPm
C_L_049	Th_L_VPl
C_L_049	Th_L_VAs
C_L_049	Th_L_DAm
C_L_049	Th_L_DAl
C_L_049	Th_L_DP
C_L_049	A_L_Lat
C_L_049	A_L_Med
C_L_049	H_L_HeadM1
C_L_049	H_L_HeadM2
C_L_049	H_L_HeadL
C_L_049	H_L_Body
C_L_049	H_L_Tail
C_L_049	Th_R_VAip
C_L_049	Th_R_VAia
C_L_049	Th_R_VPm
C_L_049	Th_R_VPl
C_L_049	Th_R_VAs
C_L_049	Th_R_DAm
C_L_049	Th_R_DAl
C_L_049	Th_R_DP
C_L_049	A_R_Lat
C_L_049	A_R_Med
C_L_049	H_R_HeadM1
C_L_049	H_R_HeadM2
C_L_049	H_R_HeadL
C_L_049	H_R_Body
C_L_049	H_R_Tail
C_L_049	STN_L
C_L_049	STN_R
C_L_050	C_L_001
C_L_050	C_L_002
C_L_050	C_L_003
C_L_050	C_L_004
C_L_050	C_L_005
C_L_050	C_L_006
C_L_050	C_L_007
C_L_050	C_L_008
C_L_050	C_L_009
C_L_050	C_L_010
C_L_050	C_L_011
C_L_050	C_L_012
C_L_050	C_L_013
C_L_050	C_L_014
C_L_050	C_L_015
C_L_050	C_L_016
C_L_050	C_L_017
C_L_050	C_L_018
C_L_050	C_L_019
C_L_050	C_L_020
C_L_050	C_L_021
C_L_050	C_L_022
C_L_050	C_L_023
C_L_050	C_L_024
C_L_050	C_L_025
C_L_050	C_L_026
C_L_050	C_L_027
C_L_050	C_L_028
C_L_050	C_L_029
C_L_050	C_L_030
C_L_050	C_L_031
C_L_050	C_L_032
C_L_050	C_L_033
C_L_050	C_L_034
C_L_050	C_L_035
C_L_050	C_L_036
C_L_050	C_L_037
C_L_050	C_L_038
C_L_050	C_L_039
C_L_050	C_L_040
C_L_050	C_L_041
C_L_050	C_L_042
C_L_050	C_L_043
C_L_050	C_L_044
C_L_050	C_L_045
C_L_050	C_L_046
C_L_050	C_L_047
C_L_050	C_L_048
C_L_050	C_L_049
C_L_050	C_R_001
C_L_050	C_R_002
C_L_050	C_R_003
C_L_050	C_R_004
C_L_050	C_R_005
C_L_050	C_R_006
C_L_050	C_R_007
C_L_050	C_R_008
C_L_050	C_R_009
C_L_050	C_R_010
C_L_050	C_R_011
C_L_050	C_R_012
C_L_050	C_R_013
C_L_050	C_R_014
C_L_050	C_R_015
C_L_050	C_R_016
C_L_050	C_R_017
C_L_050	C_R_018
C_L_050	C_R_019
C_L_050	C_R_020
C_L_050	C_R_021
C_L_050	C_R_022
C_L_050	C_R_023
C_L_050	C_R_024
C_L_050	C_R_025
C_L_050	C_R_026
C_L_050	C_R_027
C_L_050	C_R_028
C_L_050	C_R_029
C_L_050	C_R_030
C_L_050	C_R_031
C_L_050	C_R_032
C_L_050	C_R_033
C_L_050	C_R_034
C_L_050	C_R_035
C_L_050	C_R_036
C_L_050	C_R_037
C_L_050	C_R_038
C_L_050	C_R_039
C_L_050	C_R_040
C_L_050	C_R_041
C_L_050	C_R_042
C_L_050	C_R_043
C_L_050	C_R_044
C_L_050	C_R_045
C_L_050	C_R_046
C_L_050	C_R_047
C_L_050	C_R_048
C_L_050	C_R_049
C_L_050	C_R_050
C_L_050	S_L_PutVA
C_L_050	S_L_PutDA
C_L_050	S_L_PutVP
C_L_050	S_L_PutDP
C_L_050	S_L_CauVA
C_L_050	S_L_CauDA
C_L_050	S_L_CauBody
C_L_050	S_L_CauTail
C_L_050	S_L_NAcShell
C_L_050	S_L_NAcCore
C_L_050	S_R_PutVA
C_L_050	S_R_PutDA
C_L_050	S_R_PutVP
C_L_050	S_R_PutDP
C_L_050	S_R_CauVA
C_L_050	S_R_CauDA
C_L_050	S_R_CauBody
C_L_050	S_R_CauTail
C_L_050	S_R_NAcShell
C_L_050	S_R_NAcCore
C_L_050	Th_L_VAip
C_L_050	Th_L_VAia
C_L_050	Th_L_VPm
C_L_050	Th_L_VPl
C_L_050	Th_L_VAs
C_L_050	Th_L_DAm
C_L_050	Th_L_DAl
C_L_050	Th_L_DP
C_L_050	A_L_Lat
C_L_050	A_L_Med
C_L_050	H_L_HeadM1
C_L_050	H_L_HeadM2
C_L_050	H_L_HeadL
C_L_050	H_L_Body
C_L_050	H_L_Tail
C_L_050	Th_R_VAip
C_L_050	Th_R_VAia
C_L_050	Th_R_VPm
C_L_050	Th_R_VPl
C_L_050	Th_R_VAs
C_L_050	Th_R_DAm
C_L_050	Th_R_DAl
C_L_050	Th_R_DP
C_L_050	A_R_Lat
C_L_050	A_R_Med
C_L_050	H_R_HeadM1
C_L_050	H_R_HeadM2
C_L_050	H_R_HeadL
C_L_050	H_R_Body
C_L_050	H_R_Tail
C_L_050	STN_L
C_L_050	STN_R
C_R_001	C_L_001
C_R_001	C_L_002
C_R_001	C_L_003
C_R_001	C_L_004
C_R_001	C_L_005
C_R_001	C_L_006
C_R_001	C_L_007
C_R_001	C_L_008
C_R_001	C_L_009
C_R_001	C_L_010
C_R_001	C_L_011
C_R_001	C_L_012
C_R_001	C_L_013
C_R_001	C_L_014
C_R_001	C_L_015
C_R_001	C_L_016
C_R_001	C_L_017
C_R_001	C_L_018
C_R_001	C_L_019
C_R_001	C_L_020
C_R_001	C_L_021
C_R_001	C_L_022
C_R_001	C_L_023
C_R_001	C_L_024
C_R_001	C_L_025
C_R_001	C_L_026
C_R_001	C_L_027
C_R_001	C_L_028
C_R_001	C_L_029
C_R_001	C_L_030
C_R_001	C_L_031
C_R_001	C_L_032
C_R_001	C_L_033
C_R_001	C_L_034
C_R_001	C_L_035
C_R_001	C_L_036
C_R_001	C_L_037
C_R_001	C_L_038
C_R_001	C_L_039
C_R_001	C_L_040
C_R_001	C_L_041
C_R_001	C_L_042
C_R_001	C_L_043
C_R_001	C_L_044
C_R_001	C_L_045
C_R_001	C_L_046
C_R_001	C_L_047
C_R_001	C_L_048
C_R_001	C_L_049
C_R_001	C_L_050
C_R_001	C_R_002
C_R_001	C_R_003
C_R_001	C_R_004
C_R_001	C_R_005
C_R_001	C_R_006
C_R_001	C_R_007
C_R_001	C_R_008
C_R_001	C_R_009
C_R_001	C_R_010
C_R_001	C_R_011
C_R_001	C_R_012
C_R_001	C_R_013
C_R_001	C_R_014
C_R_001	C_R_015
C_R_001	C_R_016
C_R_001	C_R_017
C_R_001	C_R_018
C_R_001	C_R_019
C_R_001	C_R_020
C_R_001	C_R_021
C_R_001	C_R_022
C_R_001	C_R_023
C_R_001	C_R_024
C_R_001	C_R_025
C_R_001	C_R_026
C_R_001	C_R_027
C_R_001	C_R_028
C_R_001	C_R_029
C_R_001	C_R_030
C_R_001	C_R_031
C_R_001	C_R_032
C_R_001	C_R_033
C_R_001	C_R_034
C_R_001	C_R_035
C_R_001	C_R_036
C_R_001	C_R_037
C_R_001	C_R_038
C_R_001	C_R_039
C_R_001	C_R_040
C_R_001	C_R_041
C_R_001	C_R_042
C_R_001	C_R_043
C_R_001	C_R_044
C_R_001	C_R_045
C_R_001	C_R_046
C_R_001	C_R_047
C_R_001	C_R_048
C_R_001	C_R_049
C_R_001	C_R_050
C_R_001	S_L_PutVA
C_R_001	S_L_PutDA
C_R_001	S_L_PutVP
C_R_001	S_L_PutDP
C_R_001	S_L_CauVA
C_R_001	S_L_CauDA
C_R_001	S_L_CauBody
C_R_001	S_L_CauTail
C_R_001	S_L_NAcShell
C_R_001	S_L_NAcCore
C_R_001	S_R_PutVA
C_R_001	S_R_PutDA
C_R_001	S_R_PutVP
C_R_001	S_R_PutDP
C_R_001	S_R_CauVA
C_R_001	S_R_CauDA
C_R_001	S_R_CauBody
C_R_001	S_R_CauTail
C_R_001	S_R_NAcShell
C_R_001	S_R_NAcCore
C_R_001	Th_L_VAip
C_R_001	Th_L_VAia
C_R_001	Th_L_VPm
C_R_001	Th_L_VPl
C_R_001	Th_L_VAs
C_R_001	Th_L_DAm
C_R_001	Th_L_DAl
C_R_001	Th_L_DP
C_R_001	A_L_Lat
C_R_001	A_L_Med
C_R_001	H_L_HeadM1
C_R_001	H_L_HeadM2
C_R_001	H_L_HeadL
C_R_001	H_L_Body
C_R_001	H_L_Tail
C_R_001	Th_R_VAip
C_R_001	Th_R_VAia
C_R_001	Th_R_VPm
C_R_001	Th_R_VPl
C_R_001	Th_R_VAs
C_R_001	Th_R_DAm
C_R_001	Th_R_DAl
C_R_001	Th_R_DP
C_R_001	A_R_Lat
C_R_001	A_R_Med
C_R_001	H_R_HeadM1
C_R_001	H_R_HeadM2
C_R_001	H_R_HeadL
C_R_001	H_R_Body
C_R_001	H_R_Tail
C_R_001	STN_L
C_R_001	STN_R
C_R_002	C_L_001
C_R_002	C_L_002
C_R_002	C_L_003
C_R_002	C_L_004
C_R_002	C_L_005
C_R_002	C_L_006
C_R_002	C_L_007
C_R_002	C_L_008
C_R_002	C_L_009
C_R_002	C_L_010
C_R_002	C_L_011
C_R_002	C_L_012
C_R_002	C_L_013
C_R_002	C_L_014
C_R_002	C_L_015
C_R_002	C_L_016
C_R_002	C_L_017
C_R_002	C_L_018
C_R_002	C_L_019
C_R_002	C_L_020
C_R_002	C_L_021
C_R_002	C_L_022
C_R_002	C_L_023
C_R_002	C_L_024
C_R_002	C_L_025
C_R_002	C_L_026
C_R_002	C_L_027
C_R_002	C_L_028
C_R_002	C_L_029
C_R_002	C_L_030
C_R_002	C_L_031
C_R_002	C_L_032
C_R_002	C_L_033
C_R_002	C_L_034
C_R_002	C_L_035
C_R_002	C_L_036
C_R_002	C_L_037
C_R_002	C_L_038
C_R_002	C_L_039
C_R_002	C_L_040
C_R_002	C_L_041
C_R_002	C_L_042
C_R_002	C_L_043
C_R_002	C_L_044
C_R_002	C_L_045
C_R_002	C_L_046
C_R_002	C_L_047
C_R_002	C_L_048
C_R_002	C_L_049
C_R_002	C_L_050
C_R_002	C_R_001
C_R_002	C_R_003
C_R_002	C_R_004
C_R_002	C_R_005
C_R_002	C_R_006
C_R_002	C_R_007
C_R_002	C_R_008
C_R_002	C_R_009
C_R_002	C_R_010
C_R_002	C_R_011
C_R_002	C_R_012
C_R_002	C_R_013
C_R_002	C_R_014
C_R_002	C_R_015
C_R_002	C_R_016
C_R_002	C_R_017
C_R_002	C_R_018
C_R_002	C_R_019
C_R_002	C_R_020
C_R_002	C_R_021
C_R_002	C_R_022
C_R_002	C_R_023
C_R_002	C_R_024
C_R_002	C_R_025
C_R_002	C_R_026
C_R_002	C_R_027
C_R_002	C_R_028
C_R_002	C_R_029
C_R_002	C_R_030
C_R_002	C_R_031
C_R_002	C_R_032
C_R_002	C_R_033
C_R_002	C_R_034
C_R_002	C_R_035
C_R_002	C_R_036
C_R_002	C_R_037
C_R_002	C_R_038
C_R_002	C_R_039
C_R_002	C_R_040
C_R_002	C_R_041
C_R_002	C_R_042
C_R_002	C_R_043
C_R_002	C_R_044
C_R_002	C_R_045
C_R_002	C_R_046
C_R_002	C_R_047
C_R_002	C_R_048
C_R_002	C_R_049
C_R_002	C_R_050
C_R_002	S_L_PutVA
C_R_002	S_L_PutDA
C_R_002	S_L_PutVP
C_R_002	S_L_PutDP
C_R_002	S_L_CauVA
C_R_002	S_L_CauDA
C_R_002	S_L_CauBody
C_R_002	S_L_CauTail
C_R_002	S_L_NAcShell
C_R_002	S_L_NAcCore
C_R_002	S_R_PutVA
C_R_002	S_R_PutDA
C_R_002	S_R_PutVP
C_R_002	S_R_PutDP
C_R_002	S_R_CauVA
C_R_002	S_R_CauDA
C_R_002	S_R_CauBody
C_R_002	S_R_CauTail
C_R_002	S_R_NAcShell
C_R_002	S_R_NAcCore
C_R_002	Th_L_VAip
C_R_002	Th_L_VAia
C_R_002	Th_L_VPm
C_R_002	Th_L_VPl
C_R_002	Th_L_VAs
C_R_002	Th_L_DAm
C_R_002	Th_L_DAl
C_R_002	Th_L_DP
C_R_002	A_L_Lat
C_R_002	A_L_Med
C_R_002	H_L_HeadM1
C_R_002	H_L_HeadM2
C_R_002	H_L_HeadL
C_R_002	H_L_Body
C_R_002	H_L_Tail
C_R_002	Th_R_VAip
C_R_002	Th_R_VAia
C_R_002	Th_R_VPm
C_R_002	Th_R_VPl
C_R_002	Th_R_VAs
C_R_002	Th_R_DAm
C_R_002	Th_R_DAl
C_R_002	Th_R_DP
C_R_002	A_R_Lat
C_R_002	A_R_Med
C_R_002	H_R_HeadM1
C_R_002	H_R_HeadM2
C_R_002	H_R_HeadL
C_R_002	H_R_Body
C_R_002	H_R_Tail
C_R_002	STN_L
C_R_002	STN_R
C_R_003	C_L_001
C_R_003	C_L_002
C_R_003	C_L_003
C_R_003	C_L_004
C_R_003	C_L_005
C_R_003	C_L_006
C_R_003	C_L_007
C_R_003	C_L_008
C_R_003	C_L_009
C_R_003	C_L_010
C_R_003	C_L_011
C_R_003	C_L_012
C_R_003	C_L_013
C_R_003	C_L_014
C_R_003	C_L_015
C_R_003	C_L_016
C_R_003	C_L_017
C_R_003	C_L_018
C_R_003	C_L_019
C_R_003	C_L_020
C_R_003	C_L_021
C_R_003	C_L_022
C_R_003	C_L_023
C_R_003	C_L_024
C_R_003	C_L_025
C_R_003	C_L_026
C_R_003	C_L_027
C_R_003	C_L_028
C_R_003	C_L_029
C_R_003	C_L_030
C_R_003	C_L_031
C_R_003	C_L_032
C_R_003	C_L_033
C_R_003	C_L_034
C_R_003	C_L_035
C_R_003	C_L_036
C_R_003	C_L_037
C_R_003	C_L_038
C_R_003	C_L_039
C_R_003	C_L_040
C_R_003	C_L_041
C_R_003	C_L_042
C_R_003	C_L_043
C_R_003	C_L_044
C_R_003	C_L_045
C_R_003	C_L_046
C_R_003	C_L_047
C_R_003	C_L_048
C_R_003	C_L_049
C_R_003	C_L_050
C_R_003	C_R_001
C_R_003	C_R_002
C_R_003	C_R_004
C_R_003	C_R_005
C_R_003	C_R_006
C_R_003	C_R_007
C_R_003	C_R_008
C_R_003	C_R_009
C_R_003	C_R_010
C_R_003	C_R_011
C_R_003	C_R_012
C_R_003	C_R_013
C_R_003	C_R_014
C_R_003	C_R_015
C_R_003	C_R_016
C_R_003	C_R_017
C_R_003	C_R_018
C_R_003	C_R_019
C_R_003	C_R_020
C_R_003	C_R_021
C_R_003	C_R_022
C_R_003	C_R_023
C_R_003	C_R_024
C_R_003	C_R_025
C_R_003	C_R_026
C_R_003	C_R_027
C_R_003	C_R_028
C_R_003	C_R_029
C_R_003	C_R_030
C_R_003	C_R_031
C_R_003	C_R_032
C_R_003	C_R_033
C_R_003	C_R_034
C_R_003	C_R_035
C_R_003	C_R_036
C_R_003	C_R_037
C_R_003	C_R_038
C_R_003	C_R_039
C_R_003	C_R_040
C_R_003	C_R_041
C_R_003	C_R_042
C_R_003	C_R_043
C_R_003	C_R_044
C_R_003	C_R_045
C_R_003	C_R_046
C_R_003	C_R_047
C_R_003	C_R_048
C_R_003	C_R_049
C_R_003	C_R_050
C_R_003	S_L_PutVA
C_R_003	S_L_PutDA
C_R_003	S_L_PutVP
C_R_003	S_L_PutDP
C_R_003	S_L_CauVA
C_R_003	S_L_CauDA
C_R_003	S_L_CauBody
C_R_003	S_L_CauTail
C_R_003	S_L_NAcShell
C_R_003	S_L_NAcCore
C_R_003	S_R_PutVA
C_R_003	S_R_PutDA
C_R_003	S_R_PutVP
C_R_003	S_R_PutDP
C_R_003	S_R_CauVA
C_R_003	S_R_CauDA
C_R_003	S_R_CauBody
C_R_003	S_R_CauTail
C_R_003	S_R_NAcShell
C_R_003	S_R_NAcCore
C_R_003	Th_L_VAip
C_R_003	Th_L_VAia
C_R_003	Th_L_VPm
C_R_003	Th_L_VPl
C_R_003	Th_L_VAs
C_R_003	Th_L_DAm
C_R_003	Th_L_DAl
C_R_003	Th_L_DP
C_R_003	A_L_Lat
C_R_003	A_L_Med
C_R_003	H_L_HeadM1
C_R_003	H_L_HeadM2
C_R_003	H_L_HeadL
C_R_003	H_L_Body
C_R_003	H_L_Tail
C_R_003	Th_R_VAip
C_R_003	Th_R_VAia
C_R_003	Th_R_VPm
C_R_003	Th_R_VPl
C_R_003	Th_R_VAs
C_R_003	Th_R_DAm
C_R_003	Th_R_DAl
C_R_003	Th_R_DP
C_R_003	A_R_Lat
C_R_003	A_R_Med
C_R_003	H_R_HeadM1
C_R_003	H_R_HeadM2
C_R_003	H_R_HeadL
C_R_003	H_R_Body
C_R_003	H_R_Tail
C_R_003	STN_L
C_R_003	STN_R
C_R_004	C_L_001
C_R_004	C_L_002
C_R_004	C_L_003
C_R_004	C_L_004
C_R_004	C_L_005
C_R_004	C_L_006
C_R_004	C_L_007
C_R_004	C_L_008
C_R_004	C_L_009
C_R_004	C_L_010
C_R_004	C_L_011
C_R_004	C_L_012
C_R_004	C_L_013
C_R_004	C_L_014
C_R_004	C_L_015
C_R_004	C_L_016
C_R_004	C_L_017
C_R_004	C_L_018
C_R_004	C_L_019
C_R_004	C_L_020
C_R_004	C_L_021
C_R_004	C_L_022
C_R_004	C_L_023
C_R_004	C_L_024
C_R_004	C_L_025
C_R_004	C_L_026
C_R_004	C_L_027
C_R_004	C_L_028
C_R_004	C_L_029
C_R_004	C_L_030
C_R_004	C_L_031
C_R_004	C_L_032
C_R_004	C_L_033
C_R_004	C_L_034
C_R_004	C_L_035
C_R_004	C_L_036
C_R_004	C_L_037
C_R_004	C_L_038
C_R_004	C_L_039
C_R_004	C_L_040
C_R_004	C_L_041
C_R_004	C_L_042
C_R_004	C_L_043
C_R_004	C_L_044
C_R_004	C_L_045
C_R_004	C_L_046
C_R_004	C_L_047
C_R_004	C_L_048
C_R_004	C_L_049
C_R_004	C_L_050
C_R_004	C_R_001
C_R_004	C_R_002
C_R_004	C_R_003
C_R_004	C_R_005
C_R_004	C_R_006
C_R_004	C_R_007
C_R_004	C_R_008
C_R_004	C_R_009
C_R_004	C_R_010
C_R_004	C_R_011
C_R_004	C_R_012
C_R_004	C_R_013
C_R_004	C_R_014
C_R_004	C_R_015
C_R_004	C_R_016
C_R_004	C_R_017
C_R_004	C_R_018
C_R_004	C_R_019
C_R_004	C_R_020
C_R_004	C_R_021
C_R_004	C_R_022
C_R_004	C_R_023
C_R_004	C_R_024
C_R_004	C_R_025
C_R_004	C_R_026
C_R_004	C_R_027
C_R_004	C_R_028
C_R_004	C_R_029
C_R_004	C_R_030
C_R_004	C_R_031
C_R_004	C_R_032
C_R_004	C_R_033
C_R_004	C_R_034
C_R_004	C_R_035
C_R_004	C_R_036
C_R_004	C_R_037
C_R_004	C_R_038
C_R_004	C_R_039
C_R_004	C_R_040
C_R_004	C_R_041
C_R_004	C_R_042
C_R_004	C_R_043
C_R_004	C_R_044
C_R_004	C_R_045
C_R_004	C_R_046
C_R_004	C_R_047
C_R_004	C_R_048
C_R_004	C_R_049
C_R_004	C_R_050
C_R_004	S_L_PutVA
C_R_004	S_L_PutDA
C_R_004	S_L_PutVP
C_R_004	S_L_PutDP
C_R_004	S_L_CauVA
C_R_004	S_L_CauDA
C_R_004	S_L_CauBody
C_R_004	S_L_CauTail
C_R_004	S_L_NAcShell
C_R_004	S_L_NAcCore
C_R_004	S_R_PutVA
C_R_004	S_R_PutDA
C_R_004	S_R_PutVP
C_R_004	S_R_PutDP
C_R_004	S_R_CauVA
C_R_004	S_R_CauDA
C_R_004	S_R_CauBody
C_R_004	S_R_CauTail
C_R_004	S_R_NAcShell
C_R_004	S_R_NAcCore
C_R_004	Th_L_VAip
C_R_004	Th_L_VAia
C_R_004	Th_L_VPm
C_R_004	Th_L_VPl
C_R_004	Th_L_VAs
C_R_004	Th_L_DAm
C_R_004	Th_L_DAl
C_R_004	Th_L_DP
C_R_004	A_L_Lat
C_R_004	A_L_Med
C_R_004	H_L_HeadM1
C_R_004	H_L_HeadM2
C_R_004	H_L_HeadL
C_R_004	H_L_Body
C_R_004	H_L_Tail
C_R_004	Th_R_VAip
C_R_004	Th_R_VAia
C_R_004	Th_R_VPm
C_R_004	Th_R_VPl
C_R_004	Th_R_VAs
C_R_004	Th_R_DAm
C_R_004	Th_R_DAl
C_R_004	Th_R_DP
C_R_004	A_R_Lat
C_R_004	A_R_Med
C_R_004	H_R_HeadM1
C_R_004	H_R_HeadM2
C_R_004	H_R_HeadL
C_R_004	H_R_Body
C_R_004	H_R_Tail
C_R_004	STN_L
C_R_004	STN_R
C_R_005	C_L_001
C_R_005	C_L_002
C_R_005	C_L_003
C_R_005	C_L_004
C_R_005	C_L_005
C_R_005	C_L_006
C_R_005	C_L_007
C_R_005	C_L_008
C_R_005	C_L_009
C_R_005	C_L_010
C_R_005	C_L_011
C_R_005	C_L_012
C_R_005	C_L_013
C_R_005	C_L_014
C_R_005	C_L_015
C_R_005	C_L_016
C_R_005	C_L_017
C_R_005	C_L_018
C_R_005	C_L_019
C_R_005	C_L_020
C_R_005	C_L_021
C_R_005	C_L_022
C_R_005	C_L_023
C_R_005	C_L_024
C_R_005	C_L_025
C_R_005	C_L_026
C_R_005	C_L_027
C_R_005	C_L_028
C_R_005	C_L_029
C_R_005	C_L_030
C_R_005	C_L_031
C_R_005	C_L_032
C_R_005	C_L_033
C_R_005	C_L_034
C_R_005	C_L_035
C_R_005	C_L_036
C_R_005	C_L_037
C_R_005	C_L_038
C_R_005	C_L_039
C_R_005	C_L_040
C_R_005	C_L_041
C_R_005	C_L_042
C_R_005	C_L_043
C_R_005	C_L_044
C_R_005	C_L_045
C_R_005	C_L_046
C_R_005	C_L_047
C_R_005	C_L_048
C_R_005	C_L_049
C_R_005	C_L_050
C_R_005	C_R_001
C_R_005	C_R_002
C_R_005	C_R_003
C_R_005	C_R_004
C_R_005	C_R_006
C_R_005	C_R_007
C_R_005	C_R_008
C_R_005	C_R_009
C_R_005	C_R_010
C_R_005	C_R_011
C_R_005	C_R_012
C_R_005	C_R_013
C_R_005	C_R_014
C_R_005	C_R_015
C_R_005	C_R_016
C_R_005	C_R_017
C_R_005	C_R_018
C_R_005	C_R_019
C_R_005	C_R_020
C_R_005	C_R_021
C_R_005	C_R_022
C_R_005	C_R_023
C_R_005	C_R_024
C_R_005	C_R_025
C_R_005	C_R_026
C_R_005	C_R_027
C_R_005	C_R_028
C_R_005	C_R_029
C_R_005	C_R_030
C_R_005	C_R_031
C_R_005	C_R_032
C_R_005	C_R_033
C_R_005	C_R_034
C_R_005	C_R_035
C_R_005	C_R_036
C_R_005	C_R_037
C_R_005	C_R_038
C_R_005	C_R_039
C_R_005	C_R_040
C_R_005	C_R_041
C_R_005	C_R_042
C_R_005	C_R_043
C_R_005	C_R_044
C_R_005	C_R_045
C_R_005	C_R_046
C_R_005	C_R_047
C_R_005	C_R_048
C_R_005	C_R_049
C_R_005	C_R_050
C_R_005	S_L_PutVA
C_R_005	S_L_PutDA
C_R_005	S_L_PutVP
C_R_005	S_L_PutDP
C_R_005	S_L_CauVA
C_R_005	S_L_CauDA
C_R_005	S_L_CauBody
C_R_005	S_L_CauTail
C_R_005	S_L_NAcShell
C_R_005	S_L_NAcCore
C_R_005	S_R_PutVA
C_R_005	S_R_PutDA
C_R_005	S_R_PutVP
C_R_005	S_R_PutDP
C_R_005	S_R_CauVA
C_R_005	S_R_CauDA
C_R_005	S_R_CauBody
C_R_005	S_R_CauTail
C_R_005	S_R_NAcShell
C_R_005	S_R_NAcCore
C_R_005	Th_L_VAip
C_R_005	Th_L_VAia
C_R_005	Th_L_VPm
C_R_005	Th_L_VPl
C_R_005	Th_L_VAs
C_R_005	Th_L_DAm
C_R_005	Th_L_DAl
C_R_005	Th_L_DP
C_R_005	A_L_Lat
C_R_005	A_L_Med
C_R_005	H_L_HeadM1
C_R_005	H_L_HeadM2
C_R_005	H_L_HeadL
C_R_005	H_L_Body
C_R_005	H_L_Tail
C_R_005	Th_R_VAip
C_R_005	Th_R_VAia
C_R_005	Th_R_VPm
C_R_005	Th_R_VPl
C_R_005	Th_R_VAs
C_R_005	Th_R_DAm
C_R_005	Th_R_DAl
C_R_005	Th_R_DP
C_R_005	A_R_Lat
C_R_005	A_R_Med
C_R_005	H_R_HeadM1
C_R_005	H_R_HeadM2
C_R_005	H_R_HeadL
C_R_005	H_R_Body
C_R_005	H_R_Tail
C_R_005	STN_L
C_R_005	STN_R
C_R_006	C_L_001
C_R_006	C_L_002
C_R_006	C_L_003
C_R_006	C_L_004
C_R_006	C_L_005
C_R_006	C_L_006
C_R_006	C_L_007
C_R_006	C_L_008
C_R_006	C_L_009
C_R_006	C_L_010
C_R_006	C_L_011
C_R_006	C_L_012
C_R_006	C_L_013
C_R_006	C_L_014
C_R_006	C_L_015
C_R_006	C_L_016
C_R_006	C_L_017
C_R_006	C_L_018
C_R_006	C_L_019
C_R_006	C_L_020
C_R_006	C_L_021
C_R_006	C_L_022
C_R_006	C_L_023
C_R_006	C_L_024
C_R_006	C_L_025
C_R_006	C_L_026
C_R_006	C_L_027
C_R_006	C_L_028
C_R_006	C_L_029
C_R_006	C_L_030
C_R_006	C_L_031
C_R_006	C_L_032
C_R_006	C_L_033
C_R_006	C_L_034
C_R_006	C_L_035
C_R_006	C_L_036
C_R_006	C_L_037
C_R_006	C_L_038
C_R_006	C_L_039
C_R_006	C_L_040
C_R_006	C_L_041
C_R_006	C_L_042
C_R_006	C_L_043
C_R_006	C_L_044
C_R_006	C_L_045
C_R_006	C_L_046
C_R_006	C_L_047
C_R_006	C_L_048
C_R_006	C_L_049
C_R_006	C_L_050
C_R_006	C_R_001
C_R_006	C_R_002
C_R_006	C_R_003
C_R_006	C_R_004
C_R_006	C_R_005
C_R_006	C_R_007
C_R_006	C_R_008
C_R_006	C_R_009
C_R_006	C_R_010
C_R_006	C_R_011
C_R_006	C_R_012
C_R_006	C_R_013
C_R_006	C_R_014
C_R_006	C_R_015
C_R_006	C_R_016
C_R_006	C_R_017
C_R_006	C_R_018
C_R_006	C_R_019
C_R_006	C_R_020
C_R_006	C_R_021
C_R_006	C_R_022
C_R_006	C_R_023
C_R_006	C_R_024
C_R_006	C_R_025
C_R_006	C_R_026
C_R_006	C_R_027
C_R_006	C_R_028
C_R_006	C_R_029
C_R_006	C_R_030
C_R_006	C_R_031
C_R_006	C_R_032
C_R_006	C_R_033
C_R_006	C_R_034
C_R_006	C_R_035
C_R_006	C_R_036
C_R_006	C_R_037
C_R_006	C_R_038
C_R_006	C_R_039
C_R_006	C_R_040
C_R_006	C_R_041
C_R_006	C_R_042
C_R_006	C_R_043
C_R_006	C_R_044
C_R_006	C_R_045
C_R_006	C_R_046
C_R_006	C_R_047
C_R_006	C_R_048
C_R_006	C_R_049
C_R_006	C_R_050
C_R_006	S_L_PutVA
C_R_006	S_L_PutDA
C_R_006	S_L_PutVP
C_R_006	S_L_PutDP
C_R_006	S_L_CauVA
C_R_006	S_L_CauDA
C_R_006	S_L_CauBody
C_R_006	S_L_CauTail
C_R_006	S_L_NAcShell
C_R_006	S_L_NAcCore
C_R_006	S_R_PutVA
C_R_006	S_R_PutDA
C_R_006	S_R_PutVP
C_R_006	S_R_PutDP
C_R_006	S_R_CauVA
C_R_006	S_R_CauDA
C_R_006	S_R_CauBody
C_R_006	S_R_CauTail
C_R_006	S_R_NAcShell
C_R_006	S_R_NAcCore
C_R_006	Th_L_VAip
C_R_006	Th_L_VAia
C_R_006	Th_L_VPm
C_R_006	Th_L_VPl
C_R_006	Th_L_VAs
C_R_006	Th_L_DAm
C_R_006	Th_L_DAl
C_R_006	Th_L_DP
C_R_006	A_L_Lat
C_R_006	A_L_Med
C_R_006	H_L_HeadM1
C_R_006	H_L_HeadM2
C_R_006	H_L_HeadL
C_R_006	H_L_Body
C_R_006	H_L_Tail
C_R_006	Th_R_VAip
C_R_006	Th_R_VAia
C_R_006	Th_R_VPm
C_R_006	Th_R_VPl
C_R_006	Th_R_VAs
C_R_006	Th_R_DAm
C_R_006	Th_R_DAl
C_R_006	Th_R_DP
C_R_006	A_R_Lat
C_R_006	A_R_Med
C_R_006	H_R_HeadM1
C_R_006	H_R_HeadM2
C_R_006	H_R_HeadL
C_R_006	H_R_Body
C_R_006	H_R_Tail
C_R_006	STN_L
C_R_006	STN_R
C_R_007	C_L_001
C_R_007	C_L_002
C_R_007	C_L_003
C_R_007	C_L_004
C_R_007	C_L_005
C_R_007	C_L_006
C_R_007	C_L_007
C_R_007	C_L_008
C_R_007	C_L_009
C_R_007	C_L_010
C_R_007	C_L_011
C_R_007	C_L_012
C_R_007	C_L_013
C_R_007	C_L_014
C_R_007	C_L_015
C_R_007	C_L_016
C_R_007	C_L_017
C_R_007	C_L_018
C_R_007	C_L_019
C_R_007	C_L_020
C_R_007	C_L_021
C_R_007	C_L_022
C_R_007	C_L_023
C_R_007	C_L_024
C_R_007	C_L_025
C_R_007	C_L_026
C_R_007	C_L_027
C_R_007	C_L_028
C_R_007	C_L_029
C_R_007	C_L_030
C_R_007	C_L_031
C_R_007	C_L_032
C_R_007	C_L_033
C_R_007	C_L_034
C_R_007	C_L_035
C_R_007	C_L_036
C_R_007	C_L_037
C_R_007	C_L_038
C_R_007	C_L_039
C_R_007	C_L_040
C_R_007	C_L_041
C_R_007	C_L_042
C_R_007	C_L_043
C_R_007	C_L_044
C_R_007	C_L_045
C_R_007	C_L_046
C_R_007	C_L_047
C_R_007	C_L_048
C_R_007	C_L_049
C_R_007	C_L_050
C_R_007	C_R_001
C_R_007	C_R_002
C_R_007	C_R_003
C_R_007	C_R_004
C_R_007	C_R_005
C_R_007	C_R_006
C_R_007	C_R_008
C_R_007	C_R_009
C_R_007	C_R_010
C_R_007	C_R_011
C_R_007	C_R_012
C_R_007	C_R_013
C_R_007	C_R_014
C_R_007	C_R_015
C_R_007	C_R_016
C_R_007	C_R_017
C_R_007	C_R_018
C_R_007	C_R_019
C_R_007	C_R_020
C_R_007	C_R_021
C_R_007	C_R_022
C_R_007	C_R_023
C_R_007	C_R_024
C_R_007	C_R_025
C_R_007	C_R_026
C_R_007	C_R_027
C_R_007	C_R_028
C_R_007	C_R_029
C_R_007	C_R_030
C_R_007	C_R_031
C_R_007	C_R_032
C_R_007	C_R_033
C_R_007	C_R_034
C_R_007	C_R_035
C_R_007	C_R_036
C_R_007	C_R_037
C_R_007	C_R_038
C_R_007	C_R_039
C_R_007	C_R_040
C_R_007	C_R_041
C_R_007	C_R_042
C_R_007	C_R_043
C_R_007	C_R_044
C_R_007	C_R_045
C_R_007	C_R_046
C_R_007	C_R_047
C_R_007	C_R_048
C_R_007	C_R_049
C_R_007	C_R_050
C_R_007	S_L_PutVA
C_R_007	S_L_PutDA
C_R_007	S_L_PutVP
C_R_007	S_L_PutDP
C_R_007	S_L_CauVA
C_R_007	S_L_CauDA
C_R_007	S_L_CauBody
C_R_007	S_L_CauTail
C_R_007	S_L_NAcShell
C_R_007	S_L_NAcCore
C_R_007	S_R_PutVA
C_R_007	S_R_PutDA
C_R_007	S_R_PutVP
C_R_007	S_R_PutDP
C_R_007	S_R_CauVA
C_R_007	S_R_CauDA
C_R_007	S_R_CauBody
C_R_007	S_R_CauTail
C_R_007	S_R_NAcShell
C_R_007	S_R_NAcCore
C_R_007	Th_L_VAip
C_R_007	Th_L_VAia
C_R_007	Th_L_VPm
C_R_007	Th_L_VPl
C_R_007	Th_L_VAs
C_R_007	Th_L_DAm
C_R_007	Th_L_DAl
C_R_007	Th_L_DP
C_R_007	A_L_Lat
C_R_007	A_L_Med
C_R_007	H_L_HeadM1
C_R_007	H_L_HeadM2
C_R_007	H_L_HeadL
C_R_007	H_L_Body
C_R_007	H_L_Tail
C_R_007	Th_R_VAip
C_R_007	Th_R_VAia
C_R_007	Th_R_VPm
C_R_007	Th_R_VPl
C_R_007	Th_R_VAs
C_R_007	Th_R_DAm
C_R_007	Th_R_DAl
C_R_007	Th_R_DP
C_R_007	A_R_Lat
C_R_007	A_R_Med
C_R_007	H_R_HeadM1
C_R_007	H_R_HeadM2
C_R_007	H_R_HeadL
C_R_007	H_R_Body
C_R_007	H_R_Tail
C_R_007	STN_L
C_R_007	STN_R
C_R_008	C_L_001
C_R_008	C_L_002
C_R_008	C_L_003
C_R_008	C_L_004
C_R_008	C_L_005
C_R_008	C_L_006
C_R_008	C_L_007
C_R_008	C_L_008
C_R_008	C_L_009
C_R_008	C_L_010
C_R_008	C_L_011
C_R_008	C_L_012
C_R_008	C_L_013
C_R_008	C_L_014
C_R_008	C_L_015
C_R_008	C_L_016
C_R_008	C_L_017
C_R_008	C_L_018
C_R_008	C_L_019
C_R_008	C_L_020
C_R_008	C_L_021
C_R_008	C_L_022
C_R_008	C_L_023
C_R_008	C_L_024
C_R_008	C_L_025
C_R_008	C_L_026
C_R_008	C_L_027
C_R_008	C_L_028
C_R_008	C_L_029
C_R_008	C_L_030
C_R_008	C_L_031
C_R_008	C_L_032
C_R_008	C_L_033
C_R_008	C_L_034
C_R_008	C_L_035
C_R_008	C_L_036
C_R_008	C_L_037
C_R_008	C_L_038
C_R_008	C_L_039
C_R_008	C_L_040
C_R_008	C_L_041
C_R_008	C_L_042
C_R_008	C_L_043
C_R_008	C_L_044
C_R_008	C_L_045
C_R_008	C_L_046
C_R_008	C_L_047
C_R_008	C_L_048
C_R_008	C_L_049
C_R_008	C_L_050
C_R_008	C_R_001
C_R_008	C_R_002
C_R_008	C_R_003
C_R_008	C_R_004
C_R_008	C_R_005
C_R_008	C_R_006
C_R_008	C_R_007
C_R_008	C_R_009
C_R_008	C_R_010
C_R_008	C_R_011
C_R_008	C_R_012
C_R_008	C_R_013
C_R_008	C_R_014
C_R_008	C_R_015
C_R_008	C_R_016
C_R_008	C_R_017
C_R_008	C_R_018
C_R_008	C_R_019
C_R_008	C_R_020
C_R_008	C_R_021
C_R_008	C_R_022
C_R_008	C_R_023
C_R_008	C_R_024
C_R_008	C_R_025
C_R_008	C_R_026
C_R_008	C_R_027
C_R_008	C_R_028
C_R_008	C_R_029
C_R_008	C_R_030
C_R_008	C_R_031
C_R_008	C_R_032
C_R_008	C_R_033
C_R_008	C_R_034
C_R_008	C_R_035
C_R_008	C_R_036
C_R_008	C_R_037
C_R_008	C_R_038
C_R_008	C_R_039
C_R_008	C_R_040
C_R_008	C_R_041
C_R_008	C_R_042
C_R_008	C_R_043
C_R_008	C_R_044
C_R_008	C_R_045
C_R_008	C_R_046
C_R_008	C_R_047
C_R_008	C_R_048
C_R_008	C_R_049
C_R_008	C_R_050
C_R_008	S_L_PutVA
C_R_008	S_L_PutDA
C_R_008	S_L_PutVP
C_R_008	S_L_PutDP
C_R_008	S_L_CauVA
C_R_008	S_L_CauDA
C_R_008	S_L_CauBody
C_R_008	S_L_CauTail
C_R_008	S_L_NAcShell
C_R_008	S_L_NAcCore
C_R_008	S_R_PutVA
C_R_008	S_R_PutDA
C_R_008	S_R_PutVP
C_R_008	S_R_PutDP
C_R_008	S_R_CauVA
C_R_008	S_R_CauDA
C_R_008	S_R_CauBody
C_R_008	S_R_CauTail
C_R_008	S_R_NAcShell
C_R_008	S_R_NAcCore
C_R_008	Th_L_VAip
C_R_008	Th_L_VAia
C_R_008	Th_L_VPm
C_R_008	Th_L_VPl
C_R_008	Th_L_VAs
C_R_008	Th_L_DAm
C_R_008	Th_L_DAl
C_R_008	Th_L_DP
C_R_008	A_L_Lat
C_R_008	A_L_Med
C_R_008	H_L_HeadM1
C_R_008	H_L_HeadM2
C_R_008	H_L_HeadL
C_R_008	H_L_Body
C_R_008	H_L_Tail
C_R_008	Th_R_VAip
C_R_008	Th_R_VAia
C_R_008	Th_R_VPm
C_R_008	Th_R_VPl
C_R_008	Th_R_VAs
C_R_008	Th_R_DAm
C_R_008	Th_R_DAl
C_R_008	Th_R_DP
C_R_008	A_R_Lat
C_R_008	A_R_Med
C_R_008	H_R_HeadM1
C_R_008	H_R_HeadM2
C_R_008	H_R_HeadL
C_R_008	H_R_Body
C_R_008	H_R_Tail
C_R_008	STN_L
C_R_008	STN_R
C_R_009	C_L_001
C_R_009	C_L_002
C_R_009	C_L_003
C_R_009	C_L_004
C_R_009	C_L_005
C_R_009	C_L_006
C_R_009	C_L_007
C_R_009	C_L_008
C_R_009	C_L_009
C_R_009	C_L_010
C_R_009	C_L_011
C_R_009	C_L_012
C_R_009	C_L_013
C_R_009	C_L_014
C_R_009	C_L_015
C_R_009	C_L_016
C_R_009	C_L_017
C_R_009	C_L_018
C_R_009	C_L_019
C_R_009	C_L_020
C_R_009	C_L_021
C_R_009	C_L_022
C_R_009	C_L_023
C_R_009	C_L_024
C_R_009	C_L_025
C_R_009	C_L_026
C_R_009	C_L_027
C_R_009	C_L_028
C_R_009	C_L_029
C_R_009	C_L_030
C_R_009	C_L_031
C_R_009	C_L_032
C_R_009	C_L_033
C_R_009	C_L_034
C_R_009	C_L_035
C_R_009	C_L_036
C_R_009	C_L_037
C_R_009	C_L_038
C_R_009	C_L_039
C_R_009	C_L_040
C_R_009	C_L_041
C_R_009	C_L_042
C_R_009	C_L_043
C_R_009	C_L_044
C_R_009	C_L_045
C_R_009	C_L_046
C_R_009	C_L_047
C_R_009	C_L_048
C_R_009	C_L_049
C_R_009	C_L_050
C_R_009	C_R_001
C_R_009	C_R_002
C_R_009	C_R_003
C_R_009	C_R_004
C_R_009	C_R_005
C_R_009	C_R_006
C_R_009	C_R_007
C_R_009	C_R_008
C_R_009	C_R_010
C_R_009	C_R_011
C_R_009	C_R_012
C_R_009	C_R_013
C_R_009	C_R_014
C_R_009	C_R_015
C_R_009	C_R_016
C_R_009	C_R_017
C_R_009	C_R_018
C_R_009	C_R_019
C_R_009	C_R_020
C_R_009	C_R_021
C_R_009	C_R_022
C_R_009	C_R_023
C_R_009	C_R_024
C_R_009	C_R_025
C_R_009	C_R_026
C_R_009	C_R_027
C_R_009	C_R_028
C_R_009	C_R_029
C_R_009	C_R_030
C_R_009	C_R_031
C_R_009	C_R_032
C_R_009	C_R_033
C_R_009	C_R_034
C_R_009	C_R_035
C_R_009	C_R_036
C_R_009	C_R_037
C_R_009	C_R_038
C_R_009	C_R_039
C_R_009	C_R_040
C_R_009	C_R_041
C_R_009	C_R_042
C_R_009	C_R_043
C_R_009	C_R_044
C_R_009	C_R_045
C_R_009	C_R_046
C_R_009	C_R_047
C_R_009	C_R_048
C_R_009	C_R_049
C_R_009	C_R_050
C_R_009	S_L_PutVA
C_R_009	S_L_PutDA
C_R_009	S_L_PutVP
C_R_009	S_L_PutDP
C_R_009	S_L_CauVA
C_R_009	S_L_CauDA
C_R_009	S_L_CauBody
C_R_009	S_L_CauTail
C_R_009	S_L_NAcShell
C_R_009	S_L_NAcCore
C_R_009	S_R_PutVA
C_R_009	S_R_PutDA
C_R_009	S_R_PutVP
C_R_009	S_R_PutDP
C_R_009	S_R_CauVA
C_R_009	S_R_CauDA
C_R_009	S_R_CauBody
C_R_009	S_R_CauTail
C_R_009	S_R_NAcShell
C_R_009	S_R_NAcCore
C_R_009	Th_L_VAip
C_R_009	Th_L_VAia
C_R_009	Th_L_VPm
C_R_009	Th_L_VPl
C_R_009	Th_L_VAs
C_R_009	Th_L_DAm
C_R_009	Th_L_DAl
C_R_009	Th_L_DP
C_R_009	A_L_Lat
C_R_009	A_L_Med
C_R_009	H_L_HeadM1
C_R_009	H_L_HeadM2
C_R_009	H_L_HeadL
C_R_009	H_L_Body
C_R_009	H_L_Tail
C_R_009	Th_R_VAip
C_R_009	Th_R_VAia
C_R_009	Th_R_VPm
C_R_009	Th_R_VPl
C_R_009	Th_R_VAs
C_R_009	Th_R_DAm
C_R_009	Th_R_DAl
C_R_009	Th_R_DP
C_R_009	A_R_Lat
C_R_009	A_R_Med
C_R_009	H_R_HeadM1
C_R_009	H_R_HeadM2
C_R_009	H_R_HeadL
C_R_009	H_R_Body
C_R_009	H_R_Tail
C_R_009	STN_L
C_R_009	STN_R
C_R_010	C_L_001
C_R_010	C_L_002
C_R_010	C_L_003
C_R_010	C_L_004
C_R_010	C_L_005
C_R_010	C_L_006
C_R_010	C_L_007
C_R_010	C_L_008
C_R_010	C_L_009
C_R_010	C_L_010
C_R_010	C_L_011
C_R_010	C_L_012
C_R_010	C_L_013
C_R_010	C_L_014
C_R_010	C_L_015
C_R_010	C_L_016
C_R_010	C_L_017
C_R_010	C_L_018
C_R_010	C_L_019
C_R_010	C_L_020
C_R_010	C_L_021
C_R_010	C_L_022
C_R_010	C_L_023
C_R_010	C_L_024
C_R_010	C_L_025
C_R_010	C_L_026
C_R_010	C_L_027
C_R_010	C_L_028
C_R_010	C_L_029
C_R_010	C_L_030
C_R_010	C_L_031
C_R_010	C_L_032
C_R_010	C_L_033
C_R_010	C_L_034
C_R_010	C_L_035
C_R_010	C_L_036
C_R_010	C_L_037
C_R_010	C_L_038
C_R_010	C_L_039
C_R_010	C_L_040
C_R_010	C_L_041
C_R_010	C_L_042
C_R_010	C_L_043
C_R_010	C_L_044
C_R_010	C_L_045
C_R_010	C_L_046
C_R_010	C_L_047
C_R_010	C_L_048
C_R_010	C_L_049
C_R_010	C_L_050
C_R_010	C_R_001
C_R_010	C_R_002
C_R_010	C_R_003
C_R_010	C_R_004
C_R_010	C_R_005
C_R_010	C_R_006
C_R_010	C_R_007
C_R_010	C_R_008
C_R_010	C_R_009
C_R_010	C_R_011
C_R_010	C_R_012
C_R_010	C_R_013
C_R_010	C_R_014
C_R_010	C_R_015
C_R_010	C_R_016
C_R_010	C_R_017
C_R_010	C_R_018
C_R_010	C_R_019
C_R_010	C_R_020
C_R_010	C_R_021
C_R_010	C_R_022
C_R_010	C_R_023
C_R_010	C_R_024
C_R_010	C_R_025
C_R_010	C_R_026
C_R_010	C_R_027
C_R_010	C_R_028
C_R_010	C_R_029
C_R_010	C_R_030
C_R_010	C_R_031
C_R_010	C_R_032
C_R_010	C_R_033
C_R_010	C_R_034
C_R_010	C_R_035
C_R_010	C_R_036
C_R_010	C_R_037
C_R_010	C_R_038
C_R_010	C_R_039
C_R_010	C_R_040
C_R_010	C_R_041
C_R_010	C_R_042
C_R_010	C_R_043
C_R_010	C_R_044
C_R_010	C_R_045
C_R_010	C_R_046
C_R_010	C_R_047
C_R_010	C_R_048
C_R_010	C_R_049
C_R_010	C_R_050
C_R_010	S_L_PutVA
C_R_010	S_L_PutDA
C_R_010	S_L_PutVP
C_R_010	S_L_PutDP
C_R_010	S_L_CauVA
C_R_010	S_L_CauDA
C_R_010	S_L_CauBody
C_R_010	S_L_CauTail
C_R_010	S_L_NAcShell
C_R_010	S_L_NAcCore
C_R_010	S_R_PutVA
C_R_010	S_R_PutDA
C_R_010	S_R_PutVP
C_R_010	S_R_PutDP
C_R_010	S_R_CauVA
C_R_010	S_R_CauDA
C_R_010	S_R_CauBody
C_R_010	S_R_CauTail
C_R_010	S_R_NAcShell
C_R_010	S_R_NAcCore
C_R_010	Th_L_VAip
C_R_010	Th_L_VAia
C_R_010	Th_L_VPm
C_R_010	Th_L_VPl
C_R_010	Th_L_VAs
C_R_010	Th_L_DAm
C_R_010	Th_L_DAl
C_R_010	Th_L_DP
C_R_010	A_L_Lat
C_R_010	A_L_Med
C_R_010	H_L_HeadM1
C_R_010	H_L_HeadM2
C_R_010	H_L_HeadL
C_R_010	H_L_Body
C_R_010	H_L_Tail
C_R_010	Th_R_VAip
C_R_010	Th_R_VAia
C_R_010	Th_R_VPm
C_R_010	Th_R_VPl
C_R_010	Th_R_VAs
C_R_010	Th_R_DAm
C_R_010	Th_R_DAl
C_R_010	Th_R_DP
C_R_010	A_R_Lat
C_R_010	A_R_Med
C_R_010	H_R_HeadM1
C_R_010	H_R_HeadM2
C_R_010	H_R_HeadL
C_R_010	H_R_Body
C_R_010	H_R_Tail
C_R_010	STN_L
C_R_010	STN_R
C_R_011	C_L_001
C_R_011	C_L_002
C_R_011	C_L_003
C_R_011	C_L_004
C_R_011	C_L_005
C_R_011	C_L_006
C_R_011	C_L_007
C_R_011	C_L_008
C_R_011	C_L_009
C_R_011	C_L_010
C_R_011	C_L_011
C_R_011	C_L_012
C_R_011	C_L_013
C_R_011	C_L_014
C_R_011	C_L_015
C_R_011	C_L_016
C_R_011	C_L_017
C_R_011	C_L_018
C_R_011	C_L_019
C_R_011	C_L_020
C_R_011	C_L_021
C_R_011	C_L_022
C_R_011	C_L_023
C_R_011	C_L_024
C_R_011	C_L_025
C_R_011	C_L_026
C_R_011	C_L_027
C_R_011	C_L_028
C_R_011	C_L_029
C_R_011	C_L_030
C_R_011	C_L_031
C_R_011	C_L_032
C_R_011	C_L_033
C_R_011	C_L_034
C_R_011	C_L_035
C_R_011	C_L_036
C_R_011	C_L_037
C_R_011	C_L_038
C_R_011	C_L_039
C_R_011	C_L_040
C_R_011	C_L_041
C_R_011	C_L_042
C_R_011	C_L_043
C_R_011	C_L_044
C_R_011	C_L_045
C_R_011	C_L_046
C_R_011	C_L_047
C_R_011	C_L_048
C_R_011	C_L_049
C_R_011	C_L_050
C_R_011	C_R_001
C_R_011	C_R_002
C_R_011	C_R_003
C_R_011	C_R_004
C_R_011	C_R_005
C_R_011	C_R_006
C_R_011	C_R_007
C_R_011	C_R_008
C_R_011	C_R_009
C_R_011	C_R_010
C_R_011	C_R_012
C_R_011	C_R_013
C_R_011	C_R_014
C_R_011	C_R_015
C_R_011	C_R_016
C_R_011	C_R_017
C_R_011	C_R_018
C_R_011	C_R_019
C_R_011	C_R_020
C_R_011	C_R_021
C_R_011	C_R_022
C_R_011	C_R_023
C_R_011	C_R_024
C_R_011	C_R_025
C_R_011	C_R_026
C_R_011	C_R_027
C_R_011	C_R_028
C_R_011	C_R_029
C_R_011	C_R_030
C_R_011	C_R_031
C_R_011	C_R_032
C_R_011	C_R_033
C_R_011	C_R_034
C_R_011	C_R_035
C_R_011	C_R_036
C_R_011	C_R_037
C_R_011	C_R_038
C_R_011	C_R_039
C_R_011	C_R_040
C_R_011	C_R_041
C_R_011	C_R_042
C_R_011	C_R_043
C_R_011	C_R_044
C_R_011	C_R_045
C_R_011	C_R_046
C_R_011	C_R_047
C_R_011	C_R_048
C_R_011	C_R_049
C_R_011	C_R_050
C_R_011	S_L_PutVA
C_R_011	S_L_PutDA
C_R_011	S_L_PutVP
C_R_011	S_L_PutDP
C_R_011	S_L_CauVA
C_R_011	S_L_CauDA
C_R_011	S_L_CauBody
C_R_011	S_L_CauTail
C_R_011	S_L_NAcShell
C_R_011	S_L_NAcCore
C_R_011	S_R_PutVA
C_R_011	S_R_PutDA
C_R_011	S_R_PutVP
C_R_011	S_R_PutDP
C_R_011	S_R_CauVA
C_R_011	S_R_CauDA
C_R_011	S_R_CauBody
C_R_011	S_R_CauTail
C_R_011	S_R_NAcShell
C_R_011	S_R_NAcCore
C_R_011	Th_L_VAip
C_R_011	Th_L_VAia
C_R_011	Th_L_VPm
C_R_011	Th_L_VPl
C_R_011	Th_L_VAs
C_R_011	Th_L_DAm
C_R_011	Th_L_DAl
C_R_011	Th_L_DP
C_R_011	A_L_Lat
C_R_011	A_L_Med
C_R_011	H_L_HeadM1
C_R_011	H_L_HeadM2
C_R_011	H_L_HeadL
C_R_011	H_L_Body
C_R_011	H_L_Tail
C_R_011	Th_R_VAip
C_R_011	Th_R_VAia
C_R_011	Th_R_VPm
C_R_011	Th_R_VPl
C_R_011	Th_R_VAs
C_R_011	Th_R_DAm
C_R_011	Th_R_DAl
C_R_011	Th_R_DP
C_R_011	A_R_Lat
C_R_011	A_R_Med
C_R_011	H_R_HeadM1
C_R_011	H_R_HeadM2
C_R_011	H_R_HeadL
C_R_011	H_R_Body
C_R_011	H_R_Tail
C_R_011	STN_L
C_R_011	STN_R
C_R_012	C_L_001
C_R_012	C_L_002
C_R_012	C_L_003
C_R_012	C_L_004
C_R_012	C_L_005
C_R_012	C_L_006
C_R_012	C_L_007
C_R_012	C_L_008
C_R_012	C_L_009
C_R_012	C_L_010
C_R_012	C_L_011
C_R_012	C_L_012
C_R_012	C_L_013
C_R_012	C_L_014
C_R_012	C_L_015
C_R_012	C_L_016
C_R_012	C_L_017
C_R_012	C_L_018
C_R_012	C_L_019
C_R_012	C_L_020
C_R_012	C_L_021
C_R_012	C_L_022
C_R_012	C_L_023
C_R_012	C_L_024
C_R_012	C_L_025
C_R_012	C_L_026
C_R_012	C_L_027
C_R_012	C_L_028
C_R_012	C_L_029
C_R_012	C_L_030
C_R_012	C_L_031
C_R_012	C_L_032
C_R_012	C_L_033
C_R_012	C_L_034
C_R_012	C_L_035
C_R_012	C_L_036
C_R_012	C_L_037
C_R_012	C_L_038
C_R_012	C_L_039
C_R_012	C_L_040
C_R_012	C_L_041
C_R_012	C_L_042
C_R_012	C_L_043
C_R_012	C_L_044
C_R_012	C_L_045
C_R_012	C_L_046
C_R_012	C_L_047
C_R_012	C_L_048
C_R_012	C_L_049
C_R_012	C_L_050
C_R_012	C_R_001
C_R_012	C_R_002
C_R_012	C_R_003
C_R_012	C_R_004
C_R_012	C_R_005
C_R_012	C_R_006
C_R_012	C_R_007
C_R_012	C_R_008
C_R_012	C_R_009
C_R_012	C_R_010
C_R_012	C_R_011
C_R_012	C_R_013
C_R_012	C_R_014
C_R_012	C_R_015
C_R_012	C_R_016
C_R_012	C_R_017
C_R_012	C_R_018
C_R_012	C_R_019
C_R_012	C_R_020
C_R_012	C_R_021
C_R_012	C_R_022
C_R_012	C_R_023
C_R_012	C_R_024
C_R_012	C_R_025
C_R_012	C_R_026
C_R_012	C_R_027
C_R_012	C_R_028
C_R_012	C_R_029
C_R_012	C_R_030
C_R_012	C_R_031
C_R_012	C_R_032
C_R_012	C_R_033
C_R_012	C_R_034
C_R_012	C_R_035
C_R_012	C_R_036
C_R_012	C_R_037
C_R_012	C_R_038
C_R_012	C_R_039
C_R_012	C_R_040
C_R_012	C_R_041
C_R_012	C_R_042
C_R_012	C_R_043
C_R_012	C_R_044
C_R_012	C_R_045
C_R_012	C_R_046
C_R_012	C_R_047
C_R_012	C_R_048
C_R_012	C_R_049
C_R_012	C_R_050
C_R_012	S_L_PutVA
C_R_012	S_L_PutDA
C_R_012	S_L_PutVP
C_R_012	S_L_PutDP
C_R_012	S_L_CauVA
C_R_012	S_L_CauDA
C_R_012	S_L_CauBody
C_R_012	S_L_CauTail
C_R_012	S_L_NAcShell
C_R_012	S_L_NAcCore
C_R_012	S_R_PutVA
C_R_012	S_R_PutDA
C_R_012	S_R_PutVP
C_R_012	S_R_PutDP
C_R_012	S_R_CauVA
C_R_012	S_R_CauDA
C_R_012	S_R_CauBody
C_R_012	S_R_CauTail
C_R_012	S_R_NAcShell
C_R_012	S_R_NAcCore
C_R_012	Th_L_VAip
C_R_012	Th_L_VAia
C_R_012	Th_L_VPm
C_R_012	Th_L_VPl
C_R_012	Th_L_VAs
C_R_012	Th_L_DAm
C_R_012	Th_L_DAl
C_R_012	Th_L_DP
C_R_012	A_L_Lat
C_R_012	A_L_Med
C_R_012	H_L_HeadM1
C_R_012	H_L_HeadM2
C_R_012	H_L_HeadL
C_R_012	H_L_Body
C_R_012	H_L_Tail
C_R_012	Th_R_VAip
C_R_012	Th_R_VAia
C_R_012	Th_R_VPm
C_R_012	Th_R_VPl
C_R_012	Th_R_VAs
C_R_012	Th_R_DAm
C_R_012	Th_R_DAl
C_R_012	Th_R_DP
C_R_012	A_R_Lat
C_R_012	A_R_Med
C_R_012	H_R_HeadM1
C_R_012	H_R_HeadM2
C_R_012	H_R_HeadL
C_R_012	H_R_Body
C_R_012	H_R_Tail
C_R_012	STN_L
C_R_012	STN_R
C_R_013	C_L_001
C_R_013	C_L_002
C_R_013	C_L_003
C_R_013	C_L_004
C_R_013	C_L_005
C_R_013	C_L_006
C_R_013	C_L_007
C_R_013	C_L_008
C_R_013	C_L_009
C_R_013	C_L_010
C_R_013	C_L_011
C_R_013	C_L_012
C_R_013	C_L_013
C_R_013	C_L_014
C_R_013	C_L_015
C_R_013	C_L_016
C_R_013	C_L_017
C_R_013	C_L_018
C_R_013	C_L_019
C_R_013	C_L_020
C_R_013	C_L_021
C_R_013	C_L_022
C_R_013	C_L_023
C_R_013	C_L_024
C_R_013	C_L_025
C_R_013	C_L_026
C_R_013	C_L_027
C_R_013	C_L_028
C_R_013	C_L_029
C_R_013	C_L_030
C_R_013	C_L_031
C_R_013	C_L_032
C_R_013	C_L_033
C_R_013	C_L_034
C_R_013	C_L_035
C_R_013	C_L_036
C_R_013	C_L_037
C_R_013	C_L_038
C_R_013	C_L_039
C_R_013	C_L_040
C_R_013	C_L_041
C_R_013	C_L_042
C_R_013	C_L_043
C_R_013	C_L_044
C_R_013	C_L_045
C_R_013	C_L_046
C_R_013	C_L_047
C_R_013	C_L_048
C_R_013	C_L_049
C_R_013	C_L_050
C_R_013	C_R_001
C_R_013	C_R_002
C_R_013	C_R_003
C_R_013	C_R_004
C_R_013	C_R_005
C_R_013	C_R_006
C_R_013	C_R_007
C_R_013	C_R_008
C_R_013	C_R_009
C_R_013	C_R_010
C_R_013	C_R_011
C_R_013	C_R_012
C_R_013	C_R_014
C_R_013	C_R_015
C_R_013	C_R_016
C_R_013	C_R_017
C_R_013	C_R_018
C_R_013	C_R_019
C_R_013	C_R_020
C_R_013	C_R_021
C_R_013	C_R_022
C_R_013	C_R_023
C_R_013	C_R_024
C_R_013	C_R_025
C_R_013	C_R_026
C_R_013	C_R_027
C_R_013	C_R_028
C_R_013	C_R_029
C_R_013	C_R_030
C_R_013	C_R_031
C_R_013	C_R_032
C_R_013	C_R_033
C_R_013	C_R_034
C_R_013	C_R_035
C_R_013	C_R_036
C_R_013	C_R_037
C_R_013	C_R_038
C_R_013	C_R_039
C_R_013	C_R_040
C_R_013	C_R_041
C_R_013	C_R_042
C_R_013	C_R_043
C_R_013	C_R_044
C_R_013	C_R_045
C_R_013	C_R_046
C_R_013	C_R_047
C_R_013	C_R_048
C_R_013	C_R_049
C_R_013	C_R_050
C_R_013	S_L_PutVA
C_R_013	S_L_PutDA
C_R_013	S_L_PutVP
C_R_013	S_L_PutDP
C_R_013	S_L_CauVA
C_R_013	S_L_CauDA
C_R_013	S_L_CauBody
C_R_013	S_L_CauTail
C_R_013	S_L_NAcShell
C_R_013	S_L_NAcCore
C_R_013	S_R_PutVA
C_R_013	S_R_PutDA
C_R_013	S_R_PutVP
C_R_013	S_R_PutDP
C_R_013	S_R_CauVA
C_R_013	S_R_CauDA
C_R_013	S_R_CauBody
C_R_013	S_R_CauTail
C_R_013	S_R_NAcShell
C_R_013	S_R_NAcCore
C_R_013	Th_L_VAip
C_R_013	Th_L_VAia
C_R_013	Th_L_VPm
C_R_013	Th_L_VPl
C_R_013	Th_L_VAs
C_R_013	Th_L_DAm
C_R_013	Th_L_DAl
C_R_013	Th_L_DP
C_R_013	A_L_Lat
C_R_013	A_L_Med
C_R_013	H_L_HeadM1
C_R_013	H_L_HeadM2
C_R_013	H_L_HeadL
C_R_013	H_L_Body
C_R_013	H_L_Tail
C_R_013	Th_R_VAip
C_R_013	Th_R_VAia
C_R_013	Th_R_VPm
C_R_013	Th_R_VPl
C_R_013	Th_R_VAs
C_R_013	Th_R_DAm
C_R_013	Th_R_DAl
C_R_013	Th_R_DP
C_R_013	A_R_Lat
C_R_013	A_R_Med
C_R_013	H_R_HeadM1
C_R_013	H_R_HeadM2
C_R_013	H_R_HeadL
C_R_013	H_R_Body
C_R_013	H_R_Tail
C_R_013	STN_L
C_R_013	STN_R
C_R_014	C_L_001
C_R_014	C_L_002
C_R_014	C_L_003
C_R_014	C_L_004
C_R_014	C_L_005
C_R_014	C_L_006
C_R_014	C_L_007
C_R_014	C_L_008
C_R_014	C_L_009
C_R_014	C_L_010
C_R_014	C_L_011
C_R_014	C_L_012
C_R_014	C_L_013
C_R_014	C_L_014
C_R_014	C_L_015
C_R_014	C_L_016
C_R_014	C_L_017
C_R_014	C_L_018
C_R_014	C_L_019
C_R_014	C_L_020
C_R_014	C_L_021
C_R_014	C_L_022
C_R_014	C_L_023
C_R_014	C_L_024
C_R_014	C_L_025
C_R_014	C_L_026
C_R_014	C_L_027
C_R_014	C_L_028
C_R_014	C_L_029
C_R_014	C_L_030
C_R_014	C_L_031
C_R_014	C_L_032
C_R_014	C_L_033
C_R_014	C_L_034
C_R_014	C_L_035
C_R_014	C_L_036
C_R_014	C_L_037
C_R_014	C_L_038
C_R_014	C_L_039
C_R_014	C_L_040
C_R_014	C_L_041
C_R_014	C_L_042
C_R_014	C_L_043
C_R_014	C_L_044
C_R_014	C_L_045
C_R_014	C_L_046
C_R_014	C_L_047
C_R_014	C_L_048
C_R_014	C_L_049
C_R_014	C_L_050
C_R_014	C_R_001
C_R_014	C_R_002
C_R_014	C_R_003
C_R_014	C_R_004
C_R_014	C_R_005
C_R_014	C_R_006
C_R_014	C_R_007
C_R_014	C_R_008
C_R_014	C_R_009
C_R_014	C_R_010
C_R_014	C_R_011
C_R_014	C_R_012
C_R_014	C_R_013
C_R_014	C_R_015
C_R_014	C_R_016
C_R_014	C_R_017
C_R_014	C_R_018
C_R_014	C_R_019
C_R_014	C_R_020
C_R_014	C_R_021
C_R_014	C_R_022
C_R_014	C_R_023
C_R_014	C_R_024
C_R_014	C_R_025
C_R_014	C_R_026
C_R_014	C_R_027
C_R_014	C_R_028
C_R_014	C_R_029
C_R_014	C_R_030
C_R_014	C_R_031
C_R_014	C_R_032
C_R_014	C_R_033
C_R_014	C_R_034
C_R_014	C_R_035
C_R_014	C_R_036
C_R_014	C_R_037
C_R_014	C_R_038
C_R_014	C_R_039
C_R_014	C_R_040
C_R_014	C_R_041
C_R_014	C_R_042
C_R_014	C_R_043
C_R_014	C_R_044
C_R_014	C_R_045
C_R_014	C_R_046
C_R_014	C_R_047
C_R_014	C_R_048
C_R_014	C_R_049
C_R_014	C_R_050
C_R_014	S_L_PutVA
C_R_014	S_L_PutDA
C_R_014	S_L_PutVP
C_R_014	S_L_PutDP
C_R_014	S_L_CauVA
C_R_014	S_L_CauDA
C_R_014	S_L_CauBody
C_R_014	S_L_CauTail
C_R_014	S_L_NAcShell
C_R_014	S_L_NAcCore
C_R_014	S_R_PutVA
C_R_014	S_R_PutDA
C_R_014	S_R_PutVP
C_R_014	S_R_PutDP
C_R_014	S_R_CauVA
C_R_014	S_R_CauDA
C_R_014	S_R_CauBody
C_R_014	S_R_CauTail
C_R_014	S_R_NAcShell
C_R_014	S_R_NAcCore
C_R_014	Th_L_VAip
C_R_014	Th_L_VAia
C_R_014	Th_L_VPm
C_R_014	Th_L_VPl
C_R_014	Th_L_VAs
C_R_014	Th_L_DAm
C_R_014	Th_L_DAl
C_R_014	Th_L_DP
C_R_014	A_L_Lat
C_R_014	A_L_Med
C_R_014	H_L_HeadM1
C_R_014	H_L_HeadM2
C_R_014	H_L_HeadL
C_R_014	H_L_Body
C_R_014	H_L_Tail
C_R_014	Th_R_VAip
C_R_014	Th_R_VAia
C_R_014	Th_R_VPm
C_R_014	Th_R_VPl
C_R_014	Th_R_VAs
C_R_014	Th_R_DAm
C_R_014	Th_R_DAl
C_R_014	Th_R_DP
C_R_014	A_R_Lat
C_R_014	A_R_Med
C_R_014	H_R_HeadM1
C_R_014	H_R_HeadM2
C_R_014	H_R_HeadL
C_R_014	H_R_Body
C_R_014	H_R_Tail
C_R_014	STN_L
C_R_014	STN_R
C_R_015	C_L_001
C_R_015	C_L_002
C_R_015	C_L_003
C_R_015	C_L_004
C_R_015	C_L_005
C_R_015	C_L_006
C_R_015	C_L_007
C_R_015	C_L_008
C_R_015	C_L_009
C_R_015	C_L_010
C_R_015	C_L_011
C_R_015	C_L_012
C_R_015	C_L_013
C_R_015	C_L_014
C_R_015	C_L_015
C_R_015	C_L_016
C_R_015	C_L_017
C_R_015	C_L_018
C_R_015	C_L_019
C_R_015	C_L_020
C_R_015	C_L_021
C_R_015	C_L_022
C_R_015	C_L_023
C_R_015	C_L_024
C_R_015	C_L_025
C_R_015	C_L_026
C_R_015	C_L_027
C_R_015	C_L_028
C_R_015	C_L_029
C_R_015	C_L_030
C_R_015	C_L_031
C_R_015	C_L_032
C_R_015	C_L_033
C_R_015	C_L_034
C_R_015	C_L_035
C_R_015	C_L_036
C_R_015	C_L_037
C_R_015	C_L_038
C_R_015	C_L_039
C_R_015	C_L_040
C_R_015	C_L_041
C_R_015	C_L_042
C_R_015	C_L_043
C_R_015	C_L_044
C_R_015	C_L_045
C_R_015	C_L_046
C_R_015	C_L_047
C_R_015	C_L_048
C_R_015	C_L_049
C_R_015	C_L_050
C_R_015	C_R_001
C_R_015	C_R_002
C_R_015	C_R_003
C_R_015	C_R_004
C_R_015	C_R_005
C_R_015	C_R_006
C_R_015	C_R_007
C_R_015	C_R_008
C_R_015	C_R_009
C_R_015	C_R_010
C_R_015	C_R_011
C_R_015	C_R_012
C_R_015	C_R_013
C_R_015	C_R_014
C_R_015	C_R_016
C_R_015	C_R_017
C_R_015	C_R_018
C_R_015	C_R_019
C_R_015	C_R_020
C_R_015	C_R_021
C_R_015	C_R_022
C_R_015	C_R_023
C_R_015	C_R_024
C_R_015	C_R_025
C_R_015	C_R_026
C_R_015	C_R_027
C_R_015	C_R_028
C_R_015	C_R_029
C_R_015	C_R_030
C_R_015	C_R_031
C_R_015	C_R_032
C_R_015	C_R_033
C_R_015	C_R_034
C_R_015	C_R_035
C_R_015	C_R_036
C_R_015	C_R_037
C_R_015	C_R_038
C_R_015	C_R_039
C_R_015	C_R_040
C_R_015	C_R_041
C_R_015	C_R_042
C_R_015	C_R_043
C_R_015	C_R_044
C_R_015	C_R_045
C_R_015	C_R_046
C_R_015	C_R_047
C_R_015	C_R_048
C_R_015	C_R_049
C_R_015	C_R_050
C_R_015	S_L_PutVA
C_R_015	S_L_PutDA
C_R_015	S_L_PutVP
C_R_015	S_L_PutDP
C_R_015	S_L_CauVA
C_R_015	S_L_CauDA
C_R_015	S_L_CauBody
C_R_015	S_L_CauTail
C_R_015	S_L_NAcShell
C_R_015	S_L_NAcCore
C_R_015	S_R_PutVA
C_R_015	S_R_PutDA
C_R_015	S_R_PutVP
C_R_015	S_R_PutDP
C_R_015	S_R_CauVA
C_R_015	S_R_CauDA
C_R_015	S_R_CauBody
C_R_015	S_R_CauTail
C_R_015	S_R_NAcShell
C_R_015	S_R_NAcCore
C_R_015	Th_L_VAip
C_R_015	Th_L_VAia
C_R_015	Th_L_VPm
C_R_015	Th_L_VPl
C_R_015	Th_L_VAs
C_R_015	Th_L_DAm
C_R_015	Th_L_DAl
C_R_015	Th_L_DP
C_R_015	A_L_Lat
C_R_015	A_L_Med
C_R_015	H_L_HeadM1
C_R_015	H_L_HeadM2
C_R_015	H_L_HeadL
C_R_015	H_L_Body
C_R_015	H_L_Tail
C_R_015	Th_R_VAip
C_R_015	Th_R_VAia
C_R_015	Th_R_VPm
C_R_015	Th_R_VPl
C_R_015	Th_R_VAs
C_R_015	Th_R_DAm
C_R_015	Th_R_DAl
C_R_015	Th_R_DP
C_R_015	A_R_Lat
C_R_015	A_R_Med
C_R_015	H_R_HeadM1
C_R_015	H_R_HeadM2
C_R_015	H_R_HeadL
C_R_015	H_R_Body
C_R_015	H_R_Tail
C_R_015	STN_L
C_R_015	STN_R
C_R_016	C_L_001
C_R_016	C_L_002
C_R_016	C_L_003
C_R_016	C_L_004
C_R_016	C_L_005
C_R_016	C_L_006
C_R_016	C_L_007
C_R_016	C_L_008
C_R_016	C_L_009
C_R_016	C_L_010
C_R_016	C_L_011
C_R_016	C_L_012
C_R_016	C_L_013
C_R_016	C_L_014
C_R_016	C_L_015
C_R_016	C_L_016
C_R_016	C_L_017
C_R_016	C_L_018
C_R_016	C_L_019
C_R_016	C_L_020
C_R_016	C_L_021
C_R_016	C_L_022
C_R_016	C_L_023
C_R_016	C_L_024
C_R_016	C_L_025
C_R_016	C_L_026
C_R_016	C_L_027
C_R_016	C_L_028
C_R_016	C_L_029
C_R_016	C_L_030
C_R_016	C_L_031
C_R_016	C_L_032
C_R_016	C_L_033
C_R_016	C_L_034
C_R_016	C_L_035
C_R_016	C_L_036
C_R_016	C_L_037
C_R_016	C_L_038
C_R_016	C_L_039
C_R_016	C_L_040
C_R_016	C_L_041
C_R_016	C_L_042
C_R_016	C_L_043
C_R_016	C_L_044
C_R_016	C_L_045
C_R_016	C_L_046
C_R_016	C_L_047
C_R_016	C_L_048
C_R_016	C_L_049
C_R_016	C_L_050
C_R_016	C_R_001
C_R_016	C_R_002
C_R_016	C_R_003
C_R_016	C_R_004
C_R_016	C_R_005
C_R_016	C_R_006
C_R_016	C_R_007
C_R_016	C_R_008
C_R_016	C_R_009
C_R_016	C_R_010
C_R_016	C_R_011
C_R_016	C_R_012
C_R_016	C_R_013
C_R_016	C_R_014
C_R_016	C_R_015
C_R_016	C_R_017
C_R_016	C_R_018
C_R_016	C_R_019
C_R_016	C_R_020
C_R_016	C_R_021
C_R_016	C_R_022
C_R_016	C_R_023
C_R_016	C_R_024
C_R_016	C_R_025
C_R_016	C_R_026
C_R_016	C_R_027
C_R_016	C_R_028
C_R_016	C_R_029
C_R_016	C_R_030
C_R_016	C_R_031
C_R_016	C_R_032
C_R_016	C_R_033
C_R_016	C_R_034
C_R_016	C_R_035
C_R_016	C_R_036
C_R_016	C_R_037
C_R_016	C_R_038
C_R_016	C_R_039
C_R_016	C_R_040
C_R_016	C_R_041
C_R_016	C_R_042
C_R_016	C_R_043
C_R_016	C_R_044
C_R_016	C_R_045
C_R_016	C_R_046
C_R_016	C_R_047
C_R_016	C_R_048
C_R_016	C_R_049
C_R_016	C_R_050
C_R_016	S_L_PutVA
C_R_016	S_L_PutDA
C_R_016	S_L_PutVP
C_R_016	S_L_PutDP
C_R_016	S_L_CauVA
C_R_016	S_L_CauDA
C_R_016	S_L_CauBody
C_R_016	S_L_CauTail
C_R_016	S_L_NAcShell
C_R_016	S_L_NAcCore
C_R_016	S_R_PutVA
C_R_016	S_R_PutDA
C_R_016	S_R_PutVP
C_R_016	S_R_PutDP
C_R_016	S_R_CauVA
C_R_016	S_R_CauDA
C_R_016	S_R_CauBody
C_R_016	S_R_CauTail
C_R_016	S_R_NAcShell
C_R_016	S_R_NAcCore
C_R_016	Th_L_VAip
C_R_016	Th_L_VAia
C_R_016	Th_L_VPm
C_R_016	Th_L_VPl
C_R_016	Th_L_VAs
C_R_016	Th_L_DAm
C_R_016	Th_L_DAl
C_R_016	Th_L_DP
C_R_016	A_L_Lat
C_R_016	A_L_Med
C_R_016	H_L_HeadM1
C_R_016	H_L_HeadM2
C_R_016	H_L_HeadL
C_R_016	H_L_Body
C_R_016	H_L_Tail
C_R_016	Th_R_VAip
C_R_016	Th_R_VAia
C_R_016	Th_R_VPm
C_R_016	Th_R_VPl
C_R_016	Th_R_VAs
C_R_016	Th_R_DAm
C_R_016	Th_R_DAl
C_R_016	Th_R_DP
C_R_016	A_R_Lat
C_R_016	A_R_Med
C_R_016	H_R_HeadM1
C_R_016	H_R_HeadM2
C_R_016	H_R_HeadL
C_R_016	H_R_Body
C_R_016	H_R_Tail
C_R_016	STN_L
C_R_016	STN_R
C_R_017	C_L_001
C_R_017	C_L_002
C_R_017	C_L_003
C_R_017	C_L_004
C_R_017	C_L_005
C_R_017	C_L_006
C_R_017	C_L_007
C_R_017	C_L_008
C_R_017	C_L_009
C_R_017	C_L_010
C_R_017	C_L_011
C_R_017	C_L_012
C_R_017	C_L_013
C_R_017	C_L_014
C_R_017	C_L_015
C_R_017	C_L_016
C_R_017	C_L_017
C_R_017	C_L_018
C_R_017	C_L_019
C_R_017	C_L_020
C_R_017	C_L_021
C_R_017	C_L_022
C_R_017	C_L_023
C_R_017	C_L_024
C_R_017	C_L_025
C_R_017	C_L_026
C_R_017	C_L_027
C_R_017	C_L_028
C_R_017	C_L_029
C_R_017	C_L_030
C_R_017	C_L_031
C_R_017	C_L_032
C_R_017	C_L_033
C_R_017	C_L_034
C_R_017	C_L_035
C_R_017	C_L_036
C_R_017	C_L_037
C_R_017	C_L_038
C_R_017	C_L_039
C_R_017	C_L_040
C_R_017	C_L_041
C_R_017	C_L_042
C_R_017	C_L_043
C_R_017	C_L_044
C_R_017	C_L_045
C_R_017	C_L_046
C_R_017	C_L_047
C_R_017	C_L_048
C_R_017	C_L_049
C_R_017	C_L_050
C_R_017	C_R_001
C_R_017	C_R_002
C_R_017	C_R_003
C_R_017	C_R_004
C_R_017	C_R_005
C_R_017	C_R_006
C_R_017	C_R_007
C_R_017	C_R_008
C_R_017	C_R_009
C_R_017	C_R_010
C_R_017	C_R_011
C_R_017	C_R_012
C_R_017	C_R_013
C_R_017	C_R_014
C_R_017	C_R_015
C_R_017	C_R_016
C_R_017	C_R_018
C_R_017	C_R_019
C_R_017	C_R_020
C_R_017	C_R_021
C_R_017	C_R_022
C_R_017	C_R_023
C_R_017	C_R_024
C_R_017	C_R_025
C_R_017	C_R_026
C_R_017	C_R_027
C_R_017	C_R_028
C_R_017	C_R_029
C_R_017	C_R_030
C_R_017	C_R_031
C_R_017	C_R_032
C_R_017	C_R_033
C_R_017	C_R_034
C_R_017	C_R_035
C_R_017	C_R_036
C_R_017	C_R_037
C_R_017	C_R_038
C_R_017	C_R_039
C_R_017	C_R_040
C_R_017	C_R_041
C_R_017	C_R_042
C_R_017	C_R_043
C_R_017	C_R_044
C_R_017	C_R_045
C_R_017	C_R_046
C_R_017	C_R_047
C_R_017	C_R_048
C_R_017	C_R_049
C_R_017	C_R_050
C_R_017	S_L_PutVA
C_R_017	S_L_PutDA
C_R_017	S_L_PutVP
C_R_017	S_L_PutDP
C_R_017	S_L_CauVA
C_R_017	S_L_CauDA
C_R_017	S_L_CauBody
C_R_017	S_L_CauTail
C_R_017	S_L_NAcShell
C_R_017	S_L_NAcCore
C_R_017	S_R_PutVA
C_R_017	S_R_PutDA
C_R_017	S_R_PutVP
C_R_017	S_R_PutDP
C_R_017	S_R_CauVA
C_R_017	S_R_CauDA
C_R_017	S_R_CauBody
C_R_017	S_R_CauTail
C_R_017	S_R_NAcShell
C_R_017	S_R_NAcCore
C_R_017	Th_L_VAip
C_R_017	Th_L_VAia
C_R_017	Th_L_VPm
C_R_017	Th_L_VPl
C_R_017	Th_L_VAs
C_R_017	Th_L_DAm
C_R_017	Th_L_DAl
C_R_017	Th_L_DP
C_R_017	A_L_Lat
C_R_017	A_L_Med
C_R_017	H_L_HeadM1
C_R_017	H_L_HeadM2
C_R_017	H_L_HeadL
C_R_017	H_L_Body
C_R_017	H_L_Tail
C_R_017	Th_R_VAip
C_R_017	Th_R_VAia
C_R_017	Th_R_VPm
C_R_017	Th_R_VPl
C_R_017	Th_R_VAs
C_R_017	Th_R_DAm
C_R_017	Th_R_DAl
C_R_017	Th_R_DP
C_R_017	A_R_Lat
C_R_017	A_R_Med
C_R_017	H_R_HeadM1
C_R_017	H_R_HeadM2
C_R_017	H_R_HeadL
C_R_017	H_R_Body
C_R_017	H_R_Tail
C_R_017	STN_L
C_R_017	STN_R
C_R_018	C_L_001
C_R_018	C_L_002
C_R_018	C_L_003
C_R_018	C_L_004
C_R_018	C_L_005
C_R_018	C_L_006
C_R_018	C_L_007
C_R_018	C_L_008
C_R_018	C_L_009
C_R_018	C_L_010
C_R_018	C_L_011
C_R_018	C_L_012
C_R_018	C_L_013
C_R_018	C_L_014
C_R_018	C_L_015
C_R_018	C_L_016
C_R_018	C_L_017
C_R_018	C_L_018
C_R_018	C_L_019
C_R_018	C_L_020
C_R_018	C_L_021
C_R_018	C_L_022
C_R_018	C_L_023
C_R_018	C_L_024
C_R_018	C_L_025
C_R_018	C_L_026
C_R_018	C_L_027
C_R_018	C_L_028
C_R_018	C_L_029
C_R_018	C_L_030
C_R_018	C_L_031
C_R_018	C_L_032
C_R_018	C_L_033
C_R_018	C_L_034
C_R_018	C_L_035
C_R_018	C_L_036
C_R_018	C_L_037
C_R_018	C_L_038
C_R_018	C_L_039
C_R_018	C_L_040
C_R_018	C_L_041
C_R_018	C_L_042
C_R_018	C_L_043
C_R_018	C_L_044
C_R_018	C_L_045
C_R_018	C_L_046
C_R_018	C_L_047
C_R_018	C_L_048
C_R_018	C_L_049
C_R_018	C_L_050
C_R_018	C_R_001
C_R_018	C_R_002
C_R_018	C_R_003
C_R_018	C_R_004
C_R_018	C_R_005
C_R_018	C_R_006
C_R_018	C_R_007
C_R_018	C_R_008
C_R_018	C_R_009
C_R_018	C_R_010
C_R_018	C_R_011
C_R_018	C_R_012
C_R_018	C_R_013
C_R_018	C_R_014
C_R_018	C_R_015
C_R_018	C_R_016
C_R_018	C_R_017
C_R_018	C_R_019
C_R_018	C_R_020
C_R_018	C_R_021
C_R_018	C_R_022
C_R_018	C_R_023
C_R_018	C_R_024
C_R_018	C_R_025
C_R_018	C_R_026
C_R_018	C_R_027
C_R_018	C_R_028
C_R_018	C_R_029
C_R_018	C_R_030
C_R_018	C_R_031
C_R_018	C_R_032
C_R_018	C_R_033
C_R_018	C_R_034
C_R_018	C_R_035
C_R_018	C_R_036
C_R_018	C_R_037
C_R_018	C_R_038
C_R_018	C_R_039
C_R_018	C_R_040
C_R_018	C_R_041
C_R_018	C_R_042
C_R_018	C_R_043
C_R_018	C_R_044
C_R_018	C_R_045
C_R_018	C_R_046
C_R_018	C_R_047
C_R_018	C_R_048
C_R_018	C_R_049
C_R_018	C_R_050
C_R_018	S_L_PutVA
C_R_018	S_L_PutDA
C_R_018	S_L_PutVP
C_R_018	S_L_PutDP
C_R_018	S_L_CauVA
C_R_018	S_L_CauDA
C_R_018	S_L_CauBody
C_R_018	S_L_CauTail
C_R_018	S_L_NAcShell
C_R_018	S_L_NAcCore
C_R_018	S_R_PutVA
C_R_018	S_R_PutDA
C_R_018	S_R_PutVP
C_R_018	S_R_PutDP
C_R_018	S_R_CauVA
C_R_018	S_R_CauDA
C_R_018	S_R_CauBody
C_R_018	S_R_CauTail
C_R_018	S_R_NAcShell
C_R_018	S_R_NAcCore
C_R_018	Th_L_VAip
C_R_018	Th_L_VAia
C_R_018	Th_L_VPm
C_R_018	Th_L_VPl
C_R_018	Th_L_VAs
C_R_018	Th_L_DAm
C_R_018	Th_L_DAl
C_R_018	Th_L_DP
C_R_018	A_L_Lat
C_R_018	A_L_Med
C_R_018	H_L_HeadM1
C_R_018	H_L_HeadM2
C_R_018	H_L_HeadL
C_R_018	H_L_Body
C_R_018	H_L_Tail
C_R_018	Th_R_VAip
C_R_018	Th_R_VAia
C_R_018	Th_R_VPm
C_R_018	Th_R_VPl
C_R_018	Th_R_VAs
C_R_018	Th_R_DAm
C_R_018	Th_R_DAl
C_R_018	Th_R_DP
C_R_018	A_R_Lat
C_R_018	A_R_Med
C_R_018	H_R_HeadM1
C_R_018	H_R_HeadM2
C_R_018	H_R_HeadL
C_R_018	H_R_Body
C_R_018	H_R_Tail
C_R_018	STN_L
C_R_018	STN_R
C_R_019	C_L_001
C_R_019	C_L_002
C_R_019	C_L_003
C_R_019	C_L_004
C_R_019	C_L_005
C_R_019	C_L_006
C_R_019	C_L_007
C_R_019	C_L_008
C_R_019	C_L_009
C_R_019	C_L_010
C_R_019	C_L_011
C_R_019	C_L_012
C_R_019	C_L_013
C_R_019	C_L_014
C_R_019	C_L_015
C_R_019	C_L_016
C_R_019	C_L_017
C_R_019	C_L_018
C_R_019	C_L_019
C_R_019	C_L_020
C_R_019	C_L_021
C_R_019	C_L_022
C_R_019	C_L_023
C_R_019	C_L_024
C_R_019	C_L_025
C_R_019	C_L_026
C_R_019	C_L_027
C_R_019	C_L_028
C_R_019	C_L_029
C_R_019	C_L_030
C_R_019	C_L_031
C_R_019	C_L_032
C_R_019	C_L_033
C_R_019	C_L_034
C_R_019	C_L_035
C_R_019	C_L_036
C_R_019	C_L_037
C_R_019	C_L_038
C_R_019	C_L_039
C_R_019	C_L_040
C_R_019	C_L_041
C_R_019	C_L_042
C_R_019	C_L_043
C_R_019	C_L_044
C_R_019	C_L_045
C_R_019	C_L_046
C_R_019	C_L_047
C_R_019	C_L_048
C_R_019	C_L_049
C_R_019	C_L_050
C_R_019	C_R_001
C_R_019	C_R_002
C_R_019	C_R_003
C_R_019	C_R_004
C_R_019	C_R_005
C_R_019	C_R_006
C_R_019	C_R_007
C_R_019	C_R_008
C_R_019	C_R_009
C_R_019	C_R_010
C_R_019	C_R_011
C_R_019	C_R_012
C_R_019	C_R_013
C_R_019	C_R_014
C_R_019	C_R_015
C_R_019	C_R_016
C_R_019	C_R_017
C_R_019	C_R_018
C_R_019	C_R_020
C_R_019	C_R_021
C_R_019	C_R_022
C_R_019	C_R_023
C_R_019	C_R_024
C_R_019	C_R_025
C_R_019	C_R_026
C_R_019	C_R_027
C_R_019	C_R_028
C_R_019	C_R_029
C_R_019	C_R_030
C_R_019	C_R_031
C_R_019	C_R_032
C_R_019	C_R_033
C_R_019	C_R_034
C_R_019	C_R_035
C_R_019	C_R_036
C_R_019	C_R_037
C_R_019	C_R_038
C_R_019	C_R_039
C_R_019	C_R_040
C_R_019	C_R_041
C_R_019	C_R_042
C_R_019	C_R_043
C_R_019	C_R_044
C_R_019	C_R_045
C_R_019	C_R_046
C_R_019	C_R_047
C_R_019	C_R_048
C_R_019	C_R_049
C_R_019	C_R_050
C_R_019	S_L_PutVA
C_R_019	S_L_PutDA
C_R_019	S_L_PutVP
C_R_019	S_L_PutDP
C_R_019	S_L_CauVA
C_R_019	S_L_CauDA
C_R_019	S_L_CauBody
C_R_019	S_L_CauTail
C_R_019	S_L_NAcShell
C_R_019	S_L_NAcCore
C_R_019	S_R_PutVA
C_R_019	S_R_PutDA
C_R_019	S_R_PutVP
C_R_019	S_R_PutDP
C_R_019	S_R_CauVA
C_R_019	S_R_CauDA
C_R_019	S_R_CauBody
C_R_019	S_R_CauTail
C_R_019	S_R_NAcShell
C_R_019	S_R_NAcCore
C_R_019	Th_L_VAip
C_R_019	Th_L_VAia
C_R_019	Th_L_VPm
C_R_019	Th_L_VPl
C_R_019	Th_L_VAs
C_R_019	Th_L_DAm
C_R_019	Th_L_DAl
C_R_019	Th_L_DP
C_R_019	A_L_Lat
C_R_019	A_L_Med
C_R_019	H_L_HeadM1
C_R_019	H_L_HeadM2
C_R_019	H_L_HeadL
C_R_019	H_L_Body
C_R_019	H_L_Tail
C_R_019	Th_R_VAip
C_R_019	Th_R_VAia
C_R_019	Th_R_VPm
C_R_019	Th_R_VPl
C_R_019	Th_R_VAs
C_R_019	Th_R_DAm
C_R_019	Th_R_DAl
C_R_019	Th_R_DP
C_R_019	A_R_Lat
C_R_019	A_R_Med
C_R_019	H_R_HeadM1
C_R_019	H_R_HeadM2
C_R_019	H_R_HeadL
C_R_019	H_R_Body
C_R_019	H_R_Tail
C_R_019	STN_L
C_R_019	STN_R
C_R_020	C_L_001
C_R_020	C_L_002
C_R_020	C_L_003
C_R_020	C_L_004
C_R_020	C_L_005
C_R_020	C_L_006
C_R_020	C_L_007
C_R_020	C_L_008
C_R_020	C_L_009
C_R_020	C_L_010
C_R_020	C_L_011
C_R_020	C_L_012
C_R_020	C_L_013
C_R_020	C_L_014
C_R_020	C_L_015
C_R_020	C_L_016
C_R_020	C_L_017
C_R_020	C_L_018
C_R_020	C_L_019
C_R_020	C_L_020
C_R_020	C_L_021
C_R_020	C_L_022
C_R_020	C_L_023
C_R_020	C_L_024
C_R_020	C_L_025
C_R_020	C_L_026
C_R_020	C_L_027
C_R_020	C_L_028
C_R_020	C_L_029
C_R_020	C_L_030
C_R_020	C_L_031
C_R_020	C_L_032
C_R_020	C_L_033
C_R_020	C_L_034
C_R_020	C_L_035
C_R_020	C_L_036
C_R_020	C_L_037
C_R_020	C_L_038
C_R_020	C_L_039
C_R_020	C_L_040
C_R_020	C_L_041
C_R_020	C_L_042
C_R_020	C_L_043
C_R_020	C_L_044
C_R_020	C_L_045
C_R_020	C_L_046
C_R_020	C_L_047
C_R_020	C_L_048
C_R_020	C_L_049
C_R_020	C_L_050
C_R_020	C_R_001
C_R_020	C_R_002
C_R_020	C_R_003
C_R_020	C_R_004
C_R_020	C_R_005
C_R_020	C_R_006
C_R_020	C_R_007
C_R_020	C_R_008
C_R_020	C_R_009
C_R_020	C_R_010
C_R_020	C_R_011
C_R_020	C_R_012
C_R_020	C_R_013
C_R_020	C_R_014
C_R_020	C_R_015
C_R_020	C_R_016
C_R_020	C_R_017
C_R_020	C_R_018
C_R_020	C_R_019
C_R_020	C_R_021
C_R_020	C_R_022
C_R_020	C_R_023
C_R_020	C_R_024
C_R_020	C_R_025
C_R_020	C_R_026
C_R_020	C_R_027
C_R_020	C_R_028
C_R_020	C_R_029
C_R_020	C_R_030
C_R_020	C_R_031
C_R_020	C_R_032
C_R_020	C_R_033
C_R_020	C_R_034
C_R_020	C_R_035
C_R_020	C_R_036
C_R_020	C_R_037
C_R_020	C_R_038
C_R_020	C_R_039
C_R_020	C_R_040
C_R_020	C_R_041
C_R_020	C_R_042
C_R_020	C_R_043
C_R_020	C_R_044
C_R_020	C_R_045
C_R_020	C_R_046
C_R_020	C_R_047
C_R_020	C_R_048
C_R_020	C_R_049
C_R_020	C_R_050
C_R_020	S_L_PutVA
C_R_020	S_L_PutDA
C_R_020	S_L_PutVP
C_R_020	S_L_PutDP
C_R_020	S_L_CauVA
C_R_020	S_L_CauDA
C_R_020	S_L_CauBody
C_R_020	S_L_CauTail
C_R_020	S_L_NAcShell
C_R_020	S_L_NAcCore
C_R_020	S_R_PutVA
C_R_020	S_R_PutDA
C_R_020	S_R_PutVP
C_R_020	S_R_PutDP
C_R_020	S_R_CauVA
C_R_020	S_R_CauDA
C_R_020	S_R_CauBody
C_R_020	S_R_CauTail
C_R_020	S_R_NAcShell
C_R_020	S_R_NAcCore
C_R_020	Th_L_VAip
C_R_020	Th_L_VAia
C_R_020	Th_L_VPm
C_R_020	Th_L_VPl
C_R_020	Th_L_VAs
C_R_020	Th_L_DAm
C_R_020	Th_L_DAl
C_R_020	Th_L_DP
C_R_020	A_L_Lat
C_R_020	A_L_Med
C_R_020	H_L_HeadM1
C_R_020	H_L_HeadM2
C_R_020	H_L_HeadL
C_R_020	H_L_Body
C_R_020	H_L_Tail
C_R_020	Th_R_VAip
C_R_020	Th_R_VAia
C_R_020	Th_R_VPm
C_R_020	Th_R_VPl
C_R_020	Th_R_VAs
C_R_020	Th_R_DAm
C_R_020	Th_R_DAl
C_R_020	Th_R_DP
C_R_020	A_R_Lat
C_R_020	A_R_Med
C_R_020	H_R_HeadM1
C_R_020	H_R_HeadM2
C_R_020	H_R_HeadL
C_R_020	H_R_Body
C_R_020	H_R_Tail
C_R_020	STN_L
C_R_020	STN_R
C_R_021	C_L_001
C_R_021	C_L_002
C_R_021	C_L_003
C_R_021	C_L_004
C_R_021	C_L_005
C_R_021	C_L_006
C_R_021	C_L_007
C_R_021	C_L_008
C_R_021	C_L_009
C_R_021	C_L_010
C_R_021	C_L_011
C_R_021	C_L_012
C_R_021	C_L_013
C_R_021	C_L_014
C_R_021	C_L_015
C_R_021	C_L_016
C_R_021	C_L_017
C_R_021	C_L_018
C_R_021	C_L_019
C_R_021	C_L_020
C_R_021	C_L_021
C_R_021	C_L_022
C_R_021	C_L_023
C_R_021	C_L_024
C_R_021	C_L_025
C_R_021	C_L_026
C_R_021	C_L_027
C_R_021	C_L_028
C_R_021	C_L_029
C_R_021	C_L_030
C_R_021	C_L_031
C_R_021	C_L_032
C_R_021	C_L_033
C_R_021	C_L_034
C_R_021	C_L_035
C_R_021	C_L_036
C_R_021	C_L_037
C_R_021	C_L_038
C_R_021	C_L_039
C_R_021	C_L_040
C_R_021	C_L_041
C_R_021	C_L_042
C_R_021	C_L_043
C_R_021	C_L_044
C_R_021	C_L_045
C_R_021	C_L_046
C_R_021	C_L_047
C_R_021	C_L_048
C_R_021	C_L_049
C_R_021	C_L_050
C_R_021	C_R_001
C_R_021	C_R_002
C_R_021	C_R_003
C_R_021	C_R_004
C_R_021	C_R_005
C_R_021	C_R_006
C_R_021	C_R_007
C_R_021	C_R_008
C_R_021	C_R_009
C_R_021	C_R_010
C_R_021	C_R_011
C_R_021	C_R_012
C_R_021	C_R_013
C_R_021	C_R_014
C_R_021	C_R_015
C_R_021	C_R_016
C_R_021	C_R_017
C_R_021	C_R_018
C_R_021	C_R_019
C_R_021	C_R_020
C_R_021	C_R_022
C_R_021	C_R_023
C_R_021	C_R_024
C_R_021	C_R_025
C_R_021	C_R_026
C_R_021	C_R_027
C_R_021	C_R_028
C_R_021	C_R_029
C_R_021	C_R_030
C_R_021	C_R_031
C_R_021	C_R_032
C_R_021	C_R_033
C_R_021	C_R_034
C_R_021	C_R_035
C_R_021	C_R_036
C_R_021	C_R_037
C_R_021	C_R_038
C_R_021	C_R_039
C_R_021	C_R_040
C_R_021	C_R_041
C_R_021	C_R_042
C_R_021	C_R_043
C_R_021	C_R_044
C_R_021	C_R_045
C_R_021	C_R_046
C_R_021	C_R_047
C_R_021	C_R_048
C_R_021	C_R_049
C_R_021	C_R_050
C_R_021	S_L_PutVA
C_R_021	S_L_PutDA
C_R_021	S_L_PutVP
C_R_021	S_L_PutDP
C_R_021	S_L_CauVA
C_R_021	S_L_CauDA
C_R_021	S_L_CauBody
C_R_021	S_L_CauTail
C_R_021	S_L_NAcShell
C_R_021	S_L_NAcCore
C_R_021	S_R_PutVA
C_R_021	S_R_PutDA
C_R_021	S_R_PutVP
C_R_021	S_R_PutDP
C_R_021	S_R_CauVA
C_R_021	S_R_CauDA
C_R_021	S_R_CauBody
C_R_021	S_R_CauTail
C_R_021	S_R_NAcShell
C_R_021	S_R_NAcCore
C_R_021	Th_L_VAip
C_R_021	Th_L_VAia
C_R_021	Th_L_VPm
C_R_021	Th_L_VPl
C_R_021	Th_L_VAs
C_R_021	Th_L_DAm
C_R_021	Th_L_DAl
C_R_021	Th_L_DP
C_R_021	A_L_Lat
C_R_021	A_L_Med
C_R_021	H_L_HeadM1
C_R_021	H_L_HeadM2
C_R_021	H_L_HeadL
C_R_021	H_L_Body
C_R_021	H_L_Tail
C_R_021	Th_R_VAip
C_R_021	Th_R_VAia
C_R_021	Th_R_VPm
C_R_021	Th_R_VPl
C_R_021	Th_R_VAs
C_R_021	Th_R_DAm
C_R_021	Th_R_DAl
C_R_021	Th_R_DP
C_R_021	A_R_Lat
C_R_021	A_R_Med
C_R_021	H_R_HeadM1
C_R_021	H_R_HeadM2
C_R_021	H_R_HeadL
C_R_021	H_R_Body
C_R_021	H_R_Tail
C_R_021	STN_L
C_R_021	STN_R
C_R_022	C_L_001
C_R_022	C_L_002
C_R_022	C_L_003
C_R_022	C_L_004
C_R_022	C_L_005
C_R_022	C_L_006
C_R_022	C_L_007
C_R_022	C_L_008
C_R_022	C_L_009
C_R_022	C_L_010
C_R_022	C_L_011
C_R_022	C_L_012
C_R_022	C_L_013
C_R_022	C_L_014
C_R_022	C_L_015
C_R_022	C_L_016
C_R_022	C_L_017
C_R_022	C_L_018
C_R_022	C_L_019
C_R_022	C_L_020
C_R_022	C_L_021
C_R_022	C_L_022
C_R_022	C_L_023
C_R_022	C_L_024
C_R_022	C_L_025
C_R_022	C_L_026
C_R_022	C_L_027
C_R_022	C_L_028
C_R_022	C_L_029
C_R_022	C_L_030
C_R_022	C_L_031
C_R_022	C_L_032
C_R_022	C_L_033
C_R_022	C_L_034
C_R_022	C_L_035
C_R_022	C_L_036
C_R_022	C_L_037
C_R_022	C_L_038
C_R_022	C_L_039
C_R_022	C_L_040
C_R_022	C_L_041
C_R_022	C_L_042
C_R_022	C_L_043
C_R_022	C_L_044
C_R_022	C_L_045
C_R_022	C_L_046
C_R_022	C_L_047
C_R_022	C_L_048
C_R_022	C_L_049
C_R_022	C_L_050
C_R_022	C_R_001
C_R_022	C_R_002
C_R_022	C_R_003
C_R_022	C_R_004
C_R_022	C_R_005
C_R_022	C_R_006
C_R_022	C_R_007
C_R_022	C_R_008
C_R_022	C_R_009
C_R_022	C_R_010
C_R_022	C_R_011
C_R_022	C_R_012
C_R_022	C_R_013
C_R_022	C_R_014
C_R_022	C_R_015
C_R_022	C_R_016
C_R_022	C_R_017
C_R_022	C_R_018
C_R_022	C_R_019
C_R_022	C_R_020
C_R_022	C_R_021
C_R_022	C_R_023
C_R_022	C_R_024
C_R_022	C_R_025
C_R_022	C_R_026
C_R_022	C_R_027
C_R_022	C_R_028
C_R_022	C_R_029
C_R_022	C_R_030
C_R_022	C_R_031
C_R_022	C_R_032
C_R_022	C_R_033
C_R_022	C_R_034
C_R_022	C_R_035
C_R_022	C_R_036
C_R_022	C_R_037
C_R_022	C_R_038
C_R_022	C_R_039
C_R_022	C_R_040
C_R_022	C_R_041
C_R_022	C_R_042
C_R_022	C_R_043
C_R_022	C_R_044
C_R_022	C_R_045
C_R_022	C_R_046
C_R_022	C_R_047
C_R_022	C_R_048
C_R_022	C_R_049
C_R_022	C_R_050
C_R_022	S_L_PutVA
C_R_022	S_L_PutDA
C_R_022	S_L_PutVP
C_R_022	S_L_PutDP
C_R_022	S_L_CauVA
C_R_022	S_L_CauDA
C_R_022	S_L_CauBody
C_R_022	S_L_CauTail
C_R_022	S_L_NAcShell
C_R_022	S_L_NAcCore
C_R_022	S_R_PutVA
C_R_022	S_R_PutDA
C_R_022	S_R_PutVP
C_R_022	S_R_PutDP
C_R_022	S_R_CauVA
C_R_022	S_R_CauDA
C_R_022	S_R_CauBody
C_R_022	S_R_CauTail
C_R_022	S_R_NAcShell
C_R_022	S_R_NAcCore
C_R_022	Th_L_VAip
C_R_022	Th_L_VAia
C_R_022	Th_L_VPm
C_R_022	Th_L_VPl
C_R_022	Th_L_VAs
C_R_022	Th_L_DAm
C_R_022	Th_L_DAl
C_R_022	Th_L_DP
C_R_022	A_L_Lat
C_R_022	A_L_Med
C_R_022	H_L_HeadM1
C_R_022	H_L_HeadM2
C_R_022	H_L_HeadL
C_R_022	H_L_Body
C_R_022	H_L_Tail
C_R_022	Th_R_VAip
C_R_022	Th_R_VAia
C_R_022	Th_R_VPm
C_R_022	Th_R_VPl
C_R_022	Th_R_VAs
C_R_022	Th_R_DAm
C_R_022	Th_R_DAl
C_R_022	Th_R_DP
C_R_022	A_R_Lat
C_R_022	A_R_Med
C_R_022	H_R_HeadM1
C_R_022	H_R_HeadM2
C_R_022	H_R_HeadL
C_R_022	H_R_Body
C_R_022	H_R_Tail
C_R_022	STN_L
C_R_022	STN_R
C_R_023	C_L_001
C_R_023	C_L_002
C_R_023	C_L_003
C_R_023	C_L_004
C_R_023	C_L_005
C_R_023	C_L_006
C_R_023	C_L_007
C_R_023	C_L_008
C_R_023	C_L_009
C_R_023	C_L_010
C_R_023	C_L_011
C_R_023	C_L_012
C_R_023	C_L_013
C_R_023	C_L_014
C_R_023	C_L_015
C_R_023	C_L_016
C_R_023	C_L_017
C_R_023	C_L_018
C_R_023	C_L_019
C_R_023	C_L_020
C_R_023	C_L_021
C_R_023	C_L_022
C_R_023	C_L_023
C_R_023	C_L_024
C_R_023	C_L_025
C_R_023	C_L_026
C_R_023	C_L_027
C_R_023	C_L_028
C_R_023	C_L_029
C_R_023	C_L_030
C_R_023	C_L_031
C_R_023	C_L_032
C_R_023	C_L_033
C_R_023	C_L_034
C_R_023	C_L_035
C_R_023	C_L_036
C_R_023	C_L_037
C_R_023	C_L_038
C_R_023	C_L_039
C_R_023	C_L_040
C_R_023	C_L_041
C_R_023	C_L_042
C_R_023	C_L_043
C_R_023	C_L_044
C_R_023	C_L_045
C_R_023	C_L_046
C_R_023	C_L_047
C_R_023	C_L_048
C_R_023	C_L_049
C_R_023	C_L_050
C_R_023	C_R_001
C_R_023	C_R_002
C_R_023	C_R_003
C_R_023	C_R_004
C_R_023	C_R_005
C_R_023	C_R_006
C_R_023	C_R_007
C_R_023	C_R_008
C_R_023	C_R_009
C_R_023	C_R_010
C_R_023	C_R_011
C_R_023	C_R_012
C_R_023	C_R_013
C_R_023	C_R_014
C_R_023	C_R_015
C_R_023	C_R_016
C_R_023	C_R_017
C_R_023	C_R_018
C_R_023	C_R_019
C_R_023	C_R_020
C_R_023	C_R_021
C_R_023	C_R_022
C_R_023	C_R_024
C_R_023	C_R_025
C_R_023	C_R_026
C_R_023	C_R_027
C_R_023	C_R_028
C_R_023	C_R_029
C_R_023	C_R_030
C_R_023	C_R_031
C_R_023	C_R_032
C_R_023	C_R_033
C_R_023	C_R_034
C_R_023	C_R_035
C_R_023	C_R_036
C_R_023	C_R_037
C_R_023	C_R_038
C_R_023	C_R_039
C_R_023	C_R_040
C_R_023	C_R_041
C_R_023	C_R_042
C_R_023	C_R_043
C_R_023	C_R_044
C_R_023	C_R_045
C_R_023	C_R_046
C_R_023	C_R_047
C_R_023	C_R_048
C_R_023	C_R_049
C_R_023	C_R_050
C_R_023	S_L_PutVA
C_R_023	S_L_PutDA
C_R_023	S_L_PutVP
C_R_023	S_L_PutDP
C_R_023	S_L_CauVA
C_R_023	S_L_CauDA
C_R_023	S_L_CauBody
C_R_023	S_L_CauTail
C_R_023	S_L_NAcShell
C_R_023	S_L_NAcCore
C_R_023	S_R_PutVA
C_R_023	S_R_PutDA
C_R_023	S_R_PutVP
C_R_023	S_R_PutDP
C_R_023	S_R_CauVA
C_R_023	S_R_CauDA
C_R_023	S_R_CauBody
C_R_023	S_R_CauTail
C_R_023	S_R_NAcShell
C_R_023	S_R_NAcCore
C_R_023	Th_L_VAip
C_R_023	Th_L_VAia
C_R_023	Th_L_VPm
C_R_023	Th_L_VPl
C_R_023	Th_L_VAs
C_R_023	Th_L_DAm
C_R_023	Th_L_DAl
C_R_023	Th_L_DP
C_R_023	A_L_Lat
C_R_023	A_L_Med
C_R_023	H_L_HeadM1
C_R_023	H_L_HeadM2
C_R_023	H_L_HeadL
C_R_023	H_L_Body
C_R_023	H_L_Tail
C_R_023	Th_R_VAip
C_R_023	Th_R_VAia
C_R_023	Th_R_VPm
C_R_023	Th_R_VPl
C_R_023	Th_R_VAs
C_R_023	Th_R_DAm
C_R_023	Th_R_DAl
C_R_023	Th_R_DP
C_R_023	A_R_Lat
C_R_023	A_R_Med
C_R_023	H_R_HeadM1
C_R_023	H_R_HeadM2
C_R_023	H_R_HeadL
C_R_023	H_R_Body
C_R_023	H_R_Tail
C_R_023	STN_L
C_R_023	STN_R
C_R_024	C_L_001
C_R_024	C_L_002
C_R_024	C_L_003
C_R_024	C_L_004
C_R_024	C_L_005
C_R_024	C_L_006
C_R_024	C_L_007
C_R_024	C_L_008
C_R_024	C_L_009
C_R_024	C_L_010
C_R_024	C_L_011
C_R_024	C_L_012
C_R_024	C_L_013
C_R_024	C_L_014
C_R_024	C_L_015
C_R_024	C_L_016
C_R_024	C_L_017
C_R_024	C_L_018
C_R_024	C_L_019
C_R_024	C_L_020
C_R_024	C_L_021
C_R_024	C_L_022
C_R_024	C_L_023
C_R_024	C_L_024
C_R_024	C_L_025
C_R_024	C_L_026
C_R_024	C_L_027
C_R_024	C_L_028
C_R_024	C_L_029
C_R_024	C_L_030
C_R_024	C_L_031
C_R_024	C_L_032
C_R_024	C_L_033
C_R_024	C_L_034
C_R_024	C_L_035
C_R_024	C_L_036
C_R_024	C_L_037
C_R_024	C_L_038
C_R_024	C_L_039
C_R_024	C_L_040
C_R_024	C_L_041
C_R_024	C_L_042
C_R_024	C_L_043
C_R_024	C_L_044
C_R_024	C_L_045
C_R_024	C_L_046
C_R_024	C_L_047
C_R_024	C_L_048
C_R_024	C_L_049
C_R_024	C_L_050
C_R_024	C_R_001
C_R_024	C_R_002
C_R_024	C_R_003
C_R_024	C_R_004
C_R_024	C_R_005
C_R_024	C_R_006
C_R_024	C_R_007
C_R_024	C_R_008
C_R_024	C_R_009
C_R_024	C_R_010
C_R_024	C_R_011
C_R_024	C_R_012
C_R_024	C_R_013
C_R_024	C_R_014
C_R_024	C_R_015
C_R_024	C_R_016
C_R_024	C_R_017
C_R_024	C_R_018
C_R_024	C_R_019
C_R_024	C_R_020
C_R_024	C_R_021
C_R_024	C_R_022
C_R_024	C_R_023
C_R_024	C_R_025
C_R_024	C_R_026
C_R_024	C_R_027
C_R_024	C_R_028
C_R_024	C_R_029
C_R_024	C_R_030
C_R_024	C_R_031
C_R_024	C_R_032
C_R_024	C_R_033
C_R_024	C_R_034
C_R_024	C_R_035
C_R_024	C_R_036
C_R_024	C_R_037
C_R_024	C_R_038
C_R_024	C_R_039
C_R_024	C_R_040
C_R_024	C_R_041
C_R_024	C_R_042
C_R_024	C_R_043
C_R_024	C_R_044
C_R_024	C_R_045
C_R_024	C_R_046
C_R_024	C_R_047
C_R_024	C_R_048
C_R_024	C_R_049
C_R_024	C_R_050
C_R_024	S_L_PutVA
C_R_024	S_L_PutDA
C_R_024	S_L_PutVP
C_R_024	S_L_PutDP
C_R_024	S_L_CauVA
C_R_024	S_L_CauDA
C_R_024	S_L_CauBody
C_R_024	S_L_CauTail
C_R_024	S_L_NAcShell
C_R_024	S_L_NAcCore
C_R_024	S_R_PutVA
C_R_024	S_R_PutDA
C_R_024	S_R_PutVP
C_R_024	S_R_PutDP
C_R_024	S_R_CauVA
C_R_024	S_R_CauDA
C_R_024	S_R_CauBody
C_R_024	S_R_CauTail
C_R_024	S_R_NAcShell
C_R_024	S_R_NAcCore
C_R_024	Th_L_VAip
C_R_024	Th_L_VAia
C_R_024	Th_L_VPm
C_R_024	Th_L_VPl
C_R_024	Th_L_VAs
C_R_024	Th_L_DAm
C_R_024	Th_L_DAl
C_R_024	Th_L_DP
C_R_024	A_L_Lat
C_R_024	A_L_Med
C_R_024	H_L_HeadM1
C_R_024	H_L_HeadM2
C_R_024	H_L_HeadL
C_R_024	H_L_Body
C_R_024	H_L_Tail
C_R_024	Th_R_VAip
C_R_024	Th_R_VAia
C_R_024	Th_R_VPm
C_R_024	Th_R_VPl
C_R_024	Th_R_VAs
C_R_024	Th_R_DAm
C_R_024	Th_R_DAl
C_R_024	Th_R_DP
C_R_024	A_R_Lat
C_R_024	A_R_Med
C_R_024	H_R_HeadM1
C_R_024	H_R_HeadM2
C_R_024	H_R_HeadL
C_R_024	H_R_Body
C_R_024	H_R_Tail
C_R_024	STN_L
C_R_024	STN_R
C_R_025	C_L_001
C_R_025	C_L_002
C_R_025	C_L_003
C_R_025	C_L_004
C_R_025	C_L_005
C_R_025	C_L_006
C_R_025	C_L_007
C_R_025	C_L_008
C_R_025	C_L_009
C_R_025	C_L_010
C_R_025	C_L_011
C_R_025	C_L_012
C_R_025	C_L_013
C_R_025	C_L_014
C_R_025	C_L_015
C_R_025	C_L_016
C_R_025	C_L_017
C_R_025	C_L_018
C_R_025	C_L_019
C_R_025	C_L_020
C_R_025	C_L_021
C_R_025	C_L_022
C_R_025	C_L_023
C_R_025	C_L_024
C_R_025	C_L_025
C_R_025	C_L_026
C_R_025	C_L_027
C_R_025	C_L_028
C_R_025	C_L_029
C_R_025	C_L_030
C_R_025	C_L_031
C_R_025	C_L_032
C_R_025	C_L_033
C_R_025	C_L_034
C_R_025	C_L_035
C_R_025	C_L_036
C_R_025	C_L_037
C_R_025	C_L_038
C_R_025	C_L_039
C_R_025	C_L_040
C_R_025	C_L_041
C_R_025	C_L_042
C_R_025	C_L_043
C_R_025	C_L_044
C_R_025	C_L_045
C_R_025	C_L_046
C_R_025	C_L_047
C_R_025	C_L_048
C_R_025	C_L_049
C_R_025	C_L_050
C_R_025	C_R_001
C_R_025	C_R_002
C_R_025	C_R_003
C_R_025	C_R_004
C_R_025	C_R_005
C_R_025	C_R_006
C_R_025	C_R_007
C_R_025	C_R_008
C_R_025	C_R_009
C_R_025	C_R_010
C_R_025	C_R_011
C_R_025	C_R_012
C_R_025	C_R_013
C_R_025	C_R_014
C_R_025	C_R_015
C_R_025	C_R_016
C_R_025	C_R_017
C_R_025	C_R_018
C_R_025	C_R_019
C_R_025	C_R_020
C_R_025	C_R_021
C_R_025	C_R_022
C_R_025	C_R_023
C_R_025	C_R_024
C_R_025	C_R_026
C_R_025	C_R_027
C_R_025	C_R_028
C_R_025	C_R_029
C_R_025	C_R_030
C_R_025	C_R_031
C_R_025	C_R_032
C_R_025	C_R_033
C_R_025	C_R_034
C_R_025	C_R_035
C_R_025	C_R_036
C_R_025	C_R_037
C_R_025	C_R_038
C_R_025	C_R_039
C_R_025	C_R_040
C_R_025	C_R_041
C_R_025	C_R_042
C_R_025	C_R_043
C_R_025	C_R_044
C_R_025	C_R_045
C_R_025	C_R_046
C_R_025	C_R_047
C_R_025	C_R_048
C_R_025	C_R_049
C_R_025	C_R_050
C_R_025	S_L_PutVA
C_R_025	S_L_PutDA
C_R_025	S_L_PutVP
C_R_025	S_L_PutDP
C_R_025	S_L_CauVA
C_R_025	S_L_CauDA
C_R_025	S_L_CauBody
C_R_025	S_L_CauTail
C_R_025	S_L_NAcShell
C_R_025	S_L_NAcCore
C_R_025	S_R_PutVA
C_R_025	S_R_PutDA
C_R_025	S_R_PutVP
C_R_025	S_R_PutDP
C_R_025	S_R_CauVA
C_R_025	S_R_CauDA
C_R_025	S_R_CauBody
C_R_025	S_R_CauTail
C_R_025	S_R_NAcShell
C_R_025	S_R_NAcCore
C_R_025	Th_L_VAip
C_R_025	Th_L_VAia
C_R_025	Th_L_VPm
C_R_025	Th_L_VPl
C_R_025	Th_L_VAs
C_R_025	Th_L_DAm
C_R_025	Th_L_DAl
C_R_025	Th_L_DP
C_R_025	A_L_Lat
C_R_025	A_L_Med
C_R_025	H_L_HeadM1
C_R_025	H_L_HeadM2
C_R_025	H_L_HeadL
C_R_025	H_L_Body
C_R_025	H_L_Tail
C_R_025	Th_R_VAip
C_R_025	Th_R_VAia
C_R_025	Th_R_VPm
C_R_025	Th_R_VPl
C_R_025	Th_R_VAs
C_R_025	Th_R_DAm
C_R_025	Th_R_DAl
C_R_025	Th_R_DP
C_R_025	A_R_Lat
C_R_025	A_R_Med
C_R_025	H_R_HeadM1
C_R_025	H_R_HeadM2
C_R_025	H_R_HeadL
C_R_025	H_R_Body
C_R_025	H_R_Tail
C_R_025	STN_L
C_R_025	STN_R
C_R_026	C_L_001
C_R_026	C_L_002
C_R_026	C_L_003
C_R_026	C_L_004
C_R_026	C_L_005
C_R_026	C_L_006
C_R_026	C_L_007
C_R_026	C_L_008
C_R_026	C_L_009
C_R_026	C_L_010
C_R_026	C_L_011
C_R_026	C_L_012
C_R_026	C_L_013
C_R_026	C_L_014
C_R_026	C_L_015
C_R_026	C_L_016
C_R_026	C_L_017
C_R_026	C_L_018
C_R_026	C_L_019
C_R_026	C_L_020
C_R_026	C_L_021
C_R_026	C_L_022
C_R_026	C_L_023
C_R_026	C_L_024
C_R_026	C_L_025
C_R_026	C_L_026
C_R_026	C_L_027
C_R_026	C_L_028
C_R_026	C_L_029
C_R_026	C_L_030
C_R_026	C_L_031
C_R_026	C_L_032
C_R_026	C_L_033
C_R_026	C_L_034
C_R_026	C_L_035
C_R_026	C_L_036
C_R_026	C_L_037
C_R_026	C_L_038
C_R_026	C_L_039
C_R_026	C_L_040
C_R_026	C_L_041
C_R_026	C_L_042
C_R_026	C_L_043
C_R_026	C_L_044
C_R_026	C_L_045
C_R_026	C_L_046
C_R_026	C_L_047
C_R_026	C_L_048
C_R_026	C_L_049
C_R_026	C_L_050
C_R_026	C_R_001
C_R_026	C_R_002
C_R_026	C_R_003
C_R_026	C_R_004
C_R_026	C_R_005
C_R_026	C_R_006
C_R_026	C_R_007
C_R_026	C_R_008
C_R_026	C_R_009
C_R_026	C_R_010
C_R_026	C_R_011
C_R_026	C_R_012
C_R_026	C_R_013
C_R_026	C_R_014
C_R_026	C_R_015
C_R_026	C_R_016
C_R_026	C_R_017
C_R_026	C_R_018
C_R_026	C_R_019
C_R_026	C_R_020
C_R_026	C_R_021
C_R_026	C_R_022
C_R_026	C_R_023
C_R_026	C_R_024
C_R_026	C_R_025
C_R_026	C_R_027
C_R_026	C_R_028
C_R_026	C_R_029
C_R_026	C_R_030
C_R_026	C_R_031
C_R_026	C_R_032
C_R_026	C_R_033
C_R_026	C_R_034
C_R_026	C_R_035
C_R_026	C_R_036
C_R_026	C_R_037
C_R_026	C_R_038
C_R_026	C_R_039
C_R_026	C_R_040
C_R_026	C_R_041
C_R_026	C_R_042
C_R_026	C_R_043
C_R_026	C_R_044
C_R_026	C_R_045
C_R_026	C_R_046
C_R_026	C_R_047
C_R_026	C_R_048
C_R_026	C_R_049
C_R_026	C_R_050
C_R_026	S_L_PutVA
C_R_026	S_L_PutDA
C_R_026	S_L_PutVP
C_R_026	S_L_PutDP
C_R_026	S_L_CauVA
C_R_026	S_L_CauDA
C_R_026	S_L_CauBody
C_R_026	S_L_CauTail
C_R_026	S_L_NAcShell
C_R_026	S_L_NAcCore
C_R_026	S_R_PutVA
C_R_026	S_R_PutDA
C_R_026	S_R_PutVP
C_R_026	S_R_PutDP
C_R_026	S_R_CauVA
C_R_026	S_R_CauDA
C_R_026	S_R_CauBody
C_R_026	S_R_CauTail
C_R_026	S_R_NAcShell
C_R_026	S_R_NAcCore
C_R_026	Th_L_VAip
C_R_026	Th_L_VAia
C_R_026	Th_L_VPm
C_R_026	Th_L_VPl
C_R_026	Th_L_VAs
C_R_026	Th_L_DAm
C_R_026	Th_L_DAl
C_R_026	Th_L_DP
C_R_026	A_L_Lat
C_R_026	A_L_Med
C_R_026	H_L_HeadM1
C_R_026	H_L_HeadM2
C_R_026	H_L_HeadL
C_R_026	H_L_Body
C_R_026	H_L_Tail
C_R_026	Th_R_VAip
C_R_026	Th_R_VAia
C_R_026	Th_R_VPm
C_R_026	Th_R_VPl
C_R_026	Th_R_VAs
C_R_026	Th_R_DAm
C_R_026	Th_R_DAl
C_R_026	Th_R_DP
C_R_026	A_R_Lat
C_R_026	A_R_Med
C_R_026	H_R_HeadM1
C_R_026	H_R_HeadM2
C_R_026	H_R_HeadL
C_R_026	H_R_Body
C_R_026	H_R_Tail
C_R_026	STN_L
C_R_026	STN_R
C_R_027	C_L_001
C_R_027	C_L_002
C_R_027	C_L_003
C_R_027	C_L_004
C_R_027	C_L_005
C_R_027	C_L_006
C_R_027	C_L_007
C_R_027	C_L_008
C_R_027	C_L_009
C_R_027	C_L_010
C_R_027	C_L_011
C_R_027	C_L_012
C_R_027	C_L_013
C_R_027	C_L_014
C_R_027	C_L_015
C_R_027	C_L_016
C_R_027	C_L_017
C_R_027	C_L_018
C_R_027	C_L_019
C_R_027	C_L_020
C_R_027	C_L_021
C_R_027	C_L_022
C_R_027	C_L_023
C_R_027	C_L_024
C_R_027	C_L_025
C_R_027	C_L_026
C_R_027	C_L_027
C_R_027	C_L_028
C_R_027	C_L_029
C_R_027	C_L_030
C_R_027	C_L_031
C_R_027	C_L_032
C_R_027	C_L_033
C_R_027	C_L_034
C_R_027	C_L_035
C_R_027	C_L_036
C_R_027	C_L_037
C_R_027	C_L_038
C_R_027	C_L_039
C_R_027	C_L_040
C_R_027	C_L_041
C_R_027	C_L_042
C_R_027	C_L_043
C_R_027	C_L_044
C_R_027	C_L_045
C_R_027	C_L_046
C_R_027	C_L_047
C_R_027	C_L_048
C_R_027	C_L_049
C_R_027	C_L_050
C_R_027	C_R_001
C_R_027	C_R_002
C_R_027	C_R_003
C_R_027	C_R_004
C_R_027	C_R_005
C_R_027	C_R_006
C_R_027	C_R_007
C_R_027	C_R_008
C_R_027	C_R_009
C_R_027	C_R_010
C_R_027	C_R_011
C_R_027	C_R_012
C_R_027	C_R_013
C_R_027	C_R_014
C_R_027	C_R_015
C_R_027	C_R_016
C_R_027	C_R_017
C_R_027	C_R_018
C_R_027	C_R_019
C_R_027	C_R_020
C_R_027	C_R_021
C_R_027	C_R_022
C_R_027	C_R_023
C_R_027	C_R_024
C_R_027	C_R_025
C_R_027	C_R_026
C_R_027	C_R_028
C_R_027	C_R_029
C_R_027	C_R_030
C_R_027	C_R_031
C_R_027	C_R_032
C_R_027	C_R_033
C_R_027	C_R_034
C_R_027	C_R_035
C_R_027	C_R_036
C_R_027	C_R_037
C_R_027	C_R_038
C_R_027	C_R_039
C_R_027	C_R_040
C_R_027	C_R_041
C_R_027	C_R_042
C_R_027	C_R_043
C_R_027	C_R_044
C_R_027	C_R_045
C_R_027	C_R_046
C_R_027	C_R_047
C_R_027	C_R_048
C_R_027	C_R_049
C_R_027	C_R_050
C_R_027	S_L_PutVA
C_R_027	S_L_PutDA
C_R_027	S_L_PutVP
C_R_027	S_L_PutDP
C_R_027	S_L_CauVA
C_R_027	S_L_CauDA
C_R_027	S_L_CauBody
C_R_027	S_L_CauTail
C_R_027	S_L_NAcShell
C_R_027	S_L_NAcCore
C_R_027	S_R_PutVA
C_R_027	S_R_PutDA
C_R_027	S_R_PutVP
C_R_027	S_R_PutDP
C_R_027	S_R_CauVA
C_R_027	S_R_CauDA
C_R_027	S_R_CauBody
C_R_027	S_R_CauTail
C_R_027	S_R_NAcShell
C_R_027	S_R_NAcCore
C_R_027	Th_L_VAip
C_R_027	Th_L_VAia
C_R_027	Th_L_VPm
C_R_027	Th_L_VPl
C_R_027	Th_L_VAs
C_R_027	Th_L_DAm
C_R_027	Th_L_DAl
C_R_027	Th_L_DP
C_R_027	A_L_Lat
C_R_027	A_L_Med
C_R_027	H_L_HeadM1
C_R_027	H_L_HeadM2
C_R_027	H_L_HeadL
C_R_027	H_L_Body
C_R_027	H_L_Tail
C_R_027	Th_R_VAip
C_R_027	Th_R_VAia
C_R_027	Th_R_VPm
C_R_027	Th_R_VPl
C_R_027	Th_R_VAs
C_R_027	Th_R_DAm
C_R_027	Th_R_DAl
C_R_027	Th_R_DP
C_R_027	A_R_Lat
C_R_027	A_R_Med
C_R_027	H_R_HeadM1
C_R_027	H_R_HeadM2
C_R_027	H_R_HeadL
C_R_027	H_R_Body
C_R_027	H_R_Tail
C_R_027	STN_L
C_R_027	STN_R
C_R_028	C_L_001
C_R_028	C_L_002
C_R_028	C_L_003
C_R_028	C_L_004
C_R_028	C_L_005
C_R_028	C_L_006
C_R_028	C_L_007
C_R_028	C_L_008
C_R_028	C_L_009
C_R_028	C_L_010
C_R_028	C_L_011
C_R_028	C_L_012
C_R_028	C_L_013
C_R_028	C_L_014
C_R_028	C_L_015
C_R_028	C_L_016
C_R_028	C_L_017
C_R_028	C_L_018
C_R_028	C_L_019
C_R_028	C_L_020
C_R_028	C_L_021
C_R_028	C_L_022
C_R_028	C_L_023
C_R_028	C_L_024
C_R_028	C_L_025
C_R_028	C_L_026
C_R_028	C_L_027
C_R_028	C_L_028
C_R_028	C_L_029
C_R_028	C_L_030
C_R_028	C_L_031
C_R_028	C_L_032
C_R_028	C_L_033
C_R_028	C_L_034
C_R_028	C_L_035
C_R_028	C_L_036
C_R_028	C_L_037
C_R_028	C_L_038
C_R_028	C_L_039
C_R_028	C_L_040
C_R_028	C_L_041
C_R_028	C_L_042
C_R_028	C_L_043
C_R_028	C_L_044
C_R_028	C_L_045
C_R_028	C_L_046
C_R_028	C_L_047
C_R_028	C_L_048
C_R_028	C_L_049
C_R_028	C_L_050
C_R_028	C_R_001
C_R_028	C_R_002
C_R_028	C_R_003
C_R_028	C_R_004
C_R_028	C_R_005
C_R_028	C_R_006
C_R_028	C_R_007
C_R_028	C_R_008
C_R_028	C_R_009
C_R_028	C_R_010
C_R_028	C_R_011
C_R_028	C_R_012
C_R_028	C_R_013
C_R_028	C_R_014
C_R_028	C_R_015
C_R_028	C_R_016
C_R_028	C_R_017
C_R_028	C_R_018
C_R_028	C_R_019
C_R_028	C_R_020
C_R_028	C_R_021
C_R_028	C_R_022
C_R_028	C_R_023
C_R_028	C_R_024
C_R_028	C_R_025
C_R_028	C_R_026
C_R_028	C_R_027
C_R_028	C_R_029
C_R_028	C_R_030
C_R_028	C_R_031
C_R_028	C_R_032
C_R_028	C_R_033
C_R_028	C_R_034
C_R_028	C_R_035
C_R_028	C_R_036
C_R_028	C_R_037
C_R_028	C_R_038
C_R_028	C_R_039
C_R_028	C_R_040
C_R_028	C_R_041
C_R_028	C_R_042
C_R_028	C_R_043
C_R_028	C_R_044
C_R_028	C_R_045
C_R_028	C_R_046
C_R_028	C_R_047
C_R_028	C_R_048
C_R_028	C_R_049
C_R_028	C_R_050
C_R_028	S_L_PutVA
C_R_028	S_L_PutDA
C_R_028	S_L_PutVP
C_R_028	S_L_PutDP
C_R_028	S_L_CauVA
C_R_028	S_L_CauDA
C_R_028	S_L_CauBody
C_R_028	S_L_CauTail
C_R_028	S_L_NAcShell
C_R_028	S_L_NAcCore
C_R_028	S_R_PutVA
C_R_028	S_R_PutDA
C_R_028	S_R_PutVP
C_R_028	S_R_PutDP
C_R_028	S_R_CauVA
C_R_028	S_R_CauDA
C_R_028	S_R_CauBody
C_R_028	S_R_CauTail
C_R_028	S_R_NAcShell
C_R_028	S_R_NAcCore
C_R_028	Th_L_VAip
C_R_028	Th_L_VAia
C_R_028	Th_L_VPm
C_R_028	Th_L_VPl
C_R_028	Th_L_VAs
C_R_028	Th_L_DAm
C_R_028	Th_L_DAl
C_R_028	Th_L_DP
C_R_028	A_L_Lat
C_R_028	A_L_Med
C_R_028	H_L_HeadM1
C_R_028	H_L_HeadM2
C_R_028	H_L_HeadL
C_R_028	H_L_Body
C_R_028	H_L_Tail
C_R_028	Th_R_VAip
C_R_028	Th_R_VAia
C_R_028	Th_R_VPm
C_R_028	Th_R_VPl
C_R_028	Th_R_VAs
C_R_028	Th_R_DAm
C_R_028	Th_R_DAl
C_R_028	Th_R_DP
C_R_028	A_R_Lat
C_R_028	A_R_Med
C_R_028	H_R_HeadM1
C_R_028	H_R_HeadM2
C_R_028	H_R_HeadL
C_R_028	H_R_Body
C_R_028	H_R_Tail
C_R_028	STN_L
C_R_028	STN_R
C_R_029	C_L_001
C_R_029	C_L_002
C_R_029	C_L_003
C_R_029	C_L_004
C_R_029	C_L_005
C_R_029	C_L_006
C_R_029	C_L_007
C_R_029	C_L_008
C_R_029	C_L_009
C_R_029	C_L_010
C_R_029	C_L_011
C_R_029	C_L_012
C_R_029	C_L_013
C_R_029	C_L_014
C_R_029	C_L_015
C_R_029	C_L_016
C_R_029	C_L_017
C_R_029	C_L_018
C_R_029	C_L_019
C_R_029	C_L_020
C_R_029	C_L_021
C_R_029	C_L_022
C_R_029	C_L_023
C_R_029	C_L_024
C_R_029	C_L_025
C_R_029	C_L_026
C_R_029	C_L_027
C_R_029	C_L_028
C_R_029	C_L_029
C_R_029	C_L_030
C_R_029	C_L_031
C_R_029	C_L_032
C_R_029	C_L_033
C_R_029	C_L_034
C_R_029	C_L_035
C_R_029	C_L_036
C_R_029	C_L_037
C_R_029	C_L_038
C_R_029	C_L_039
C_R_029	C_L_040
C_R_029	C_L_041
C_R_029	C_L_042
C_R_029	C_L_043
C_R_029	C_L_044
C_R_029	C_L_045
C_R_029	C_L_046
C_R_029	C_L_047
C_R_029	C_L_048
C_R_029	C_L_049
C_R_029	C_L_050
C_R_029	C_R_001
C_R_029	C_R_002
C_R_029	C_R_003
C_R_029	C_R_004
C_R_029	C_R_005
C_R_029	C_R_006
C_R_029	C_R_007
C_R_029	C_R_008
C_R_029	C_R_009
C_R_029	C_R_010
C_R_029	C_R_011
C_R_029	C_R_012
C_R_029	C_R_013
C_R_029	C_R_014
C_R_029	C_R_015
C_R_029	C_R_016
C_R_029	C_R_017
C_R_029	C_R_018
C_R_029	C_R_019
C_R_029	C_R_020
C_R_029	C_R_021
C_R_029	C_R_022
C_R_029	C_R_023
C_R_029	C_R_024
C_R_029	C_R_025
C_R_029	C_R_026
C_R_029	C_R_027
C_R_029	C_R_028
C_R_029	C_R_030
C_R_029	C_R_031
C_R_029	C_R_032
C_R_029	C_R_033
C_R_029	C_R_034
C_R_029	C_R_035
C_R_029	C_R_036
C_R_029	C_R_037
C_R_029	C_R_038
C_R_029	C_R_039
C_R_029	C_R_040
C_R_029	C_R_041
C_R_029	C_R_042
C_R_029	C_R_043
C_R_029	C_R_044
C_R_029	C_R_045
C_R_029	C_R_046
C_R_029	C_R_047
C_R_029	C_R_048
C_R_029	C_R_049
C_R_029	C_R_050
C_R_029	S_L_PutVA
C_R_029	S_L_PutDA
C_R_029	S_L_PutVP
C_R_029	S_L_PutDP
C_R_029	S_L_CauVA
C_R_029	S_L_CauDA
C_R_029	S_L_CauBody
C_R_029	S_L_CauTail
C_R_029	S_L_NAcShell
C_R_029	S_L_NAcCore
C_R_029	S_R_PutVA
C_R_029	S_R_PutDA
C_R_029	S_R_PutVP
C_R_029	S_R_PutDP
C_R_029	S_R_CauVA
C_R_029	S_R_CauDA
C_R_029	S_R_CauBody
C_R_029	S_R_CauTail
C_R_029	S_R_NAcShell
C_R_029	S_R_NAcCore
C_R_029	Th_L_VAip
C_R_029	Th_L_VAia
C_R_029	Th_L_VPm
C_R_029	Th_L_VPl
C_R_029	Th_L_VAs
C_R_029	Th_L_DAm
C_R_029	Th_L_DAl
C_R_029	Th_L_DP
C_R_029	A_L_Lat
C_R_029	A_L_Med
C_R_029	H_L_HeadM1
C_R_029	H_L_HeadM2
C_R_029	H_L_HeadL
C_R_029	H_L_Body
C_R_029	H_L_Tail
C_R_029	Th_R_VAip
C_R_029	Th_R_VAia
C_R_029	Th_R_VPm
C_R_029	Th_R_VPl
C_R_029	Th_R_VAs
C_R_029	Th_R_DAm
C_R_029	Th_R_DAl
C_R_029	Th_R_DP
C_R_029	A_R_Lat
C_R_029	A_R_Med
C_R_029	H_R_HeadM1
C_R_029	H_R_HeadM2
C_R_029	H_R_HeadL
C_R_029	H_R_Body
C_R_029	H_R_Tail
C_R_029	STN_L
C_R_029	STN_R
C_R_030	C_L_001
C_R_030	C_L_002
C_R_030	C_L_003
C_R_030	C_L_004
C_R_030	C_L_005
C_R_030	C_L_006
C_R_030	C_L_007
C_R_030	C_L_008
C_R_030	C_L_009
C_R_030	C_L_010
C_R_030	C_L_011
C_R_030	C_L_012
C_R_030	C_L_013
C_R_030	C_L_014
C_R_030	C_L_015
C_R_030	C_L_016
C_R_030	C_L_017
C_R_030	C_L_018
C_R_030	C_L_019
C_R_030	C_L_020
C_R_030	C_L_021
C_R_030	C_L_022
C_R_030	C_L_023
C_R_030	C_L_024
C_R_030	C_L_025
C_R_030	C_L_026
C_R_030	C_L_027
C_R_030	C_L_028
C_R_030	C_L_029
C_R_030	C_L_030
C_R_030	C_L_031
C_R_030	C_L_032
C_R_030	C_L_033
C_R_030	C_L_034
C_R_030	C_L_035
C_R_030	C_L_036
C_R_030	C_L_037
C_R_030	C_L_038
C_R_030	C_L_039
C_R_030	C_L_040
C_R_030	C_L_041
C_R_030	C_L_042
C_R_030	C_L_043
C_R_030	C_L_044
C_R_030	C_L_045
C_R_030	C_L_046
C_R_030	C_L_047
C_R_030	C_L_048
C_R_030	C_L_049
C_R_030	C_L_050
C_R_030	C_R_001
C_R_030	C_R_002
C_R_030	C_R_003
C_R_030	C_R_004
C_R_030	C_R_005
C_R_030	C_R_006
C_R_030	C_R_007
C_R_030	C_R_008
C_R_030	C_R_009
C_R_030	C_R_010
C_R_030	C_R_011
C_R_030	C_R_012
C_R_030	C_R_013
C_R_030	C_R_014
C_R_030	C_R_015
C_R_030	C_R_016
C_R_030	C_R_017
C_R_030	C_R_018
C_R_030	C_R_019
C_R_030	C_R_020
C_R_030	C_R_021
C_R_030	C_R_022
C_R_030	C_R_023
C_R_030	C_R_024
C_R_030	C_R_025
C_R_030	C_R_026
C_R_030	C_R_027
C_R_030	C_R_028
C_R_030	C_R_029
C_R_030	C_R_031
C_R_030	C_R_032
C_R_030	C_R_033
C_R_030	C_R_034
C_R_030	C_R_035
C_R_030	C_R_036
C_R_030	C_R_037
C_R_030	C_R_038
C_R_030	C_R_039
C_R_030	C_R_040
C_R_030	C_R_041
C_R_030	C_R_042
C_R_030	C_R_043
C_R_030	C_R_044
C_R_030	C_R_045
C_R_030	C_R_046
C_R_030	C_R_047
C_R_030	C_R_048
C_R_030	C_R_049
C_R_030	C_R_050
C_R_030	S_L_PutVA
C_R_030	S_L_PutDA
C_R_030	S_L_PutVP
C_R_030	S_L_PutDP
C_R_030	S_L_CauVA
C_R_030	S_L_CauDA
C_R_030	S_L_CauBody
C_R_030	S_L_CauTail
C_R_030	S_L_NAcShell
C_R_030	S_L_NAcCore
C_R_030	S_R_PutVA
C_R_030	S_R_PutDA
C_R_030	S_R_PutVP
C_R_030	S_R_PutDP
C_R_030	S_R_CauVA
C_R_030	S_R_CauDA
C_R_030	S_R_CauBody
C_R_030	S_R_CauTail
C_R_030	S_R_NAcShell
C_R_030	S_R_NAcCore
C_R_030	Th_L_VAip
C_R_030	Th_L_VAia
C_R_030	Th_L_VPm
C_R_030	Th_L_VPl
C_R_030	Th_L_VAs
C_R_030	Th_L_DAm
C_R_030	Th_L_DAl
C_R_030	Th_L_DP
C_R_030	A_L_Lat
C_R_030	A_L_Med
C_R_030	H_L_HeadM1
C_R_030	H_L_HeadM2
C_R_030	H_L_HeadL
C_R_030	H_L_Body
C_R_030	H_L_Tail
C_R_030	Th_R_VAip
C_R_030	Th_R_VAia
C_R_030	Th_R_VPm
C_R_030	Th_R_VPl
C_R_030	Th_R_VAs
C_R_030	Th_R_DAm
C_R_030	Th_R_DAl
C_R_030	Th_R_DP
C_R_030	A_R_Lat
C_R_030	A_R_Med
C_R_030	H_R_HeadM1
C_R_030	H_R_HeadM2
C_R_030	H_R_HeadL
C_R_030	H_R_Body
C_R_030	H_R_Tail
C_R_030	STN_L
C_R_030	STN_R
C_R_031	C_L_001
C_R_031	C_L_002
C_R_031	C_L_003
C_R_031	C_L_004
C_R_031	C_L_005
C_R_031	C_L_006
C_R_031	C_L_007
C_R_031	C_L_008
C_R_031	C_L_009
C_R_031	C_L_010
C_R_031	C_L_011
C_R_031	C_L_012
C_R_031	C_L_013
C_R_031	C_L_014
C_R_031	C_L_015
C_R_031	C_L_016
C_R_031	C_L_017
C_R_031	C_L_018
C_R_031	C_L_019
C_R_031	C_L_020
C_R_031	C_L_021
C_R_031	C_L_022
C_R_031	C_L_023
C_R_031	C_L_024
C_R_031	C_L_025
C_R_031	C_L_026
C_R_031	C_L_027
C_R_031	C_L_028
C_R_031	C_L_029
C_R_031	C_L_030
C_R_031	C_L_031
C_R_031	C_L_032
C_R_031	C_L_033
C_R_031	C_L_034
C_R_031	C_L_035
C_R_031	C_L_036
C_R_031	C_L_037
C_R_031	C_L_038
C_R_031	C_L_039
C_R_031	C_L_040
C_R_031	C_L_041
C_R_031	C_L_042
C_R_031	C_L_043
C_R_031	C_L_044
C_R_031	C_L_045
C_R_031	C_L_046
C_R_031	C_L_047
C_R_031	C_L_048
C_R_031	C_L_049
C_R_031	C_L_050
C_R_031	C_R_001
C_R_031	C_R_002
C_R_031	C_R_003
C_R_031	C_R_004
C_R_031	C_R_005
C_R_031	C_R_006
C_R_031	C_R_007
C_R_031	C_R_008
C_R_031	C_R_009
C_R_031	C_R_010
C_R_031	C_R_011
C_R_031	C_R_012
C_R_031	C_R_013
C_R_031	C_R_014
C_R_031	C_R_015
C_R_031	C_R_016
C_R_031	C_R_017
C_R_031	C_R_018
C_R_031	C_R_019
C_R_031	C_R_020
C_R_031	C_R_021
C_R_031	C_R_022
C_R_031	C_R_023
C_R_031	C_R_024
C_R_031	C_R_025
C_R_031	C_R_026
C_R_031	C_R_027
C_R_031	C_R_028
C_R_031	C_R_029
C_R_031	C_R_030
C_R_031	C_R_032
C_R_031	C_R_033
C_R_031	C_R_034
C_R_031	C_R_035
C_R_031	C_R_036
C_R_031	C_R_037
C_R_031	C_R_038
C_R_031	C_R_039
C_R_031	C_R_040
C_R_031	C_R_041
C_R_031	C_R_042
C_R_031	C_R_043
C_R_031	C_R_044
C_R_031	C_R_045
C_R_031	C_R_046
C_R_031	C_R_047
C_R_031	C_R_048
C_R_031	C_R_049
C_R_031	C_R_050
C_R_031	S_L_PutVA
C_R_031	S_L_PutDA
C_R_031	S_L_PutVP
C_R_031	S_L_PutDP
C_R_031	S_L_CauVA
C_R_031	S_L_CauDA
C_R_031	S_L_CauBody
C_R_031	S_L_CauTail
C_R_031	S_L_NAcShell
C_R_031	S_L_NAcCore
C_R_031	S_R_PutVA
C_R_031	S_R_PutDA
C_R_031	S_R_PutVP
C_R_031	S_R_PutDP
C_R_031	S_R_CauVA
C_R_031	S_R_CauDA
C_R_031	S_R_CauBody
C_R_031	S_R_CauTail
C_R_031	S_R_NAcShell
C_R_031	S_R_NAcCore
C_R_031	Th_L_VAip
C_R_031	Th_L_VAia
C_R_031	Th_L_VPm
C_R_031	Th_L_VPl
C_R_031	Th_L_VAs
C_R_031	Th_L_DAm
C_R_031	Th_L_DAl
C_R_031	Th_L_DP
C_R_031	A_L_Lat
C_R_031	A_L_Med
C_R_031	H_L_HeadM1
C_R_031	H_L_HeadM2
C_R_031	H_L_HeadL
C_R_031	H_L_Body
C_R_031	H_L_Tail
C_R_031	Th_R_VAip
C_R_031	Th_R_VAia
C_R_031	Th_R_VPm
C_R_031	Th_R_VPl
C_R_031	Th_R_VAs
C_R_031	Th_R_DAm
C_R_031	Th_R_DAl
C_R_031	Th_R_DP
C_R_031	A_R_Lat
C_R_031	A_R_Med
C_R_031	H_R_HeadM1
C_R_031	H_R_HeadM2
C_R_031	H_R_HeadL
C_R_031	H_R_Body
C_R_031	H_R_Tail
C_R_031	STN_L
C_R_031	STN_R
C_R_032	C_L_001
C_R_032	C_L_002
C_R_032	C_L_003
C_R_032	C_L_004
C_R_032	C_L_005
C_R_032	C_L_006
C_R_032	C_L_007
C_R_032	C_L_008
C_R_032	C_L_009
C_R_032	C_L_010
C_R_032	C_L_011
C_R_032	C_L_012
C_R_032	C_L_013
C_R_032	C_L_014
C_R_032	C_L_015
C_R_032	C_L_016
C_R_032	C_L_017
C_R_032	C_L_018
C_R_032	C_L_019
C_R_032	C_L_020
C_R_032	C_L_021
C_R_032	C_L_022
C_R_032	C_L_023
C_R_032	C_L_024
C_R_032	C_L_025
C_R_032	C_L_026
C_R_032	C_L_027
C_R_032	C_L_028
C_R_032	C_L_029
C_R_032	C_L_030
C_R_032	C_L_031
C_R_032	C_L_032
C_R_032	C_L_033
C_R_032	C_L_034
C_R_032	C_L_035
C_R_032	C_L_036
C_R_032	C_L_037
C_R_032	C_L_038
C_R_032	C_L_039
C_R_032	C_L_040
C_R_032	C_L_041
C_R_032	C_L_042
C_R_032	C_L_043
C_R_032	C_L_044
C_R_032	C_L_045
C_R_032	C_L_046
C_R_032	C_L_047
C_R_032	C_L_048
C_R_032	C_L_049
C_R_032	C_L_050
C_R_032	C_R_001
C_R_032	C_R_002
C_R_032	C_R_003
C_R_032	C_R_004
C_R_032	C_R_005
C_R_032	C_R_006
C_R_032	C_R_007
C_R_032	C_R_008
C_R_032	C_R_009
C_R_032	C_R_010
C_R_032	C_R_011
C_R_032	C_R_012
C_R_032	C_R_013
C_R_032	C_R_014
C_R_032	C_R_015
C_R_032	C_R_016
C_R_032	C_R_017
C_R_032	C_R_018
C_R_032	C_R_019
C_R_032	C_R_020
C_R_032	C_R_021
C_R_032	C_R_022
C_R_032	C_R_023
C_R_032	C_R_024
C_R_032	C_R_025
C_R_032	C_R_026
C_R_032	C_R_027
C_R_032	C_R_028
C_R_032	C_R_029
C_R_032	C_R_030
C_R_032	C_R_031
C_R_032	C_R_033
C_R_032	C_R_034
C_R_032	C_R_035
C_R_032	C_R_036
C_R_032	C_R_037
C_R_032	C_R_038
C_R_032	C_R_039
C_R_032	C_R_040
C_R_032	C_R_041
C_R_032	C_R_042
C_R_032	C_R_043
C_R_032	C_R_044
C_R_032	C_R_045
C_R_032	C_R_046
C_R_032	C_R_047
C_R_032	C_R_048
C_R_032	C_R_049
C_R_032	C_R_050
C_R_032	S_L_PutVA
C_R_032	S_L_PutDA
C_R_032	S_L_PutVP
C_R_032	S_L_PutDP
C_R_032	S_L_CauVA
C_R_032	S_L_CauDA
C_R_032	S_L_CauBody
C_R_032	S_L_CauTail
C_R_032	S_L_NAcShell
C_R_032	S_L_NAcCore
C_R_032	S_R_PutVA
C_R_032	S_R_PutDA
C_R_032	S_R_PutVP
C_R_032	S_R_PutDP
C_R_032	S_R_CauVA
C_R_032	S_R_CauDA
C_R_032	S_R_CauBody
C_R_032	S_R_CauTail
C_R_032	S_R_NAcShell
C_R_032	S_R_NAcCore
C_R_032	Th_L_VAip
C_R_032	Th_L_VAia
C_R_032	Th_L_VPm
C_R_032	Th_L_VPl
C_R_032	Th_L_VAs
C_R_032	Th_L_DAm
C_R_032	Th_L_DAl
C_R_032	Th_L_DP
C_R_032	A_L_Lat
C_R_032	A_L_Med
C_R_032	H_L_HeadM1
C_R_032	H_L_HeadM2
C_R_032	H_L_HeadL
C_R_032	H_L_Body
C_R_032	H_L_Tail
C_R_032	Th_R_VAip
C_R_032	Th_R_VAia
C_R_032	Th_R_VPm
C_R_032	Th_R_VPl
C_R_032	Th_R_VAs
C_R_032	Th_R_DAm
C_R_032	Th_R_DAl
C_R_032	Th_R_DP
C_R_032	A_R_Lat
C_R_032	A_R_Med
C_R_032	H_R_HeadM1
C_R_032	H_R_HeadM2
C_R_032	H_R_HeadL
C_R_032	H_R_Body
C_R_032	H_R_Tail
C_R_032	STN_L
C_R_032	STN_R
C_R_033	C_L_001
C_R_033	C_L_002
C_R_033	C_L_003
C_R_033	C_L_004
C_R_033	C_L_005
C_R_033	C_L_006
C_R_033	C_L_007
C_R_033	C_L_008
C_R_033	C_L_009
C_R_033	C_L_010
C_R_033	C_L_011
C_R_033	C_L_012
C_R_033	C_L_013
C_R_033	C_L_014
C_R_033	C_L_015
C_R_033	C_L_016
C_R_033	C_L_017
C_R_033	C_L_018
C_R_033	C_L_019
C_R_033	C_L_020
C_R_033	C_L_021
C_R_033	C_L_022
C_R_033	C_L_023
C_R_033	C_L_024
C_R_033	C_L_025
C_R_033	C_L_026
C_R_033	C_L_027
C_R_033	C_L_028
C_R_033	C_L_029
C_R_033	C_L_030
C_R_033	C_L_031
C_R_033	C_L_032
C_R_033	C_L_033
C_R_033	C_L_034
C_R_033	C_L_035
C_R_033	C_L_036
C_R_033	C_L_037
C_R_033	C_L_038
C_R_033	C_L_039
C_R_033	C_L_040
C_R_033	C_L_041
C_R_033	C_L_042
C_R_033	C_L_043
C_R_033	C_L_044
C_R_033	C_L_045
C_R_033	C_L_046
C_R_033	C_L_047
C_R_033	C_L_048
C_R_033	C_L_049
C_R_033	C_L_050
C_R_033	C_R_001
C_R_033	C_R_002
C_R_033	C_R_003
C_R_033	C_R_004
C_R_033	C_R_005
C_R_033	C_R_006
C_R_033	C_R_007
C_R_033	C_R_008
C_R_033	C_R_009
C_R_033	C_R_010
C_R_033	C_R_011
C_R_033	C_R_012
C_R_033	C_R_013
C_R_033	C_R_014
C_R_033	C_R_015
C_R_033	C_R_016
C_R_033	C_R_017
C_R_033	C_R_018
C_R_033	C_R_019
C_R_033	C_R_020
C_R_033	C_R_021
C_R_033	C_R_022
C_R_033	C_R_023
C_R_033	C_R_024
C_R_033	C_R_025
C_R_033	C_R_026
C_R_033	C_R_027
C_R_033	C_R_028
C_R_033	C_R_029
C_R_033	C_R_030
C_R_033	C_R_031
C_R_033	C_R_032
C_R_033	C_R_034
C_R_033	C_R_035
C_R_033	C_R_036
C_R_033	C_R_037
C_R_033	C_R_038
C_R_033	C_R_039
C_R_033	C_R_040
C_R_033	C_R_041
C_R_033	C_R_042
C_R_033	C_R_043
C_R_033	C_R_044
C_R_033	C_R_045
C_R_033	C_R_046
C_R_033	C_R_047
C_R_033	C_R_048
C_R_033	C_R_049
C_R_033	C_R_050
C_R_033	S_L_PutVA
C_R_033	S_L_PutDA
C_R_033	S_L_PutVP
C_R_033	S_L_PutDP
C_R_033	S_L_CauVA
C_R_033	S_L_CauDA
C_R_033	S_L_CauBody
C_R_033	S_L_CauTail
C_R_033	S_L_NAcShell
C_R_033	S_L_NAcCore
C_R_033	S_R_PutVA
C_R_033	S_R_PutDA
C_R_033	S_R_PutVP
C_R_033	S_R_PutDP
C_R_033	S_R_CauVA
C_R_033	S_R_CauDA
C_R_033	S_R_CauBody
C_R_033	S_R_CauTail
C_R_033	S_R_NAcShell
C_R_033	S_R_NAcCore
C_R_033	Th_L_VAip
C_R_033	Th_L_VAia
C_R_033	Th_L_VPm
C_R_033	Th_L_VPl
C_R_033	Th_L_VAs
C_R_033	Th_L_DAm
C_R_033	Th_L_DAl
C_R_033	Th_L_DP
C_R_033	A_L_Lat
C_R_033	A_L_Med
C_R_033	H_L_HeadM1
C_R_033	H_L_HeadM2
C_R_033	H_L_HeadL
C_R_033	H_L_Body
C_R_033	H_L_Tail
C_R_033	Th_R_VAip
C_R_033	Th_R_VAia
C_R_033	Th_R_VPm
C_R_033	Th_R_VPl
C_R_033	Th_R_VAs
C_R_033	Th_R_DAm
C_R_033	Th_R_DAl
C_R_033	Th_R_DP
C_R_033	A_R_Lat
C_R_033	A_R_Med
C_R_033	H_R_HeadM1
C_R_033	H_R_HeadM2
C_R_033	H_R_HeadL
C_R_033	H_R_Body
C_R_033	H_R_Tail
C_R_033	STN_L
C_R_033	STN_R
C_R_034	C_L_001
C_R_034	C_L_002
C_R_034	C_L_003
C_R_034	C_L_004
C_R_034	C_L_005
C_R_034	C_L_006
C_R_034	C_L_007
C_R_034	C_L_008
C_R_034	C_L_009
C_R_034	C_L_010
C_R_034	C_L_011
C_R_034	C_L_012
C_R_034	C_L_013
C_R_034	C_L_014
C_R_034	C_L_015
C_R_034	C_L_016
C_R_034	C_L_017
C_R_034	C_L_018
C_R_034	C_L_019
C_R_034	C_L_020
C_R_034	C_L_021
C_R_034	C_L_022
C_R_034	C_L_023
C_R_034	C_L_024
C_R_034	C_L_025
C_R_034	C_L_026
C_R_034	C_L_027
C_R_034	C_L_028
C_R_034	C_L_029
C_R_034	C_L_030
C_R_034	C_L_031
C_R_034	C_L_032
C_R_034	C_L_033
C_R_034	C_L_034
C_R_034	C_L_035
C_R_034	C_L_036
C_R_034	C_L_037
C_R_034	C_L_038
C_R_034	C_L_039
C_R_034	C_L_040
C_R_034	C_L_041
C_R_034	C_L_042
C_R_034	C_L_043
C_R_034	C_L_044
C_R_034	C_L_045
C_R_034	C_L_046
C_R_034	C_L_047
C_R_034	C_L_048
C_R_034	C_L_049
C_R_034	C_L_050
C_R_034	C_R_001
C_R_034	C_R_002
C_R_034	C_R_003
C_R_034	C_R_004
C_R_034	C_R_005
C_R_034	C_R_006
C_R_034	C_R_007
C_R_034	C_R_008
C_R_034	C_R_009
C_R_034	C_R_010
C_R_034	C_R_011
C_R_034	C_R_012
C_R_034	C_R_013
C_R_034	C_R_014
C_R_034	C_R_015
C_R_034	C_R_016
C_R_034	C_R_017
C_R_034	C_R_018
C_R_034	C_R_019
C_R_034	C_R_020
C_R_034	C_R_021
C_R_034	C_R_022
C_R_034	C_R_023
C_R_034	C_R_024
C_R_034	C_R_025
C_R_034	C_R_026
C_R_034	C_R_027
C_R_034	C_R_028
C_R_034	C_R_029
C_R_034	C_R_030
C_R_034	C_R_031
C_R_034	C_R_032
C_R_034	C_R_033
C_R_034	C_R_035
C_R_034	C_R_036
C_R_034	C_R_037
C_R_034	C_R_038
C_R_034	C_R_039
C_R_034	C_R_040
C_R_034	C_R_041
C_R_034	C_R_042
C_R_034	C_R_043
C_R_034	C_R_044
C_R_034	C_R_045
C_R_034	C_R_046
C_R_034	C_R_047
C_R_034	C_R_048
C_R_034	C_R_049
C_R_034	C_R_050
C_R_034	S_L_PutVA
C_R_034	S_L_PutDA
C_R_034	S_L_PutVP
C_R_034	S_L_PutDP
C_R_034	S_L_CauVA
C_R_034	S_L_CauDA
C_R_034	S_L_CauBody
C_R_034	S_L_CauTail
C_R_034	S_L_NAcShell
C_R_034	S_L_NAcCore
C_R_034	S_R_PutVA
C_R_034	S_R_PutDA
C_R_034	S_R_PutVP
C_R_034	S_R_PutDP
C_R_034	S_R_CauVA
C_R_034	S_R_CauDA
C_R_034	S_R_CauBody
C_R_034	S_R_CauTail
C_R_034	S_R_NAcShell
C_R_034	S_R_NAcCore
C_R_034	Th_L_VAip
C_R_034	Th_L_VAia
C_R_034	Th_L_VPm
C_R_034	Th_L_VPl
C_R_034	Th_L_VAs
C_R_034	Th_L_DAm
C_R_034	Th_L_DAl
C_R_034	Th_L_DP
C_R_034	A_L_Lat
C_R_034	A_L_Med
C_R_034	H_L_HeadM1
C_R_034	H_L_HeadM2
C_R_034	H_L_HeadL
C_R_034	H_L_Body
C_R_034	H_L_Tail
C_R_034	Th_R_VAip
C_R_034	Th_R_VAia
C_R_034	Th_R_VPm
C_R_034	Th_R_VPl
C_R_034	Th_R_VAs
C_R_034	Th_R_DAm
C_R_034	Th_R_DAl
C_R_034	Th_R_DP
C_R_034	A_R_Lat
C_R_034	A_R_Med
C_R_034	H_R_HeadM1
C_R_034	H_R_HeadM2
C_R_034	H_R_HeadL
C_R_034	H_R_Body
C_R_034	H_R_Tail
C_R_034	STN_L
C_R_034	STN_R
C_R_035	C_L_001
C_R_035	C_L_002
C_R_035	C_L_003
C_R_035	C_L_004
C_R_035	C_L_005
C_R_035	C_L_006
C_R_035	C_L_007
C_R_035	C_L_008
C_R_035	C_L_009
C_R_035	C_L_010
C_R_035	C_L_011
C_R_035	C_L_012
C_R_035	C_L_013
C_R_035	C_L_014
C_R_035	C_L_015
C_R_035	C_L_016
C_R_035	C_L_017
C_R_035	C_L_018
C_R_035	C_L_019
C_R_035	C_L_020
C_R_035	C_L_021
C_R_035	C_L_022
C_R_035	C_L_023
C_R_035	C_L_024
C_R_035	C_L_025
C_R_035	C_L_026
C_R_035	C_L_027
C_R_035	C_L_028
C_R_035	C_L_029
C_R_035	C_L_030
C_R_035	C_L_031
C_R_035	C_L_032
C_R_035	C_L_033
C_R_035	C_L_034
C_R_035	C_L_035
C_R_035	C_L_036
C_R_035	C_L_037
C_R_035	C_L_038
C_R_035	C_L_039
C_R_035	C_L_040
C_R_035	C_L_041
C_R_035	C_L_042
C_R_035	C_L_043
C_R_035	C_L_044
C_R_035	C_L_045
C_R_035	C_L_046
C_R_035	C_L_047
C_R_035	C_L_048
C_R_035	C_L_049
C_R_035	C_L_050
C_R_035	C_R_001
C_R_035	C_R_002
C_R_035	C_R_003
C_R_035	C_R_004
C_R_035	C_R_005
C_R_035	C_R_006
C_R_035	C_R_007
C_R_035	C_R_008
C_R_035	C_R_009
C_R_035	C_R_010
C_R_035	C_R_011
C_R_035	C_R_012
C_R_035	C_R_013
C_R_035	C_R_014
C_R_035	C_R_015
C_R_035	C_R_016
C_R_035	C_R_017
C_R_035	C_R_018
C_R_035	C_R_019
C_R_035	C_R_020
C_R_035	C_R_021
C_R_035	C_R_022
C_R_035	C_R_023
C_R_035	C_R_024
C_R_035	C_R_025
C_R_035	C_R_026
C_R_035	C_R_027
C_R_035	C_R_028
C_R_035	C_R_029
C_R_035	C_R_030
C_R_035	C_R_031
C_R_035	C_R_032
C_R_035	C_R_033
C_R_035	C_R_034
C_R_035	C_R_036
C_R_035	C_R_037
C_R_035	C_R_038
C_R_035	C_R_039
C_R_035	C_R_040
C_R_035	C_R_041
C_R_035	C_R_042
C_R_035	C_R_043
C_R_035	C_R_044
C_R_035	C_R_045
C_R_035	C_R_046
C_R_035	C_R_047
C_R_035	C_R_048
C_R_035	C_R_049
C_R_035	C_R_050
C_R_035	S_L_PutVA
C_R_035	S_L_PutDA
C_R_035	S_L_PutVP
C_R_035	S_L_PutDP
C_R_035	S_L_CauVA
C_R_035	S_L_CauDA
C_R_035	S_L_CauBody
C_R_035	S_L_CauTail
C_R_035	S_L_NAcShell
C_R_035	S_L_NAcCore
C_R_035	S_R_PutVA
C_R_035	S_R_PutDA
C_R_035	S_R_PutVP
C_R_035	S_R_PutDP
C_R_035	S_R_CauVA
C_R_035	S_R_CauDA
C_R_035	S_R_CauBody
C_R_035	S_R_CauTail
C_R_035	S_R_NAcShell
C_R_035	S_R_NAcCore
C_R_035	Th_L_VAip
C_R_035	Th_L_VAia
C_R_035	Th_L_VPm
C_R_035	Th_L_VPl
C_R_035	Th_L_VAs
C_R_035	Th_L_DAm
C_R_035	Th_L_DAl
C_R_035	Th_L_DP
C_R_035	A_L_Lat
C_R_035	A_L_Med
C_R_035	H_L_HeadM1
C_R_035	H_L_HeadM2
C_R_035	H_L_HeadL
C_R_035	H_L_Body
C_R_035	H_L_Tail
C_R_035	Th_R_VAip
C_R_035	Th_R_VAia
C_R_035	Th_R_VPm
C_R_035	Th_R_VPl
C_R_035	Th_R_VAs
C_R_035	Th_R_DAm
C_R_035	Th_R_DAl
C_R_035	Th_R_DP
C_R_035	A_R_Lat
C_R_035	A_R_Med
C_R_035	H_R_HeadM1
C_R_035	H_R_HeadM2
C_R_035	H_R_HeadL
C_R_035	H_R_Body
C_R_035	H_R_Tail
C_R_035	STN_L
C_R_035	STN_R
C_R_036	C_L_001
C_R_036	C_L_002
C_R_036	C_L_003
C_R_036	C_L_004
C_R_036	C_L_005
C_R_036	C_L_006
C_R_036	C_L_007
C_R_036	C_L_008
C_R_036	C_L_009
C_R_036	C_L_010
C_R_036	C_L_011
C_R_036	C_L_012
C_R_036	C_L_013
C_R_036	C_L_014
C_R_036	C_L_015
C_R_036	C_L_016
C_R_036	C_L_017
C_R_036	C_L_018
C_R_036	C_L_019
C_R_036	C_L_020
C_R_036	C_L_021
C_R_036	C_L_022
C_R_036	C_L_023
C_R_036	C_L_024
C_R_036	C_L_025
C_R_036	C_L_026
C_R_036	C_L_027
C_R_036	C_L_028
C_R_036	C_L_029
C_R_036	C_L_030
C_R_036	C_L_031
C_R_036	C_L_032
C_R_036	C_L_033
C_R_036	C_L_034
C_R_036	C_L_035
C_R_036	C_L_036
C_R_036	C_L_037
C_R_036	C_L_038
C_R_036	C_L_039
C_R_036	C_L_040
C_R_036	C_L_041
C_R_036	C_L_042
C_R_036	C_L_043
C_R_036	C_L_044
C_R_036	C_L_045
C_R_036	C_L_046
C_R_036	C_L_047
C_R_036	C_L_048
C_R_036	C_L_049
C_R_036	C_L_050
C_R_036	C_R_001
C_R_036	C_R_002
C_R_036	C_R_003
C_R_036	C_R_004
C_R_036	C_R_005
C_R_036	C_R_006
C_R_036	C_R_007
C_R_036	C_R_008
C_R_036	C_R_009
C_R_036	C_R_010
C_R_036	C_R_011
C_R_036	C_R_012
C_R_036	C_R_013
C_R_036	C_R_014
C_R_036	C_R_015
C_R_036	C_R_016
C_R_036	C_R_017
C_R_036	C_R_018
C_R_036	C_R_019
C_R_036	C_R_020
C_R_036	C_R_021
C_R_036	C_R_022
C_R_036	C_R_023
C_R_036	C_R_024
C_R_036	C_R_025
C_R_036	C_R_026
C_R_036	C_R_027
C_R_036	C_R_028
C_R_036	C_R_029
C_R_036	C_R_030
C_R_036	C_R_031
C_R_036	C_R_032
C_R_036	C_R_033
C_R_036	C_R_034
C_R_036	C_R_035
C_R_036	C_R_037
C_R_036	C_R_038
C_R_036	C_R_039
C_R_036	C_R_040
C_R_036	C_R_041
C_R_036	C_R_042
C_R_036	C_R_043
C_R_036	C_R_044
C_R_036	C_R_045
C_R_036	C_R_046
C_R_036	C_R_047
C_R_036	C_R_048
C_R_036	C_R_049
C_R_036	C_R_050
C_R_036	S_L_PutVA
C_R_036	S_L_PutDA
C_R_036	S_L_PutVP
C_R_036	S_L_PutDP
C_R_036	S_L_CauVA
C_R_036	S_L_CauDA
C_R_036	S_L_CauBody
C_R_036	S_L_CauTail
C_R_036	S_L_NAcShell
C_R_036	S_L_NAcCore
C_R_036	S_R_PutVA
C_R_036	S_R_PutDA
C_R_036	S_R_PutVP
C_R_036	S_R_PutDP
C_R_036	S_R_CauVA
C_R_036	S_R_CauDA
C_R_036	S_R_CauBody
C_R_036	S_R_CauTail
C_R_036	S_R_NAcShell
C_R_036	S_R_NAcCore
C_R_036	Th_L_VAip
C_R_036	Th_L_VAia
C_R_036	Th_L_VPm
C_R_036	Th_L_VPl
C_R_036	Th_L_VAs
C_R_036	Th_L_DAm
C_R_036	Th_L_DAl
C_R_036	Th_L_DP
C_R_036	A_L_Lat
C_R_036	A_L_Med
C_R_036	H_L_HeadM1
C_R_036	H_L_HeadM2
C_R_036	H_L_HeadL
C_R_036	H_L_Body
C_R_036	H_L_Tail
C_R_036	Th_R_VAip
C_R_036	Th_R_VAia
C_R_036	Th_R_VPm
C_R_036	Th_R_VPl
C_R_036	Th_R_VAs
C_R_036	Th_R_DAm
C_R_036	Th_R_DAl
C_R_036	Th_R_DP
C_R_036	A_R_Lat
C_R_036	A_R_Med
C_R_036	H_R_HeadM1
C_R_036	H_R_HeadM2
C_R_036	H_R_HeadL
C_R_036	H_R_Body
C_R_036	H_R_Tail
C_R_036	STN_L
C_R_036	STN_R
C_R_037	C_L_001
C_R_037	C_L_002
C_R_037	C_L_003
C_R_037	C_L_004
C_R_037	C_L_005
C_R_037	C_L_006
C_R_037	C_L_007
C_R_037	C_L_008
C_R_037	C_L_009
C_R_037	C_L_010
C_R_037	C_L_011
C_R_037	C_L_012
C_R_037	C_L_013
C_R_037	C_L_014
C_R_037	C_L_015
C_R_037	C_L_016
C_R_037	C_L_017
C_R_037	C_L_018
C_R_037	C_L_019
C_R_037	C_L_020
C_R_037	C_L_021
C_R_037	C_L_022
C_R_037	C_L_023
C_R_037	C_L_024
C_R_037	C_L_025
C_R_037	C_L_026
C_R_037	C_L_027
C_R_037	C_L_028
C_R_037	C_L_029
C_R_037	C_L_030
C_R_037	C_L_031
C_R_037	C_L_032
C_R_037	C_L_033
C_R_037	C_L_034
C_R_037	C_L_035
C_R_037	C_L_036
C_R_037	C_L_037
C_R_037	C_L_038
C_R_037	C_L_039
C_R_037	C_L_040
C_R_037	C_L_041
C_R_037	C_L_042
C_R_037	C_L_043
C_R_037	C_L_044
C_R_037	C_L_045
C_R_037	C_L_046
C_R_037	C_L_047
C_R_037	C_L_048
C_R_037	C_L_049
C_R_037	C_L_050
C_R_037	C_R_001
C_R_037	C_R_002
C_R_037	C_R_003
C_R_037	C_R_004
C_R_037	C_R_005
C_R_037	C_R_006
C_R_037	C_R_007
C_R_037	C_R_008
C_R_037	C_R_009
C_R_037	C_R_010
C_R_037	C_R_011
C_R_037	C_R_012
C_R_037	C_R_013
C_R_037	C_R_014
C_R_037	C_R_015
C_R_037	C_R_016
C_R_037	C_R_017
C_R_037	C_R_018
C_R_037	C_R_019
C_R_037	C_R_020
C_R_037	C_R_021
C_R_037	C_R_022
C_R_037	C_R_023
C_R_037	C_R_024
C_R_037	C_R_025
C_R_037	C_R_026
C_R_037	C_R_027
C_R_037	C_R_028
C_R_037	C_R_029
C_R_037	C_R_030
C_R_037	C_R_031
C_R_037	C_R_032
C_R_037	C_R_033
C_R_037	C_R_034
C_R_037	C_R_035
C_R_037	C_R_036
C_R_037	C_R_038
C_R_037	C_R_039
C_R_037	C_R_040
C_R_037	C_R_041
C_R_037	C_R_042
C_R_037	C_R_043
C_R_037	C_R_044
C_R_037	C_R_045
C_R_037	C_R_046
C_R_037	C_R_047
C_R_037	C_R_048
C_R_037	C_R_049
C_R_037	C_R_050
C_R_037	S_L_PutVA
C_R_037	S_L_PutDA
C_R_037	S_L_PutVP
C_R_037	S_L_PutDP
C_R_037	S_L_CauVA
C_R_037	S_L_CauDA
C_R_037	S_L_CauBody
C_R_037	S_L_CauTail
C_R_037	S_L_NAcShell
C_R_037	S_L_NAcCore
C_R_037	S_R_PutVA
C_R_037	S_R_PutDA
C_R_037	S_R_PutVP
C_R_037	S_R_PutDP
C_R_037	S_R_CauVA
C_R_037	S_R_CauDA
C_R_037	S_R_CauBody
C_R_037	S_R_CauTail
C_R_037	S_R_NAcShell
C_R_037	S_R_NAcCore
C_R_037	Th_L_VAip
C_R_037	Th_L_VAia
C_R_037	Th_L_VPm
C_R_037	Th_L_VPl
C_R_037	Th_L_VAs
C_R_037	Th_L_DAm
C_R_037	Th_L_DAl
C_R_037	Th_L_DP
C_R_037	A_L_Lat
C_R_037	A_L_Med
C_R_037	H_L_HeadM1
C_R_037	H_L_HeadM2
C_R_037	H_L_HeadL
C_R_037	H_L_Body
C_R_037	H_L_Tail
C_R_037	Th_R_VAip
C_R_037	Th_R_VAia
C_R_037	Th_R_VPm
C_R_037	Th_R_VPl
C_R_037	Th_R_VAs
C_R_037	Th_R_DAm
C_R_037	Th_R_DAl
C_R_037	Th_R_DP
C_R_037	A_R_Lat
C_R_037	A_R_Med
C_R_037	H_R_HeadM1
C_R_037	H_R_HeadM2
C_R_037	H_R_HeadL
C_R_037	H_R_Body
C_R_037	H_R_Tail
C_R_037	STN_L
C_R_037	STN_R
C_R_038	C_L_001
C_R_038	C_L_002
C_R_038	C_L_003
C_R_038	C_L_004
C_R_038	C_L_005
C_R_038	C_L_006
C_R_038	C_L_007
C_R_038	C_L_008
C_R_038	C_L_009
C_R_038	C_L_010
C_R_038	C_L_011
C_R_038	C_L_012
C_R_038	C_L_013
C_R_038	C_L_014
C_R_038	C_L_015
C_R_038	C_L_016
C_R_038	C_L_017
C_R_038	C_L_018
C_R_038	C_L_019
C_R_038	C_L_020
C_R_038	C_L_021
C_R_038	C_L_022
C_R_038	C_L_023
C_R_038	C_L_024
C_R_038	C_L_025
C_R_038	C_L_026
C_R_038	C_L_027
C_R_038	C_L_028
C_R_038	C_L_029
C_R_038	C_L_030
C_R_038	C_L_031
C_R_038	C_L_032
C_R_038	C_L_033
C_R_038	C_L_034
C_R_038	C_L_035
C_R_038	C_L_036
C_R_038	C_L_037
C_R_038	C_L_038
C_R_038	C_L_039
C_R_038	C_L_040
C_R_038	C_L_041
C_R_038	C_L_042
C_R_038	C_L_043
C_R_038	C_L_044
C_R_038	C_L_045
C_R_038	C_L_046
C_R_038	C_L_047
C_R_038	C_L_048
C_R_038	C_L_049
C_R_038	C_L_050
C_R_038	C_R_001
C_R_038	C_R_002
C_R_038	C_R_003
C_R_038	C_R_004
C_R_038	C_R_005
C_R_038	C_R_006
C_R_038	C_R_007
C_R_038	C_R_008
C_R_038	C_R_009
C_R_038	C_R_010
C_R_038	C_R_011
C_R_038	C_R_012
C_R_038	C_R_013
C_R_038	C_R_014
C_R_038	C_R_015
C_R_038	C_R_016
C_R_038	C_R_017
C_R_038	C_R_018
C_R_038	C_R_019
C_R_038	C_R_020
C_R_038	C_R_021
C_R_038	C_R_022
C_R_038	C_R_023
C_R_038	C_R_024
C_R_038	C_R_025
C_R_038	C_R_026
C_R_038	C_R_027
C_R_038	C_R_028
C_R_038	C_R_029
C_R_038	C_R_030
C_R_038	C_R_031
C_R_038	C_R_032
C_R_038	C_R_033
C_R_038	C_R_034
C_R_038	C_R_035
C_R_038	C_R_036
C_R_038	C_R_037
C_R_038	C_R_039
C_R_038	C_R_040
C_R_038	C_R_041
C_R_038	C_R_042
C_R_038	C_R_043
C_R_038	C_R_044
C_R_038	C_R_045
C_R_038	C_R_046
C_R_038	C_R_047
C_R_038	C_R_048
C_R_038	C_R_049
C_R_038	C_R_050
C_R_038	S_L_PutVA
C_R_038	S_L_PutDA
C_R_038	S_L_PutVP
C_R_038	S_L_PutDP
C_R_038	S_L_CauVA
C_R_038	S_L_CauDA
C_R_038	S_L_CauBody
C_R_038	S_L_CauTail
C_R_038	S_L_NAcShell
C_R_038	S_L_NAcCore
C_R_038	S_R_PutVA
C_R_038	S_R_PutDA
C_R_038	S_R_PutVP
C_R_038	S_R_PutDP
C_R_038	S_R_CauVA
C_R_038	S_R_CauDA
C_R_038	S_R_CauBody
C_R_038	S_R_CauTail
C_R_038	S_R_NAcShell
C_R_038	S_R_NAcCore
C_R_038	Th_L_VAip
C_R_038	Th_L_VAia
C_R_038	Th_L_VPm
C_R_038	Th_L_VPl
C_R_038	Th_L_VAs
C_R_038	Th_L_DAm
C_R_038	Th_L_DAl
C_R_038	Th_L_DP
C_R_038	A_L_Lat
C_R_038	A_L_Med
C_R_038	H_L_HeadM1
C_R_038	H_L_HeadM2
C_R_038	H_L_HeadL
C_R_038	H_L_Body
C_R_038	H_L_Tail
C_R_038	Th_R_VAip
C_R_038	Th_R_VAia
C_R_038	Th_R_VPm
C_R_038	Th_R_VPl
C_R_038	Th_R_VAs
C_R_038	Th_R_DAm
C_R_038	Th_R_DAl
C_R_038	Th_R_DP
C_R_038	A_R_Lat
C_R_038	A_R_Med
C_R_038	H_R_HeadM1
C_R_038	H_R_HeadM2
C_R_038	H_R_HeadL
C_R_038	H_R_Body
C_R_038	H_R_Tail
C_R_038	STN_L
C_R_038	STN_R
C_R_039	C_L_001
C_R_039	C_L_002
C_R_039	C_L_003
C_R_039	C_L_004
C_R_039	C_L_005
C_R_039	C_L_006
C_R_039	C_L_007
C_R_039	C_L_008
C_R_039	C_L_009
C_R_039	C_L_010
C_R_039	C_L_011
C_R_039	C_L_012
C_R_039	C_L_013
C_R_039	C_L_014
C_R_039	C_L_015
C_R_039	C_L_016
C_R_039	C_L_017
C_R_039	C_L_018
C_R_039	C_L_019
C_R_039	C_L_020
C_R_039	C_L_021
C_R_039	C_L_022
C_R_039	C_L_023
C_R_039	C_L_024
C_R_039	C_L_025
C_R_039	C_L_026
C_R_039	C_L_027
C_R_039	C_L_028
C_R_039	C_L_029
C_R_039	C_L_030
C_R_039	C_L_031
C_R_039	C_L_032
C_R_039	C_L_033
C_R_039	C_L_034
C_R_039	C_L_035
C_R_039	C_L_036
C_R_039	C_L_037
C_R_039	C_L_038
C_R_039	C_L_039
C_R_039	C_L_040
C_R_039	C_L_041
C_R_039	C_L_042
C_R_039	C_L_043
C_R_039	C_L_044
C_R_039	C_L_045
C_R_039	C_L_046
C_R_039	C_L_047
C_R_039	C_L_048
C_R_039	C_L_049
C_R_039	C_L_050
C_R_039	C_R_001
C_R_039	C_R_002
C_R_039	C_R_003
C_R_039	C_R_004
C_R_039	C_R_005
C_R_039	C_R_006
C_R_039	C_R_007
C_R_039	C_R_008
C_R_039	C_R_009
C_R_039	C_R_010
C_R_039	C_R_011
C_R_039	C_R_012
C_R_039	C_R_013
C_R_039	C_R_014
C_R_039	C_R_015
C_R_039	C_R_016
C_R_039	C_R_017
C_R_039	C_R_018
C_R_039	C_R_019
C_R_039	C_R_020
C_R_039	C_R_021
C_R_039	C_R_022
C_R_039	C_R_023
C_R_039	C_R_024
C_R_039	C_R_025
C_R_039	C_R_026
C_R_039	C_R_027
C_R_039	C_R_028
C_R_039	C_R_029
C_R_039	C_R_030
C_R_039	C_R_031
C_R_039	C_R_032
C_R_039	C_R_033
C_R_039	C_R_034
C_R_039	C_R_035
C_R_039	C_R_036
C_R_039	C_R_037
C_R_039	C_R_038
C_R_039	C_R_040
C_R_039	C_R_041
C_R_039	C_R_042
C_R_039	C_R_043
C_R_039	C_R_044
C_R_039	C_R_045
C_R_039	C_R_046
C_R_039	C_R_047
C_R_039	C_R_048
C_R_039	C_R_049
C_R_039	C_R_050
C_R_039	S_L_PutVA
C_R_039	S_L_PutDA
C_R_039	S_L_PutVP
C_R_039	S_L_PutDP
C_R_039	S_L_CauVA
C_R_039	S_L_CauDA
C_R_039	S_L_CauBody
C_R_039	S_L_CauTail
C_R_039	S_L_NAcShell
C_R_039	S_L_NAcCore
C_R_039	S_R_PutVA
C_R_039	S_R_PutDA
C_R_039	S_R_PutVP
C_R_039	S_R_PutDP
C_R_039	S_R_CauVA
C_R_039	S_R_CauDA
C_R_039	S_R_CauBody
C_R_039	S_R_CauTail
C_R_039	S_R_NAcShell
C_R_039	S_R_NAcCore
C_R_039	Th_L_VAip
C_R_039	Th_L_VAia
C_R_039	Th_L_VPm
C_R_039	Th_L_VPl
C_R_039	Th_L_VAs
C_R_039	Th_L_DAm
C_R_039	Th_L_DAl
C_R_039	Th_L_DP
C_R_039	A_L_Lat
C_R_039	A_L_Med
C_R_039	H_L_HeadM1
C_R_039	H_L_HeadM2
C_R_039	H_L_HeadL
C_R_039	H_L_Body
C_R_039	H_L_Tail
C_R_039	Th_R_VAip
C_R_039	Th_R_VAia
C_R_039	Th_R_VPm
C_R_039	Th_R_VPl
C_R_039	Th_R_VAs
C_R_039	Th_R_DAm
C_R_039	Th_R_DAl
C_R_039	Th_R_DP
C_R_039	A_R_Lat
C_R_039	A_R_Med
C_R_039	H_R_HeadM1
C_R_039	H_R_HeadM2
C_R_039	H_R_HeadL
C_R_039	H_R_Body
C_R_039	H_R_Tail
C_R_039	STN_L
C_R_039	STN_R
C_R_040	C_L_001
C_R_040	C_L_002
C_R_040	C_L_003
C_R_040	C_L_004
C_R_040	C_L_005
C_R_040	C_L_006
C_R_040	C_L_007
C_R_040	C_L_008
C_R_040	C_L_009
C_R_040	C_L_010
C_R_040	C_L_011
C_R_040	C_L_012
C_R_040	C_L_013
C_R_040	C_L_014
C_R_040	C_L_015
C_R_040	C_L_016
C_R_040	C_L_017
C_R_040	C_L_018
C_R_040	C_L_019
C_R_040	C_L_020
C_R_040	C_L_021
C_R_040	C_L_022
C_R_040	C_L_023
C_R_040	C_L_024
C_R_040	C_L_025
C_R_040	C_L_026
C_R_040	C_L_027
C_R_040	C_L_028
C_R_040	C_L_029
C_R_040	C_L_030
C_R_040	C_L_031
C_R_040	C_L_032
C_R_040	C_L_033
C_R_040	C_L_034
C_R_040	C_L_035
C_R_040	C_L_036
C_R_040	C_L_037
C_R_040	C_L_038
C_R_040	C_L_039
C_R_040	C_L_040
C_R_040	C_L_041
C_R_040	C_L_042
C_R_040	C_L_043
C_R_040	C_L_044
C_R_040	C_L_045
C_R_040	C_L_046
C_R_040	C_L_047
C_R_040	C_L_048
C_R_040	C_L_049
C_R_040	C_L_050
C_R_040	C_R_001
C_R_040	C_R_002
C_R_040	C_R_003
C_R_040	C_R_004
C_R_040	C_R_005
C_R_040	C_R_006
C_R_040	C_R_007
C_R_040	C_R_008
C_R_040	C_R_009
C_R_040	C_R_010
C_R_040	C_R_011
C_R_040	C_R_012
C_R_040	C_R_013
C_R_040	C_R_014
C_R_040	C_R_015
C_R_040	C_R_016
C_R_040	C_R_017
C_R_040	C_R_018
C_R_040	C_R_019
C_R_040	C_R_020
C_R_040	C_R_021
C_R_040	C_R_022
C_R_040	C_R_023
C_R_040	C_R_024
C_R_040	C_R_025
C_R_040	C_R_026
C_R_040	C_R_027
C_R_040	C_R_028
C_R_040	C_R_029
C_R_040	C_R_030
C_R_040	C_R_031
C_R_040	C_R_032
C_R_040	C_R_033
C_R_040	C_R_034
C_R_040	C_R_035
C_R_040	C_R_036
C_R_040	C_R_037
C_R_040	C_R_038
C_R_040	C_R_039
C_R_040	C_R_041
C_R_040	C_R_042
C_R_040	C_R_043
C_R_040	C_R_044
C_R_040	C_R_045
C_R_040	C_R_046
C_R_040	C_R_047
C_R_040	C_R_048
C_R_040	C_R_049
C_R_040	C_R_050
C_R_040	S_L_PutVA
C_R_040	S_L_PutDA
C_R_040	S_L_PutVP
C_R_040	S_L_PutDP
C_R_040	S_L_CauVA
C_R_040	S_L_CauDA
C_R_040	S_L_CauBody
C_R_040	S_L_CauTail
C_R_040	S_L_NAcShell
C_R_040	S_L_NAcCore
C_R_040	S_R_PutVA
C_R_040	S_R_PutDA
C_R_040	S_R_PutVP
C_R_040	S_R_PutDP
C_R_040	S_R_CauVA
C_R_040	S_R_CauDA
C_R_040	S_R_CauBody
C_R_040	S_R_CauTail
C_R_040	S_R_NAcShell
C_R_040	S_R_NAcCore
C_R_040	Th_L_VAip
C_R_040	Th_L_VAia
C_R_040	Th_L_VPm
C_R_040	Th_L_VPl
C_R_040	Th_L_VAs
C_R_040	Th_L_DAm
C_R_040	Th_L_DAl
C_R_040	Th_L_DP
C_R_040	A_L_Lat
C_R_040	A_L_Med
C_R_040	H_L_HeadM1
C_R_040	H_L_HeadM2
C_R_040	H_L_HeadL
C_R_040	H_L_Body
C_R_040	H_L_Tail
C_R_040	Th_R_VAip
C_R_040	Th_R_VAia
C_R_040	Th_R_VPm
C_R_040	Th_R_VPl
C_R_040	Th_R_VAs
C_R_040	Th_R_DAm
C_R_040	Th_R_DAl
C_R_040	Th_R_DP
C_R_040	A_R_Lat
C_R_040	A_R_Med
C_R_040	H_R_HeadM1
C_R_040	H_R_HeadM2
C_R_040	H_R_HeadL
C_R_040	H_R_Body
C_R_040	H_R_Tail
C_R_040	STN_L
C_R_040	STN_R
C_R_041	C_L_001
C_R_041	C_L_002
C_R_041	C_L_003
C_R_041	C_L_004
C_R_041	C_L_005
C_R_041	C_L_006
C_R_041	C_L_007
C_R_041	C_L_008
C_R_041	C_L_009
C_R_041	C_L_010
C_R_041	C_L_011
C_R_041	C_L_012
C_R_041	C_L_013
C_R_041	C_L_014
C_R_041	C_L_015
C_R_041	C_L_016
C_R_041	C_L_017
C_R_041	C_L_018
C_R_041	C_L_019
C_R_041	C_L_020
C_R_041	C_L_021
C_R_041	C_L_022
C_R_041	C_L_023
C_R_041	C_L_024
C_R_041	C_L_025
C_R_041	C_L_026
C_R_041	C_L_027
C_R_041	C_L_028
C_R_041	C_L_029
C_R_041	C_L_030
C_R_041	C_L_031
C_R_041	C_L_032
C_R_041	C_L_033
C_R_041	C_L_034
C_R_041	C_L_035
C_R_041	C_L_036
C_R_041	C_L_037
C_R_041	C_L_038
C_R_041	C_L_039
C_R_041	C_L_040
C_R_041	C_L_041
C_R_041	C_L_042
C_R_041	C_L_043
C_R_041	C_L_044
C_R_041	C_L_045
C_R_041	C_L_046
C_R_041	C_L_047
C_R_041	C_L_048
C_R_041	C_L_049
C_R_041	C_L_050
C_R_041	C_R_001
C_R_041	C_R_002
C_R_041	C_R_003
C_R_041	C_R_004
C_R_041	C_R_005
C_R_041	C_R_006
C_R_041	C_R_007
C_R_041	C_R_008
C_R_041	C_R_009
C_R_041	C_R_010
C_R_041	C_R_011
C_R_041	C_R_012
C_R_041	C_R_013
C_R_041	C_R_014
C_R_041	C_R_015
C_R_041	C_R_016
C_R_041	C_R_017
C_R_041	C_R_018
C_R_041	C_R_019
C_R_041	C_R_020
C_R_041	C_R_021
C_R_041	C_R_022
C_R_041	C_R_023
C_R_041	C_R_024
C_R_041	C_R_025
C_R_041	C_R_026
C_R_041	C_R_027
C_R_041	C_R_028
C_R_041	C_R_029
C_R_041	C_R_030
C_R_041	C_R_031
C_R_041	C_R_032
C_R_041	C_R_033
C_R_041	C_R_034
C_R_041	C_R_035
C_R_041	C_R_036
C_R_041	C_R_037
C_R_041	C_R_038
C_R_041	C_R_039
C_R_041	C_R_040
C_R_041	C_R_042
C_R_041	C_R_043
C_R_041	C_R_044
C_R_041	C_R_045
C_R_041	C_R_046
C_R_041	C_R_047
C_R_041	C_R_048
C_R_041	C_R_049
C_R_041	C_R_050
C_R_041	S_L_PutVA
C_R_041	S_L_PutDA
C_R_041	S_L_PutVP
C_R_041	S_L_PutDP
C_R_041	S_L_CauVA
C_R_041	S_L_CauDA
C_R_041	S_L_CauBody
C_R_041	S_L_CauTail
C_R_041	S_L_NAcShell
C_R_041	S_L_NAcCore
C_R_041	S_R_PutVA
C_R_041	S_R_PutDA
C_R_041	S_R_PutVP
C_R_041	S_R_PutDP
C_R_041	S_R_CauVA
C_R_041	S_R_CauDA
C_R_041	S_R_CauBody
C_R_041	S_R_CauTail
C_R_041	S_R_NAcShell
C_R_041	S_R_NAcCore
C_R_041	Th_L_VAip
C_R_041	Th_L_VAia
C_R_041	Th_L_VPm
C_R_041	Th_L_VPl
C_R_041	Th_L_VAs
C_R_041	Th_L_DAm
C_R_041	Th_L_DAl
C_R_041	Th_L_DP
C_R_041	A_L_Lat
C_R_041	A_L_Med
C_R_041	H_L_HeadM1
C_R_041	H_L_HeadM2
C_R_041	H_L_HeadL
C_R_041	H_L_Body
C_R_041	H_L_Tail
C_R_041	Th_R_VAip
C_R_041	Th_R_VAia
C_R_041	Th_R_VPm
C_R_041	Th_R_VPl
C_R_041	Th_R_VAs
C_R_041	Th_R_DAm
C_R_041	Th_R_DAl
C_R_041	Th_R_DP
C_R_041	A_R_Lat
C_R_041	A_R_Med
C_R_041	H_R_HeadM1
C_R_041	H_R_HeadM2
C_R_041	H_R_HeadL
C_R_041	H_R_Body
C_R_041	H_R_Tail
C_R_041	STN_L
C_R_041	STN_R
C_R_042	C_L_001
C_R_042	C_L_002
C_R_042	C_L_003
C_R_042	C_L_004
C_R_042	C_L_005
C_R_042	C_L_006
C_R_042	C_L_007
C_R_042	C_L_008
C_R_042	C_L_009
C_R_042	C_L_010
C_R_042	C_L_011
C_R_042	C_L_012
C_R_042	C_L_013
C_R_042	C_L_014
C_R_042	C_L_015
C_R_042	C_L_016
C_R_042	C_L_017
C_R_042	C_L_018
C_R_042	C_L_019
C_R_042	C_L_020
C_R_042	C_L_021
C_R_042	C_L_022
C_R_042	C_L_023
C_R_042	C_L_024
C_R_042	C_L_025
C_R_042	C_L_026
C_R_042	C_L_027
C_R_042	C_L_028
C_R_042	C_L_029
C_R_042	C_L_030
C_R_042	C_L_031
C_R_042	C_L_032
C_R_042	C_L_033
C_R_042	C_L_034
C_R_042	C_L_035
C_R_042	C_L_036
C_R_042	C_L_037
C_R_042	C_L_038
C_R_042	C_L_039
C_R_042	C_L_040
C_R_042	C_L_041
C_R_042	C_L_042
C_R_042	C_L_043
C_R_042	C_L_044
C_R_042	C_L_045
C_R_042	C_L_046
C_R_042	C_L_047
C_R_042	C_L_048
C_R_042	C_L_049
C_R_042	C_L_050
C_R_042	C_R_001
C_R_042	C_R_002
C_R_042	C_R_003
C_R_042	C_R_004
C_R_042	C_R_005
C_R_042	C_R_006
C_R_042	C_R_007
C_R_042	C_R_008
C_R_042	C_R_009
C_R_042	C_R_010
C_R_042	C_R_011
C_R_042	C_R_012
C_R_042	C_R_013
C_R_042	C_R_014
C_R_042	C_R_015
C_R_042	C_R_016
C_R_042	C_R_017
C_R_042	C_R_018
C_R_042	C_R_019
C_R_042	C_R_020
C_R_042	C_R_021
C_R_042	C_R_022
C_R_042	C_R_023
C_R_042	C_R_024
C_R_042	C_R_025
C_R_042	C_R_026
C_R_042	C_R_027
C_R_042	C_R_028
C_R_042	C_R_029
C_R_042	C_R_030
C_R_042	C_R_031
C_R_042	C_R_032
C_R_042	C_R_033
C_R_042	C_R_034
C_R_042	C_R_035
C_R_042	C_R_036
C_R_042	C_R_037
C_R_042	C_R_038
C_R_042	C_R_039
C_R_042	C_R_040
C_R_042	C_R_041
C_R_042	C_R_043
C_R_042	C_R_044
C_R_042	C_R_045
C_R_042	C_R_046
C_R_042	C_R_047
C_R_042	C_R_048
C_R_042	C_R_049
C_R_042	C_R_050
C_R_042	S_L_PutVA
C_R_042	S_L_PutDA
C_R_042	S_L_PutVP
C_R_042	S_L_PutDP
C_R_042	S_L_CauVA
C_R_042	S_L_CauDA
C_R_042	S_L_CauBody
C_R_042	S_L_CauTail
C_R_042	S_L_NAcShell
C_R_042	S_L_NAcCore
C_R_042	S_R_PutVA
C_R_042	S_R_PutDA
C_R_042	S_R_PutVP
C_R_042	S_R_PutDP
C_R_042	S_R_CauVA
C_R_042	S_R_CauDA
C_R_042	S_R_CauBody
C_R_042	S_R_CauTail
C_R_042	S_R_NAcShell
C_R_042	S_R_NAcCore
C_R_042	Th_L_VAip
C_R_042	Th_L_VAia
C_R_042	Th_L_VPm
C_R_042	Th_L_VPl
C_R_042	Th_L_VAs
C_R_042	Th_L_DAm
C_R_042	Th_L_DAl
C_R_042	Th_L_DP
C_R_042	A_L_Lat
C_R_042	A_L_Med
C_R_042	H_L_HeadM1
C_R_042	H_L_HeadM2
C_R_042	H_L_HeadL
C_R_042	H_L_Body
C_R_042	H_L_Tail
C_R_042	Th_R_VAip
C_R_042	Th_R_VAia
C_R_042	Th_R_VPm
C_R_042	Th_R_VPl
C_R_042	Th_R_VAs
C_R_042	Th_R_DAm
C_R_042	Th_R_DAl
C_R_042	Th_R_DP
C_R_042	A_R_Lat
C_R_042	A_R_Med
C_R_042	H_R_HeadM1
C_R_042	H_R_HeadM2
C_R_042	H_R_HeadL
C_R_042	H_R_Body
C_R_042	H_R_Tail
C_R_042	STN_L
C_R_042	STN_R
C_R_043	C_L_001
C_R_043	C_L_002
C_R_043	C_L_003
C_R_043	C_L_004
C_R_043	C_L_005
C_R_043	C_L_006
C_R_043	C_L_007
C_R_043	C_L_008
C_R_043	C_L_009
C_R_043	C_L_010
C_R_043	C_L_011
C_R_043	C_L_012
C_R_043	C_L_013
C_R_043	C_L_014
C_R_043	C_L_015
C_R_043	C_L_016
C_R_043	C_L_017
C_R_043	C_L_018
C_R_043	C_L_019
C_R_043	C_L_020
C_R_043	C_L_021
C_R_043	C_L_022
C_R_043	C_L_023
C_R_043	C_L_024
C_R_043	C_L_025
C_R_043	C_L_026
C_R_043	C_L_027
C_R_043	C_L_028
C_R_043	C_L_029
C_R_043	C_L_030
C_R_043	C_L_031
C_R_043	C_L_032
C_R_043	C_L_033
C_R_043	C_L_034
C_R_043	C_L_035
C_R_043	C_L_036
C_R_043	C_L_037
C_R_043	C_L_038
C_R_043	C_L_039
C_R_043	C_L_040
C_R_043	C_L_041
C_R_043	C_L_042
C_R_043	C_L_043
C_R_043	C_L_044
C_R_043	C_L_045
C_R_043	C_L_046
C_R_043	C_L_047
C_R_043	C_L_048
C_R_043	C_L_049
C_R_043	C_L_050
C_R_043	C_R_001
C_R_043	C_R_002
C_R_043	C_R_003
C_R_043	C_R_004
C_R_043	C_R_005
C_R_043	C_R_006
C_R_043	C_R_007
C_R_043	C_R_008
C_R_043	C_R_009
C_R_043	C_R_010
C_R_043	C_R_011
C_R_043	C_R_012
C_R_043	C_R_013
C_R_043	C_R_014
C_R_043	C_R_015
C_R_043	C_R_016
C_R_043	C_R_017
C_R_043	C_R_018
C_R_043	C_R_019
C_R_043	C_R_020
C_R_043	C_R_021
C_R_043	C_R_022
C_R_043	C_R_023
C_R_043	C_R_024
C_R_043	C_R_025
C_R_043	C_R_026
C_R_043	C_R_027
C_R_043	C_R_028
C_R_043	C_R_029
C_R_043	C_R_030
C_R_043	C_R_031
C_R_043	C_R_032
C_R_043	C_R_033
C_R_043	C_R_034
C_R_043	C_R_035
C_R_043	C_R_036
C_R_043	C_R_037
C_R_043	C_R_038
C_R_043	C_R_039
C_R_043	C_R_040
C_R_043	C_R_041
C_R_043	C_R_042
C_R_043	C_R_044
C_R_043	C_R_045
C_R_043	C_R_046
C_R_043	C_R_047
C_R_043	C_R_048
C_R_043	C_R_049
C_R_043	C_R_050
C_R_043	S_L_PutVA
C_R_043	S_L_PutDA
C_R_043	S_L_PutVP
C_R_043	S_L_PutDP
C_R_043	S_L_CauVA
C_R_043	S_L_CauDA
C_R_043	S_L_CauBody
C_R_043	S_L_CauTail
C_R_043	S_L_NAcShell
C_R_043	S_L_NAcCore
C_R_043	S_R_PutVA
C_R_043	S_R_PutDA
C_R_043	S_R_PutVP
C_R_043	S_R_PutDP
C_R_043	S_R_CauVA
C_R_043	S_R_CauDA
C_R_043	S_R_CauBody
C_R_043	S_R_CauTail
C_R_043	S_R_NAcShell
C_R_043	S_R_NAcCore
C_R_043	Th_L_VAip
C_R_043	Th_L_VAia
C_R_043	Th_L_VPm
C_R_043	Th_L_VPl
C_R_043	Th_L_VAs
C_R_043	Th_L_DAm
C_R_043	Th_L_DAl
C_R_043	Th_L_DP
C_R_043	A_L_Lat
C_R_043	A_L_Med
C_R_043	H_L_HeadM1
C_R_043	H_L_HeadM2
C_R_043	H_L_HeadL
C_R_043	H_L_Body
C_R_043	H_L_Tail
C_R_043	Th_R_VAip
C_R_043	Th_R_VAia
C_R_043	Th_R_VPm
C_R_043	Th_R_VPl
C_R_043	Th_R_VAs
C_R_043	Th_R_DAm
C_R_043	Th_R_DAl
C_R_043	Th_R_DP
C_R_043	A_R_Lat
C_R_043	A_R_Med
C_R_043	H_R_HeadM1
C_R_043	H_R_HeadM2
C_R_043	H_R_HeadL
C_R_043	H_R_Body
C_R_043	H_R_Tail
C_R_043	STN_L
C_R_043	STN_R
C_R_044	C_L_001
C_R_044	C_L_002
C_R_044	C_L_003
C_R_044	C_L_004
C_R_044	C_L_005
C_R_044	C_L_006
C_R_044	C_L_007
C_R_044	C_L_008
C_R_044	C_L_009
C_R_044	C_L_010
C_R_044	C_L_011
C_R_044	C_L_012
C_R_044	C_L_013
C_R_044	C_L_014
C_R_044	C_L_015
C_R_044	C_L_016
C_R_044	C_L_017
C_R_044	C_L_018
C_R_044	C_L_019
C_R_044	C_L_020
C_R_044	C_L_021
C_R_044	C_L_022
C_R_044	C_L_023
C_R_044	C_L_024
C_R_044	C_L_025
C_R_044	C_L_026
C_R_044	C_L_027
C_R_044	C_L_028
C_R_044	C_L_029
C_R_044	C_L_030
C_R_044	C_L_031
C_R_044	C_L_032
C_R_044	C_L_033
C_R_044	C_L_034
C_R_044	C_L_035
C_R_044	C_L_036
C_R_044	C_L_037
C_R_044	C_L_038
C_R_044	C_L_039
C_R_044	C_L_040
C_R_044	C_L_041
C_R_044	C_L_042
C_R_044	C_L_043
C_R_044	C_L_044
C_R_044	C_L_045
C_R_044	C_L_046
C_R_044	C_L_047
C_R_044	C_L_048
C_R_044	C_L_049
C_R_044	C_L_050
C_R_044	C_R_001
C_R_044	C_R_002
C_R_044	C_R_003
C_R_044	C_R_004
C_R_044	C_R_005
C_R_044	C_R_006
C_R_044	C_R_007
C_R_044	C_R_008
C_R_044	C_R_009
C_R_044	C_R_010
C_R_044	C_R_011
C_R_044	C_R_012
C_R_044	C_R_013
C_R_044	C_R_014
C_R_044	C_R_015
C_R_044	C_R_016
C_R_044	C_R_017
C_R_044	C_R_018
C_R_044	C_R_019
C_R_044	C_R_020
C_R_044	C_R_021
C_R_044	C_R_022
C_R_044	C_R_023
C_R_044	C_R_024
C_R_044	C_R_025
C_R_044	C_R_026
C_R_044	C_R_027
C_R_044	C_R_028
C_R_044	C_R_029
C_R_044	C_R_030
C_R_044	C_R_031
C_R_044	C_R_032
C_R_044	C_R_033
C_R_044	C_R_034
C_R_044	C_R_035
C_R_044	C_R_036
C_R_044	C_R_037
C_R_044	C_R_038
C_R_044	C_R_039
C_R_044	C_R_040
C_R_044	C_R_041
C_R_044	C_R_042
C_R_044	C_R_043
C_R_044	C_R_045
C_R_044	C_R_046
C_R_044	C_R_047
C_R_044	C_R_048
C_R_044	C_R_049
C_R_044	C_R_050
C_R_044	S_L_PutVA
C_R_044	S_L_PutDA
C_R_044	S_L_PutVP
C_R_044	S_L_PutDP
C_R_044	S_L_CauVA
C_R_044	S_L_CauDA
C_R_044	S_L_CauBody
C_R_044	S_L_CauTail
C_R_044	S_L_NAcShell
C_R_044	S_L_NAcCore
C_R_044	S_R_PutVA
C_R_044	S_R_PutDA
C_R_044	S_R_PutVP
C_R_044	S_R_PutDP
C_R_044	S_R_CauVA
C_R_044	S_R_CauDA
C_R_044	S_R_CauBody
C_R_044	S_R_CauTail
C_R_044	S_R_NAcShell
C_R_044	S_R_NAcCore
C_R_044	Th_L_VAip
C_R_044	Th_L_VAia
C_R_044	Th_L_VPm
C_R_044	Th_L_VPl
C_R_044	Th_L_VAs
C_R_044	Th_L_DAm
C_R_044	Th_L_DAl
C_R_044	Th_L_DP
C_R_044	A_L_Lat
C_R_044	A_L_Med
C_R_044	H_L_HeadM1
C_R_044	H_L_HeadM2
C_R_044	H_L_HeadL
C_R_044	H_L_Body
C_R_044	H_L_Tail
C_R_044	Th_R_VAip
C_R_044	Th_R_VAia
C_R_044	Th_R_VPm
C_R_044	Th_R_VPl
C_R_044	Th_R_VAs
C_R_044	Th_R_DAm
C_R_044	Th_R_DAl
C_R_044	Th_R_DP
C_R_044	A_R_Lat
C_R_044	A_R_Med
C_R_044	H_R_HeadM1
C_R_044	H_R_HeadM2
C_R_044	H_R_HeadL
C_R_044	H_R_Body
C_R_044	H_R_Tail
C_R_044	STN_L
C_R_044	STN_R
C_R_045	C_L_001
C_R_045	C_L_002
C_R_045	C_L_003
C_R_045	C_L_004
C_R_045	C_L_005
C_R_045	C_L_006
C_R_045	C_L_007
C_R_045	C_L_008
C_R_045	C_L_009
C_R_045	C_L_010
C_R_045	C_L_011
C_R_045	C_L_012
C_R_045	C_L_013
C_R_045	C_L_014
C_R_045	C_L_015
C_R_045	C_L_016
C_R_045	C_L_017
C_R_045	C_L_018
C_R_045	C_L_019
C_R_045	C_L_020
C_R_045	C_L_021
C_R_045	C_L_022
C_R_045	C_L_023
C_R_045	C_L_024
C_R_045	C_L_025
C_R_045	C_L_026
C_R_045	C_L_027
C_R_045	C_L_028
C_R_045	C_L_029
C_R_045	C_L_030
C_R_045	C_L_031
C_R_045	C_L_032
C_R_045	C_L_033
C_R_045	C_L_034
C_R_045	C_L_035
C_R_045	C_L_036
C_R_045	C_L_037
C_R_045	C_L_038
C_R_045	C_L_039
C_R_045	C_L_040
C_R_045	C_L_041
C_R_045	C_L_042
C_R_045	C_L_043
C_R_045	C_L_044
C_R_045	C_L_045
C_R_045	C_L_046
C_R_045	C_L_047
C_R_045	C_L_048
C_R_045	C_L_049
C_R_045	C_L_050
C_R_045	C_R_001
C_R_045	C_R_002
C_R_045	C_R_003
C_R_045	C_R_004
C_R_045	C_R_005
C_R_045	C_R_006
C_R_045	C_R_007
C_R_045	C_R_008
C_R_045	C_R_009
C_R_045	C_R_010
C_R_045	C_R_011
C_R_045	C_R_012
C_R_045	C_R_013
C_R_045	C_R_014
C_R_045	C_R_015
C_R_045	C_R_016
C_R_045	C_R_017
C_R_045	C_R_018
C_R_045	C_R_019
C_R_045	C_R_020
C_R_045	C_R_021
C_R_045	C_R_022
C_R_045	C_R_023
C_R_045	C_R_024
C_R_045	C_R_025
C_R_045	C_R_026
C_R_045	C_R_027
C_R_045	C_R_028
C_R_045	C_R_029
C_R_045	C_R_030
C_R_045	C_R_031
C_R_045	C_R_032
C_R_045	C_R_033
C_R_045	C_R_034
C_R_045	C_R_035
C_R_045	C_R_036
C_R_045	C_R_037
C_R_045	C_R_038
C_R_045	C_R_039
C_R_045	C_R_040
C_R_045	C_R_041
C_R_045	C_R_042
C_R_045	C_R_043
C_R_045	C_R_044
C_R_045	C_R_046
C_R_045	C_R_047
C_R_045	C_R_048
C_R_045	C_R_049
C_R_045	C_R_050
C_R_045	S_L_PutVA
C_R_045	S_L_PutDA
C_R_045	S_L_PutVP
C_R_045	S_L_PutDP
C_R_045	S_L_CauVA
C_R_045	S_L_CauDA
C_R_045	S_L_CauBody
C_R_045	S_L_CauTail
C_R_045	S_L_NAcShell
C_R_045	S_L_NAcCore
C_R_045	S_R_PutVA
C_R_045	S_R_PutDA
C_R_045	S_R_PutVP
C_R_045	S_R_PutDP
C_R_045	S_R_CauVA
C_R_045	S_R_CauDA
C_R_045	S_R_CauBody
C_R_045	S_R_CauTail
C_R_045	S_R_NAcShell
C_R_045	S_R_NAcCore
C_R_045	Th_L_VAip
C_R_045	Th_L_VAia
C_R_045	Th_L_VPm
C_R_045	Th_L_VPl
C_R_045	Th_L_VAs
C_R_045	Th_L_DAm
C_R_045	Th_L_DAl
C_R_045	Th_L_DP
C_R_045	A_L_Lat
C_R_045	A_L_Med
C_R_045	H_L_HeadM1
C_R_045	H_L_HeadM2
C_R_045	H_L_HeadL
C_R_045	H_L_Body
C_R_045	H_L_Tail
C_R_045	Th_R_VAip
C_R_045	Th_R_VAia
C_R_045	Th_R_VPm
C_R_045	Th_R_VPl
C_R_045	Th_R_VAs
C_R_045	Th_R_DAm
C_R_045	Th_R_DAl
C_R_045	Th_R_DP
C_R_045	A_R_Lat
C_R_045	A_R_Med
C_R_045	H_R_HeadM1
C_R_045	H_R_HeadM2
C_R_045	H_R_HeadL
C_R_045	H_R_Body
C_R_045	H_R_Tail
C_R_045	STN_L
C_R_045	STN_R
C_R_046	C_L_001
C_R_046	C_L_002
C_R_046	C_L_003
C_R_046	C_L_004
C_R_046	C_L_005
C_R_046	C_L_006
C_R_046	C_L_007
C_R_046	C_L_008
C_R_046	C_L_009
C_R_046	C_L_010
C_R_046	C_L_011
C_R_046	C_L_012
C_R_046	C_L_013
C_R_046	C_L_014
C_R_046	C_L_015
C_R_046	C_L_016
C_R_046	C_L_017
C_R_046	C_L_018
C_R_046	C_L_019
C_R_046	C_L_020
C_R_046	C_L_021
C_R_046	C_L_022
C_R_046	C_L_023
C_R_046	C_L_024
C_R_046	C_L_025
C_R_046	C_L_026
C_R_046	C_L_027
C_R_046	C_L_028
C_R_046	C_L_029
C_R_046	C_L_030
C_R_046	C_L_031
C_R_046	C_L_032
C_R_046	C_L_033
C_R_046	C_L_034
C_R_046	C_L_035
C_R_046	C_L_036
C_R_046	C_L_037
C_R_046	C_L_038
C_R_046	C_L_039
C_R_046	C_L_040
C_R_046	C_L_041
C_R_046	C_L_042
C_R_046	C_L_043
C_R_046	C_L_044
C_R_046	C_L_045
C_R_046	C_L_046
C_R_046	C_L_047
C_R_046	C_L_048
C_R_046	C_L_049
C_R_046	C_L_050
C_R_046	C_R_001
C_R_046	C_R_002
C_R_046	C_R_003
C_R_046	C_R_004
C_R_046	C_R_005
C_R_046	C_R_006
C_R_046	C_R_007
C_R_046	C_R_008
C_R_046	C_R_009
C_R_046	C_R_010
C_R_046	C_R_011
C_R_046	C_R_012
C_R_046	C_R_013
C_R_046	C_R_014
C_R_046	C_R_015
C_R_046	C_R_016
C_R_046	C_R_017
C_R_046	C_R_018
C_R_046	C_R_019
C_R_046	C_R_020
C_R_046	C_R_021
C_R_046	C_R_022
C_R_046	C_R_023
C_R_046	C_R_024
C_R_046	C_R_025
C_R_046	C_R_026
C_R_046	C_R_027
C_R_046	C_R_028
C_R_046	C_R_029
C_R_046	C_R_030
C_R_046	C_R_031
C_R_046	C_R_032
C_R_046	C_R_033
C_R_046	C_R_034
C_R_046	C_R_035
C_R_046	C_R_036
C_R_046	C_R_037
C_R_046	C_R_038
C_R_046	C_R_039
C_R_046	C_R_040
C_R_046	C_R_041
C_R_046	C_R_042
C_R_046	C_R_043
C_R_046	C_R_044
C_R_046	C_R_045
C_R_046	C_R_047
C_R_046	C_R_048
C_R_046	C_R_049
C_R_046	C_R_050
C_R_046	S_L_PutVA
C_R_046	S_L_PutDA
C_R_046	S_L_PutVP
C_R_046	S_L_PutDP
C_R_046	S_L_CauVA
C_R_046	S_L_CauDA
C_R_046	S_L_CauBody
C_R_046	S_L_CauTail
C_R_046	S_L_NAcShell
C_R_046	S_L_NAcCore
C_R_046	S_R_PutVA
C_R_046	S_R_PutDA
C_R_046	S_R_PutVP
C_R_046	S_R_PutDP
C_R_046	S_R_CauVA
C_R_046	S_R_CauDA
C_R_046	S_R_CauBody
C_R_046	S_R_CauTail
C_R_046	S_R_NAcShell
C_R_046	S_R_NAcCore
C_R_046	Th_L_VAip
C_R_046	Th_L_VAia
C_R_046	Th_L_VPm
C_R_046	Th_L_VPl
C_R_046	Th_L_VAs
C_R_046	Th_L_DAm
C_R_046	Th_L_DAl
C_R_046	Th_L_DP
C_R_046	A_L_Lat
C_R_046	A_L_Med
C_R_046	H_L_HeadM1
C_R_046	H_L_HeadM2
C_R_046	H_L_HeadL
C_R_046	H_L_Body
C_R_046	H_L_Tail
C_R_046	Th_R_VAip
C_R_046	Th_R_VAia
C_R_046	Th_R_VPm
C_R_046	Th_R_VPl
C_R_046	Th_R_VAs
C_R_046	Th_R_DAm
C_R_046	Th_R_DAl
C_R_046	Th_R_DP
C_R_046	A_R_Lat
C_R_046	A_R_Med
C_R_046	H_R_HeadM1
C_R_046	H_R_HeadM2
C_R_046	H_R_HeadL
C_R_046	H_R_Body
C_R_046	H_R_Tail
C_R_046	STN_L
C_R_046	STN_R
C_R_047	C_L_001
C_R_047	C_L_002
C_R_047	C_L_003
C_R_047	C_L_004
C_R_047	C_L_005
C_R_047	C_L_006
C_R_047	C_L_007
C_R_047	C_L_008
C_R_047	C_L_009
C_R_047	C_L_010
C_R_047	C_L_011
C_R_047	C_L_012
C_R_047	C_L_013
C_R_047	C_L_014
C_R_047	C_L_015
C_R_047	C_L_016
C_R_047	C_L_017
C_R_047	C_L_018
C_R_047	C_L_019
C_R_047	C_L_020
C_R_047	C_L_021
C_R_047	C_L_022
C_R_047	C_L_023
C_R_047	C_L_024
C_R_047	C_L_025
C_R_047	C_L_026
C_R_047	C_L_027
C_R_047	C_L_028
C_R_047	C_L_029
C_R_047	C_L_030
C_R_047	C_L_031
C_R_047	C_L_032
C_R_047	C_L_033
C_R_047	C_L_034
C_R_047	C_L_035
C_R_047	C_L_036
C_R_047	C_L_037
C_R_047	C_L_038
C_R_047	C_L_039
C_R_047	C_L_040
C_R_047	C_L_041
C_R_047	C_L_042
C_R_047	C_L_043
C_R_047	C_L_044
C_R_047	C_L_045
C_R_047	C_L_046
C_R_047	C_L_047
C_R_047	C_L_048
C_R_047	C_L_049
C_R_047	C_L_050
C_R_047	C_R_001
C_R_047	C_R_002
C_R_047	C_R_003
C_R_047	C_R_004
C_R_047	C_R_005
C_R_047	C_R_006
C_R_047	C_R_007
C_R_047	C_R_008
C_R_047	C_R_009
C_R_047	C_R_010
C_R_047	C_R_011
C_R_047	C_R_012
C_R_047	C_R_013
C_R_047	C_R_014
C_R_047	C_R_015
C_R_047	C_R_016
C_R_047	C_R_017
C_R_047	C_R_018
C_R_047	C_R_019
C_R_047	C_R_020
C_R_047	C_R_021
C_R_047	C_R_022
C_R_047	C_R_023
C_R_047	C_R_024
C_R_047	C_R_025
C_R_047	C_R_026
C_R_047	C_R_027
C_R_047	C_R_028
C_R_047	C_R_029
C_R_047	C_R_030
C_R_047	C_R_031
C_R_047	C_R_032
C_R_047	C_R_033
C_R_047	C_R_034
C_R_047	C_R_035
C_R_047	C_R_036
C_R_047	C_R_037
C_R_047	C_R_038
C_R_047	C_R_039
C_R_047	C_R_040
C_R_047	C_R_041
C_R_047	C_R_042
C_R_047	C_R_043
C_R_047	C_R_044
C_R_047	C_R_045
C_R_047	C_R_046
C_R_047	C_R_048
C_R_047	C_R_049
C_R_047	C_R_050
C_R_047	S_L_PutVA
C_R_047	S_L_PutDA
C_R_047	S_L_PutVP
C_R_047	S_L_PutDP
C_R_047	S_L_CauVA
C_R_047	S_L_CauDA
C_R_047	S_L_CauBody
C_R_047	S_L_CauTail
C_R_047	S_L_NAcShell
C_R_047	S_L_NAcCore
C_R_047	S_R_PutVA
C_R_047	S_R_PutDA
C_R_047	S_R_PutVP
C_R_047	S_R_PutDP
C_R_047	S_R_CauVA
C_R_047	S_R_CauDA
C_R_047	S_R_CauBody
C_R_047	S_R_CauTail
C_R_047	S_R_NAcShell
C_R_047	S_R_NAcCore
C_R_047	Th_L_VAip
C_R_047	Th_L_VAia
C_R_047	Th_L_VPm
C_R_047	Th_L_VPl
C_R_047	Th_L_VAs
C_R_047	Th_L_DAm
C_R_047	Th_L_DAl
C_R_047	Th_L_DP
C_R_047	A_L_Lat
C_R_047	A_L_Med
C_R_047	H_L_HeadM1
C_R_047	H_L_HeadM2
C_R_047	H_L_HeadL
C_R_047	H_L_Body
C_R_047	H_L_Tail
C_R_047	Th_R_VAip
C_R_047	Th_R_VAia
C_R_047	Th_R_VPm
C_R_047	Th_R_VPl
C_R_047	Th_R_VAs
C_R_047	Th_R_DAm
C_R_047	Th_R_DAl
C_R_047	Th_R_DP
C_R_047	A_R_Lat
C_R_047	A_R_Med
C_R_047	H_R_HeadM1
C_R_047	H_R_HeadM2
C_R_047	H_R_HeadL
C_R_047	H_R_Body
C_R_047	H_R_Tail
C_R_047	STN_L
C_R_047	STN_R
C_R_048	C_L_001
C_R_048	C_L_002
C_R_048	C_L_003
C_R_048	C_L_004
C_R_048	C_L_005
C_R_048	C_L_006
C_R_048	C_L_007
C_R_048	C_L_008
C_R_048	C_L_009
C_R_048	C_L_010
C_R_048	C_L_011
C_R_048	C_L_012
C_R_048	C_L_013
C_R_048	C_L_014
C_R_048	C_L_015
C_R_048	C_L_016
C_R_048	C_L_017
C_R_048	C_L_018
C_R_048	C_L_019
C_R_048	C_L_020
C_R_048	C_L_021
C_R_048	C_L_022
C_R_048	C_L_023
C_R_048	C_L_024
C_R_048	C_L_025
C_R_048	C_L_026
C_R_048	C_L_027
C_R_048	C_L_028
C_R_048	C_L_029
C_R_048	C_L_030
C_R_048	C_L_031
C_R_048	C_L_032
C_R_048	C_L_033
C_R_048	C_L_034
C_R_048	C_L_035
C_R_048	C_L_036
C_R_048	C_L_037
C_R_048	C_L_038
C_R_048	C_L_039
C_R_048	C_L_040
C_R_048	C_L_041
C_R_048	C_L_042
C_R_048	C_L_043
C_R_048	C_L_044
C_R_048	C_L_045
C_R_048	C_L_046
C_R_048	C_L_047
C_R_048	C_L_048
C_R_048	C_L_049
C_R_048	C_L_050
C_R_048	C_R_001
C_R_048	C_R_002
C_R_048	C_R_003
C_R_048	C_R_004
C_R_048	C_R_005
C_R_048	C_R_006
C_R_048	C_R_007
C_R_048	C_R_008
C_R_048	C_R_009
C_R_048	C_R_010
C_R_048	C_R_011
C_R_048	C_R_012
C_R_048	C_R_013
C_R_048	C_R_014
C_R_048	C_R_015
C_R_048	C_R_016
C_R_048	C_R_017
C_R_048	C_R_018
C_R_048	C_R_019
C_R_048	C_R_020
C_R_048	C_R_021
C_R_048	C_R_022
C_R_048	C_R_023
C_R_048	C_R_024
C_R_048	C_R_025
C_R_048	C_R_026
C_R_048	C_R_027
C_R_048	C_R_028
C_R_048	C_R_029
C_R_048	C_R_030
C_R_048	C_R_031
C_R_048	C_R_032
C_R_048	C_R_033
C_R_048	C_R_034
C_R_048	C_R_035
C_R_048	C_R_036
C_R_048	C_R_037
C_R_048	C_R_038
C_R_048	C_R_039
C_R_048	C_R_040
C_R_048	C_R_041
C_R_048	C_R_042
C_R_048	C_R_043
C_R_048	C_R_044
C_R_048	C_R_045
C_R_048	C_R_046
C_R_048	C_R_047
C_R_048	C_R_049
C_R_048	C_R_050
C_R_048	S_L_PutVA
C_R_048	S_L_PutDA
C_R_048	S_L_PutVP
C_R_048	S_L_PutDP
C_R_048	S_L_CauVA
C_R_048	S_L_CauDA
C_R_048	S_L_CauBody
C_R_048	S_L_CauTail
C_R_048	S_L_NAcShell
C_R_048	S_L_NAcCore
C_R_048	S_R_PutVA
C_R_048	S_R_PutDA
C_R_048	S_R_PutVP
C_R_048	S_R_PutDP
C_R_048	S_R_CauVA
C_R_048	S_R_CauDA
C_R_048	S_R_CauBody
C_R_048	S_R_CauTail
C_R_048	S_R_NAcShell
C_R_048	S_R_NAcCore
C_R_048	Th_L_VAip
C_R_048	Th_L_VAia
C_R_048	Th_L_VPm
C_R_048	Th_L_VPl
C_R_048	Th_L_VAs
C_R_048	Th_L_DAm
C_R_048	Th_L_DAl
C_R_048	Th_L_DP
C_R_048	A_L_Lat
C_R_048	A_L_Med
C_R_048	H_L_HeadM1
C_R_048	H_L_HeadM2
C_R_048	H_L_HeadL
C_R_048	H_L_Body
C_R_048	H_L_Tail
C_R_048	Th_R_VAip
C_R_048	Th_R_VAia
C_R_048	Th_R_VPm
C_R_048	Th_R_VPl
C_R_048	Th_R_VAs
C_R_048	Th_R_DAm
C_R_048	Th_R_DAl
C_R_048	Th_R_DP
C_R_048	A_R_Lat
C_R_048	A_R_Med
C_R_048	H_R_HeadM1
C_R_048	H_R_HeadM2
C_R_048	H_R_HeadL
C_R_048	H_R_Body
C_R_048	H_R_Tail
C_R_048	STN_L
C_R_048	STN_R
C_R_049	C_L_001
C_R_049	C_L_002
C_R_049	C_L_003
C_R_049	C_L_004
C_R_049	C_L_005
C_R_049	C_L_006
C_R_049	C_L_007
C_R_049	C_L_008
C_R_049	C_L_009
C_R_049	C_L_010
C_R_049	C_L_011
C_R_049	C_L_012
C_R_049	C_L_013
C_R_049	C_L_014
C_R_049	C_L_015
C_R_049	C_L_016
C_R_049	C_L_017
C_R_049	C_L_018
C_R_049	C_L_019
C_R_049	C_L_020
C_R_049	C_L_021
C_R_049	C_L_022
C_R_049	C_L_023
C_R_049	C_L_024
C_R_049	C_L_025
C_R_049	C_L_026
C_R_049	C_L_027
C_R_049	C_L_028
C_R_049	C_L_029
C_R_049	C_L_030
C_R_049	C_L_031
C_R_049	C_L_032
C_R_049	C_L_033
C_R_049	C_L_034
C_R_049	C_L_035
C_R_049	C_L_036
C_R_049	C_L_037
C_R_049	C_L_038
C_R_049	C_L_039
C_R_049	C_L_040
C_R_049	C_L_041
C_R_049	C_L_042
C_R_049	C_L_043
C_R_049	C_L_044
C_R_049	C_L_045
C_R_049	C_L_046
C_R_049	C_L_047
C_R_049	C_L_048
C_R_049	C_L_049
C_R_049	C_L_050
C_R_049	C_R_001
C_R_049	C_R_002
C_R_049	C_R_003
C_R_049	C_R_004
C_R_049	C_R_005
C_R_049	C_R_006
C_R_049	C_R_007
C_R_049	C_R_008
C_R_049	C_R_009
C_R_049	C_R_010
C_R_049	C_R_011
C_R_049	C_R_012
C_R_049	C_R_013
C_R_049	C_R_014
C_R_049	C_R_015
C_R_049	C_R_016
C_R_049	C_R_017
C_R_049	C_R_018
C_R_049	C_R_019
C_R_049	C_R_020
C_R_049	C_R_021
C_R_049	C_R_022
C_R_049	C_R_023
C_R_049	C_R_024
C_R_049	C_R_025
C_R_049	C_R_026
C_R_049	C_R_027
C_R_049	C_R_028
C_R_049	C_R_029
C_R_049	C_R_030
C_R_049	C_R_031
C_R_049	C_R_032
C_R_049	C_R_033
C_R_049	C_R_034
C_R_049	C_R_035
C_R_049	C_R_036
C_R_049	C_R_037
C_R_049	C_R_038
C_R_049	C_R_039
C_R_049	C_R_040
C_R_049	C_R_041
C_R_049	C_R_042
C_R_049	C_R_043
C_R_049	C_R_044
C_R_049	C_R_045
C_R_049	C_R_046
C_R_049	C_R_047
C_R_049	C_R_048
C_R_049	C_R_050
C_R_049	S_L_PutVA
C_R_049	S_L_PutDA
C_R_049	S_L_PutVP
C_R_049	S_L_PutDP
C_R_049	S_L_CauVA
C_R_049	S_L_CauDA
C_R_049	S_L_CauBody
C_R_049	S_L_CauTail
C_R_049	S_L_NAcShell
C_R_049	S_L_NAcCore
C_R_049	S_R_PutVA
C_R_049	S_R_PutDA
C_R_049	S_R_PutVP
C_R_049	S_R_PutDP
C_R_049	S_R_CauVA
C_R_049	S_R_CauDA
C_R_049	S_R_CauBody
C_R_049	S_R_CauTail
C_R_049	S_R_NAcShell
C_R_049	S_R_NAcCore
C_R_049	Th_L_VAip
C_R_049	Th_L_VAia
C_R_049	Th_L_VPm
C_R_049	Th_L_VPl
C_R_049	Th_L_VAs
C_R_049	Th_L_DAm
C_R_049	Th_L_DAl
C_R_049	Th_L_DP
C_R_049	A_L_Lat
C_R_049	A_L_Med
C_R_049	H_L_HeadM1
C_R_049	H_L_HeadM2
C_R_049	H_L_HeadL
C_R_049	H_L_Body
C_R_049	H_L_Tail
C_R_049	Th_R_VAip
C_R_049	Th_R_VAia
C_R_049	Th_R_VPm
C_R_049	Th_R_VPl
C_R_049	Th_R_VAs
C_R_049	Th_R_DAm
C_R_049	Th_R_DAl
C_R_049	Th_R_DP
C_R_049	A_R_Lat
C_R_049	A_R_Med
C_R_049	H_R_HeadM1
C_R_049	H_R_HeadM2
C_R_049	H_R_HeadL
C_R_049	H_R_Body
C_R_049	H_R_Tail
C_R_049	STN_L
C_R_049	STN_R
C_R_050	C_L_001
C_R_050	C_L_002
C_R_050	C_L_003
C_R_050	C_L_004
C_R_050	C_L_005
C_R_050	C_L_006
C_R_050	C_L_007
C_R_050	C_L_008
C_R_050	C_L_009
C_R_050	C_L_010
C_R_050	C_L_011
C_R_050	C_L_012
C_R_050	C_L_013
C_R_050	C_L_014
C_R_050	C_L_015
C_R_050	C_L_016
C_R_050	C_L_017
C_R_050	C_L_018
C_R_050	C_L_019
C_R_050	C_L_020
C_R_050	C_L_021
C_R_050	C_L_022
C_R_050	C_L_023
C_R_050	C_L_024
C_R_050	C_L_025
C_R_050	C_L_026
C_R_050	C_L_027
C_R_050	C_L_028
C_R_050	C_L_029
C_R_050	C_L_030
C_R_050	C_L_031
C_R_050	C_L_032
C_R_050	C_L_033
C_R_050	C_L_034
C_R_050	C_L_035
C_R_050	C_L_036
C_R_050	C_L_037
C_R_050	C_L_038
C_R_050	C_L_039
C_R_050	C_L_040
C_R_050	C_L_041
C_R_050	C_L_042
C_R_050	C_L_043
C_R_050	C_L_044
C_R_050	C_L_045
C_R_050	C_L_046
C_R_050	C_L_047
C_R_050	C_L_048
C_R_050	C_L_049
C_R_050	C_L_050
C_R_050	C_R_001
C_R_050	C_R_002
C_R_050	C_R_003
C_R_050	C_R_004
C_R_050	C_R_005
C_R_050	C_R_006
C_R_050	C_R_007
C_R_050	C_R_008
C_R_050	C_R_009
C_R_050	C_R_010
C_R_050	C_R_011
C_R_050	C_R_012
C_R_050	C_R_013
C_R_050	C_R_014
C_R_050	C_R_015
C_R_050	C_R_016
C_R_050	C_R_017
C_R_050	C_R_018
C_R_050	C_R_019
C_R_050	C_R_020
C_R_050	C_R_021
C_R_050	C_R_022
C_R_050	C_R_023
C_R_050	C_R_024
C_R_050	C_R_025
C_R_050	C_R_026
C_R_050	C_R_027
C_R_050	C_R_028
C_R_050	C_R_029
C_R_050	C_R_030
C_R_050	C_R_031
C_R_050	C_R_032
C_R_050	C_R_033
C_R_050	C_R_034
C_R_050	C_R_035
C_R_050	C_R_036
C_R_050	C_R_037
C_R_050	C_R_038
C_R_050	C_R_039
C_R_050	C_R_040
C_R_050	C_R_041
C_R_050	C_R_042
C_R_050	C_R_043
C_R_050	C_R_044
C_R_050	C_R_045
C_R_050	C_R_046
C_R_050	C_R_047
C_R_050	C_R_048
C_R_050	C_R_049
C_R_050	S_L_PutVA
C_R_050	S_L_PutDA
C_R_050	S_L_PutVP
C_R_050	S_L_PutDP
C_R_050	S_L_CauVA
C_R_050	S_L_CauDA
C_R_050	S_L_CauBody
C_R_050	S_L_CauTail
C_R_050	S_L_NAcShell
C_R_050	S_L_NAcCore
C_R_050	S_R_PutVA
C_R_050	S_R_PutDA
C_R_050	S_R_PutVP
C_R_050	S_R_PutDP
C_R_050	S_R_CauVA
C_R_050	S_R_CauDA
C_R_050	S_R_CauBody
C_R_050	S_R_CauTail
C_R_050	S_R_NAcShell
C_R_050	S_R_NAcCore
C_R_050	Th_L_VAip
C_R_050	Th_L_VAia
C_R_050	Th_L_VPm
C_R_050	Th_L_VPl
C_R_050	Th_L_VAs
C_R_050	Th_L_DAm
C_R_050	Th_L_DAl
C_R_050	Th_L_DP
C_R_050	A_L_Lat
C_R_050	A_L_Med
C_R_050	H_L_HeadM1
C_R_050	H_L_HeadM2
C_R_050	H_L_HeadL
C_R_050	H_L_Body
C_R_050	H_L_Tail
C_R_050	Th_R_VAip
C_R_050	Th_R_VAia
C_R_050	Th_R_VPm
C_R_050	Th_R_VPl
C_R_050	Th_R_VAs
C_R_050	Th_R_DAm
C_R_050	Th_R_DAl
C_R_050	Th_R_DP
C_R_050	A_R_Lat
C_R_050	A_R_Med
C_R_050	H_R_HeadM1
C_R_050	H_R_HeadM2
C_R_050	H_R_HeadL
C_R_050	H_R_Body
C_R_050	H_R_Tail
C_R_050	STN_L
C_R_050	STN_R
S_L_PutVA	GPe_L
S_L_PutVA	GPi_L
S_L_PutVA	VeP_L
S_L_PutVA	SNc_L
S_L_PutVA	SNr_L
S_L_PutVA	VTA_L
S_L_PutVA	GPe_R
S_L_PutVA	GPi_R
S_L_PutVA	VeP_R
S_L_PutVA	SNc_R
S_L_PutVA	SNr_R
S_L_PutVA	VTA_R
S_L_PutDA	GPe_L
S_L_PutDA	GPi_L
S_L_PutDA	VeP_L
S_L_PutDA	SNc_L
S_L_PutDA	SNr_L
S_L_PutDA	VTA_L
S_L_PutDA	GPe_R
S_L_PutDA	GPi_R
S_L_PutDA	VeP_R
S_L_PutDA	SNc_R
S_L_PutDA	SNr_R
S_L_PutDA	VTA_R
S_L_PutVP	GPe_L
S_L_PutVP	GPi_L
S_L_PutVP	VeP_L
S_L_PutVP	SNc_L
S_L_PutVP	SNr_L
S_L_PutVP	VTA_L
S_L_PutVP	GPe_R
S_L_PutVP	GPi_R
S_L_PutVP	VeP_R
S_L_PutVP	SNc_R
S_L_PutVP	SNr_R
S_L_PutVP	VTA_R
S_L_PutDP	GPe_L
S_L_PutDP	GPi_L
S_L_PutDP	VeP_L
S_L_PutDP	SNc_L
S_L_PutDP	SNr_L
S_L_PutDP	VTA_L
S_L_PutDP	GPe_R
S_L_PutDP	GPi_R
S_L_PutDP	VeP_R
S_L_PutDP	SNc_R
S_L_PutDP	SNr_R
S_L_PutDP	VTA_R
S_L_CauVA	GPe_L
S_L_CauVA	GPi_L
S_L_CauVA	VeP_L
S_L_CauVA	SNc_L
S_L_CauVA	SNr_L
S_L_CauVA	VTA_L
S_L_CauVA	GPe_R
S_L_CauVA	GPi_R
S_L_CauVA	VeP_R
S_L_CauVA	SNc_R
S_L_CauVA	SNr_R
S_L_CauVA	VTA_R
S_L_CauDA	GPe_L
S_L_CauDA	GPi_L
S_L_CauDA	VeP_L
S_L_CauDA	SNc_L
S_L_CauDA	SNr_L
S_L_CauDA	VTA_L
S_L_CauDA	GPe_R
S_L_CauDA	GPi_R
S_L_CauDA	VeP_R
S_L_CauDA	SNc_R
S_L_CauDA	SNr_R
S_L_CauDA	VTA_R
S_L_CauBody	GPe_L
S_L_CauBody	GPi_L
S_L_CauBody	VeP_L
S_L_CauBody	SNc_L
S_L_CauBody	SNr_L
S_L_CauBody	VTA_L
S_L_CauBody	GPe_R
S_L_CauBody	GPi_R
S_L_CauBody	VeP_R
S_L_CauBody	SNc_R
S_L_CauBody	SNr_R
S_L_CauBody	VTA_R
S_L_CauTail	GPe_L
S_L_CauTail	GPi_L
S_L_CauTail	VeP_L
S_L_CauTail	SNc_L
S_L_CauTail	SNr_L
S_L_CauTail	VTA_L
S_L_CauTail	GPe_R
S_L_CauTail	GPi_R
S_L_CauTail	VeP_R
S_L_CauTail	SNc_R
S_L_CauTail	SNr_R
S_L_CauTail	VTA_R
S_L_NAcShell	GPe_L
S_L_NAcShell	GPi_L
S_L_NAcShell	VeP_L
S_L_NAcShell	SNc_L
S_L_NAcShell	SNr_L
S_L_NAcShell	VTA_L
S_L_NAcShell	GPe_R
S_L_NAcShell	GPi_R
S_L_NAcShell	VeP_R
S_L_NAcShell	SNc_R
S_L_NAcShell	SNr_R
S_L_NAcShell	VTA_R
S_L_NAcCore	GPe_L
S_L_NAcCore	GPi_L
S_L_NAcCore	VeP_L
S_L_NAcCore	SNc_L
S_L_NAcCore	SNr_L
S_L_NAcCore	VTA_L
S_L_NAcCore	GPe_R
S_L_NAcCore	GPi_R
S_L_NAcCore	VeP_R
S_L_NAcCore	SNc_R
S_L_NAcCore	SNr_R
S_L_NAcCore	VTA_R
S_R_PutVA	GPe_L
S_R_PutVA	GPi_L
S_R_PutVA	VeP_L
S_R_PutVA	SNc_L
S_R_PutVA	SNr_L
S_R_PutVA	VTA_L
S_R_PutVA	GPe_R
S_R_PutVA	GPi_R
S_R_PutVA	VeP_R
S_R_PutVA	SNc_R
S_R_PutVA	SNr_R
S_R_PutVA	VTA_R
S_R_PutDA	GPe_L
S_R_PutDA	GPi_L
S_R_PutDA	VeP_L
S_R_PutDA	SNc_L
S_R_PutDA	SNr_L
S_R_PutDA	VTA_L
S_R_PutDA	GPe_R
S_R_PutDA	GPi_R
S_R_PutDA	VeP_R
S_R_PutDA	SNc_R
S_R_PutDA	SNr_R
S_R_PutDA	VTA_R
S_R_PutVP	GPe_L
S_R_PutVP	GPi_L
S_R_PutVP	VeP_L
S_R_PutVP	SNc_L
S_R_PutVP	SNr_L
S_R_PutVP	VTA_L
S_R_PutVP	GPe_R
S_R_PutVP	GPi_R
S_R_PutVP	VeP_R
S_R_PutVP	SNc_R
S_R_PutVP	SNr_R
S_R_PutVP	VTA_R
S_R_PutDP	GPe_L
S_R_PutDP	GPi_L
S_R_PutDP	VeP_L
S_R_PutDP	SNc_L
S_R_PutDP	SNr_L
S_R_PutDP	VTA_L
S_R_PutDP	GPe_R
S_R_PutDP	GPi_R
S_R_PutDP	VeP_R
S_R_PutDP	SNc_R
S_R_PutDP	SNr_R
S_R_PutDP	VTA_R
S_R_CauVA	GPe_L
S_R_CauVA	GPi_L
S_R_CauVA	VeP_L
S_R_CauVA	SNc_L
S_R_CauVA	SNr_L
S_R_CauVA	VTA_L
S_R_CauVA	GPe_R
S_R_CauVA	GPi_R
S_R_CauVA	VeP_R
S_R_CauVA	SNc_R
S_R_CauVA	SNr_R
S_R_CauVA	VTA_R
S_R_CauDA	GPe_L
S_R_CauDA	GPi_L
S_R_CauDA	VeP_L
S_R_CauDA	SNc_L
S_R_CauDA	SNr_L
S_R_CauDA	VTA_L
S_R_CauDA	GPe_R
S_R_CauDA	GPi_R
S_R_CauDA	VeP_R
S_R_CauDA	SNc_R
S_R_CauDA	SNr_R
S_R_CauDA	VTA_R
S_R_CauBody	GPe_L
S_R_CauBody	GPi_L
S_R_CauBody	VeP_L
S_R_CauBody	SNc_L
S_R_CauBody	SNr_L
S_R_CauBody	VTA_L
S_R_CauBody	GPe_R
S_R_CauBody	GPi_R
S_R_CauBody	VeP_R
S_R_CauBody	SNc_R
S_R_CauBody	SNr_R
S_R_CauBody	VTA_R
S_R_CauTail	GPe_L
S_R_CauTail	GPi_L
S_R_CauTail	VeP_L
S_R_CauTail	SNc_L
S_R_CauTail	SNr_L
S_R_CauTail	VTA_L
S_R_CauTail	GPe_R
S_R_CauTail	GPi_R
S_R_CauTail	VeP_R
S_R_CauTail	SNc_R
S_R_CauTail	SNr_R
S_R_CauTail	VTA_R
S_R_NAcShell	GPe_L
S_R_NAcShell	GPi_L
S_R_NAcShell	VeP_L
S_R_NAcShell	SNc_L
S_R_NAcShell	SNr_L
S_R_NAcShell	VTA_L
S_R_NAcShell	GPe_R
S_R_NAcShell	GPi_R
S_R_NAcShell	VeP_R
S_R_NAcShell	SNc_R
S_R_NAcShell	SNr_R
S_R_NAcShell	VTA_R
S_R_NAcCore	GPe_L
S_R_NAcCore	GPi_L
S_R_NAcCore	VeP_L
S_R_NAcCore	SNc_L
S_R_NAcCore	SNr_L
S_R_NAcCore	VTA_L
S_R_NAcCore	GPe_R
S_R_NAcCore	GPi_R
S_R_NAcCore	VeP_R
S_R_NAcCore	SNc_R
S_R_NAcCore	SNr_R
S_R_NAcCore	VTA_R
Th_L_VAip	C_L_001
Th_L_VAip	C_L_002
Th_L_VAip	C_L_003
Th_L_VAip	C_L_004
Th_L_VAip	C_L_005
Th_L_VAip	C_L_006
Th_L_VAip	C_L_007
Th_L_VAip	C_L_008
Th_L_VAip	C_L_009
Th_L_VAip	C_L_010
Th_L_VAip	C_L_011
Th_L_VAip	C_L_012
Th_L_VAip	C_L_013
Th_L_VAip	C_L_014
Th_L_VAip	C_L_015
Th_L_VAip	C_L_016
Th_L_VAip	C_L_017
Th_L_VAip	C_L_018
Th_L_VAip	C_L_019
Th_L_VAip	C_L_020
Th_L_VAip	C_L_021
Th_L_VAip	C_L_022
Th_L_VAip	C_L_023
Th_L_VAip	C_L_024
Th_L_VAip	C_L_025
Th_L_VAip	C_L_026
Th_L_VAip	C_L_027
Th_L_VAip	C_L_028
Th_L_VAip	C_L_029
Th_L_VAip	C_L_030
Th_L_VAip	C_L_031
Th_L_VAip	C_L_032
Th_L_VAip	C_L_033
Th_L_VAip	C_L_034
Th_L_VAip	C_L_035
Th_L_VAip	C_L_036
Th_L_VAip	C_L_037
Th_L_VAip	C_L_038
Th_L_VAip	C_L_039
Th_L_VAip	C_L_040
Th_L_VAip	C_L_041
Th_L_VAip	C_L_042
Th_L_VAip	C_L_043
Th_L_VAip	C_L_044
Th_L_VAip	C_L_045
Th_L_VAip	C_L_046
Th_L_VAip	C_L_047
Th_L_VAip	C_L_048
Th_L_VAip	C_L_049
Th_L_VAip	C_L_050
Th_L_VAip	C_R_001
Th_L_VAip	C_R_002
Th_L_VAip	C_R_003
Th_L_VAip	C_R_004
Th_L_VAip	C_R_005
Th_L_VAip	C_R_006
Th_L_VAip	C_R_007
Th_L_VAip	C_R_008
Th_L_VAip	C_R_009
Th_L_VAip	C_R_010
Th_L_VAip	C_R_011
Th_L_VAip	C_R_012
Th_L_VAip	C_R_013
Th_L_VAip	C_R_014
Th_L_VAip	C_R_015
Th_L_VAip	C_R_016
Th_L_VAip	C_R_017
Th_L_VAip	C_R_018
Th_L_VAip	C_R_019
Th_L_VAip	C_R_020
Th_L_VAip	C_R_021
Th_L_VAip	C_R_022
Th_L_VAip	C_R_023
Th_L_VAip	C_R_024
Th_L_VAip	C_R_025
Th_L_VAip	C_R_026
Th_L_VAip	C_R_027
Th_L_VAip	C_R_028
Th_L_VAip	C_R_029
Th_L_VAip	C_R_030
Th_L_VAip	C_R_031
Th_L_VAip	C_R_032
Th_L_VAip	C_R_033
Th_L_VAip	C_R_034
Th_L_VAip	C_R_035
Th_L_VAip	C_R_036
Th_L_VAip	C_R_037
Th_L_VAip	C_R_038
Th_L_VAip	C_R_039
Th_L_VAip	C_R_040
Th_L_VAip	C_R_041
Th_L_VAip	C_R_042
Th_L_VAip	C_R_043
Th_L_VAip	C_R_044
Th_L_VAip	C_R_045
Th_L_VAip	C_R_046
Th_L_VAip	C_R_047
Th_L_VAip	C_R_048
Th_L_VAip	C_R_049
Th_L_VAip	C_R_050
Th_L_VAip	S_L_PutVA
Th_L_VAip	S_L_PutDA
Th_L_VAip	S_L_PutVP
Th_L_VAip	S_L_PutDP
Th_L_VAip	S_L_CauVA
Th_L_VAip	S_L_CauDA
Th_L_VAip	S_L_CauBody
Th_L_VAip	S_L_CauTail
Th_L_VAip	S_L_NAcShell
Th_L_VAip	S_L_NAcCore
Th_L_VAip	S_R_PutVA
Th_L_VAip	S_R_PutDA
Th_L_VAip	S_R_PutVP
Th_L_VAip	S_R_PutDP
Th_L_VAip	S_R_CauVA
Th_L_VAip	S_R_CauDA
Th_L_VAip	S_R_CauBody
Th_L_VAip	S_R_CauTail
Th_L_VAip	S_R_NAcShell
Th_L_VAip	S_R_NAcCore
Th_L_VAip	A_L_Lat
Th_L_VAip	A_L_Med
Th_L_VAip	H_L_HeadM1
Th_L_VAip	H_L_HeadM2
Th_L_VAip	H_L_HeadL
Th_L_VAip	H_L_Body
Th_L_VAip	H_L_Tail
Th_L_VAip	A_R_Lat
Th_L_VAip	A_R_Med
Th_L_VAip	H_R_HeadM1
Th_L_VAip	H_R_HeadM2
Th_L_VAip	H_R_HeadL
Th_L_VAip	H_R_Body
Th_L_VAip	H_R_Tail
Th_L_VAia	C_L_001
Th_L_VAia	C_L_002
Th_L_VAia	C_L_003
Th_L_VAia	C_L_004
Th_L_VAia	C_L_005
Th_L_VAia	C_L_006
Th_L_VAia	C_L_007
Th_L_VAia	C_L_008
Th_L_VAia	C_L_009
Th_L_VAia	C_L_010
Th_L_VAia	C_L_011
Th_L_VAia	C_L_012
Th_L_VAia	C_L_013
Th_L_VAia	C_L_014
Th_L_VAia	C_L_015
Th_L_VAia	C_L_016
Th_L_VAia	C_L_017
Th_L_VAia	C_L_018
Th_L_VAia	C_L_019
Th_L_VAia	C_L_020
Th_L_VAia	C_L_021
Th_L_VAia	C_L_022
Th_L_VAia	C_L_023
Th_L_VAia	C_L_024
Th_L_VAia	C_L_025
Th_L_VAia	C_L_026
Th_L_VAia	C_L_027
Th_L_VAia	C_L_028
Th_L_VAia	C_L_029
Th_L_VAia	C_L_030
Th_L_VAia	C_L_031
Th_L_VAia	C_L_032
Th_L_VAia	C_L_033
Th_L_VAia	C_L_034
Th_L_VAia	C_L_035
Th_L_VAia	C_L_036
Th_L_VAia	C_L_037
Th_L_VAia	C_L_038
Th_L_VAia	C_L_039
Th_L_VAia	C_L_040
Th_L_VAia	C_L_041
Th_L_VAia	C_L_042
Th_L_VAia	C_L_043
Th_L_VAia	C_L_044
Th_L_VAia	C_L_045
Th_L_VAia	C_L_046
Th_L_VAia	C_L_047
Th_L_VAia	C_L_048
Th_L_VAia	C_L_049
Th_L_VAia	C_L_050
Th_L_VAia	C_R_001
Th_L_VAia	C_R_002
Th_L_VAia	C_R_003
Th_L_VAia	C_R_004
Th_L_VAia	C_R_005
Th_L_VAia	C_R_006
Th_L_VAia	C_R_007
Th_L_VAia	C_R_008
Th_L_VAia	C_R_009
Th_L_VAia	C_R_010
Th_L_VAia	C_R_011
Th_L_VAia	C_R_012
Th_L_VAia	C_R_013
Th_L_VAia	C_R_014
Th_L_VAia	C_R_015
Th_L_VAia	C_R_016
Th_L_VAia	C_R_017
Th_L_VAia	C_R_018
Th_L_VAia	C_R_019
Th_L_VAia	C_R_020
Th_L_VAia	C_R_021
Th_L_VAia	C_R_022
Th_L_VAia	C_R_023
Th_L_VAia	C_R_024
Th_L_VAia	C_R_025
Th_L_VAia	C_R_026
Th_L_VAia	C_R_027
Th_L_VAia	C_R_028
Th_L_VAia	C_R_029
Th_L_VAia	C_R_030
Th_L_VAia	C_R_031
Th_L_VAia	C_R_032
Th_L_VAia	C_R_033
Th_L_VAia	C_R_034
Th_L_VAia	C_R_035
Th_L_VAia	C_R_036
Th_L_VAia	C_R_037
Th_L_VAia	C_R_038
Th_L_VAia	C_R_039
Th_L_VAia	C_R_040
Th_L_VAia	C_R_041
Th_L_VAia	C_R_042
Th_L_VAia	C_R_043
Th_L_VAia	C_R_044
Th_L_VAia	C_R_045
Th_L_VAia	C_R_046
Th_L_VAia	C_R_047
Th_L_VAia	C_R_048
Th_L_VAia	C_R_049
Th_L_VAia	C_R_050
Th_L_VAia	S_L_PutVA
Th_L_VAia	S_L_PutDA
Th_L_VAia	S_L_PutVP
Th_L_VAia	S_L_PutDP
Th_L_VAia	S_L_CauVA
Th_L_VAia	S_L_CauDA
Th_L_VAia	S_L_CauBody
Th_L_VAia	S_L_CauTail
Th_L_VAia	S_L_NAcShell
Th_L_VAia	S_L_NAcCore
Th_L_VAia	S_R_PutVA
Th_L_VAia	S_R_PutDA
Th_L_VAia	S_R_PutVP
Th_L_VAia	S_R_PutDP
Th_L_VAia	S_R_CauVA
Th_L_VAia	S_R_CauDA
Th_L_VAia	S_R_CauBody
Th_L_VAia	S_R_CauTail
Th_L_VAia	S_R_NAcShell
Th_L_VAia	S_R_NAcCore
Th_L_VAia	A_L_Lat
Th_L_VAia	A_L_Med
Th_L_VAia	H_L_HeadM1
Th_L_VAia	H_L_HeadM2
Th_L_VAia	H_L_HeadL
Th_L_VAia	H_L_Body
Th_L_VAia	H_L_Tail
Th_L_VAia	A_R_Lat
Th_L_VAia	A_R_Med
Th_L_VAia	H_R_HeadM1
Th_L_VAia	H_R_HeadM2
Th_L_VAia	H_R_HeadL
Th_L_VAia	H_R_Body
Th_L_VAia	H_R_Tail
Th_L_VPm	C_L_001
Th_L_VPm	C_L_002
Th_L_VPm	C_L_003
Th_L_VPm	C_L_004
Th_L_VPm	C_L_005
Th_L_VPm	C_L_006
Th_L_VPm	C_L_007
Th_L_VPm	C_L_008
Th_L_VPm	C_L_009
Th_L_VPm	C_L_010
Th_L_VPm	C_L_011
Th_L_VPm	C_L_012
Th_L_VPm	C_L_013
Th_L_VPm	C_L_014
Th_L_VPm	C_L_015
Th_L_VPm	C_L_016
Th_L_VPm	C_L_017
Th_L_VPm	C_L_018
Th_L_VPm	C_L_019
Th_L_VPm	C_L_020
Th_L_VPm	C_L_021
Th_L_VPm	C_L_022
Th_L_VPm	C_L_023
Th_L_VPm	C_L_024
Th_L_VPm	C_L_025
Th_L_VPm	C_L_026
Th_L_VPm	C_L_027
Th_L_VPm	C_L_028
Th_L_VPm	C_L_029
Th_L_VPm	C_L_030
Th_L_VPm	C_L_031
Th_L_VPm	C_L_032
Th_L_VPm	C_L_033
Th_L_VPm	C_L_034
Th_L_VPm	C_L_035
Th_L_VPm	C_L_036
Th_L_VPm	C_L_037
Th_L_VPm	C_L_038
Th_L_VPm	C_L_039
Th_L_VPm	C_L_040
Th_L_VPm	C_L_041
Th_L_VPm	C_L_042
Th_L_VPm	C_L_043
Th_L_VPm	C_L_044
Th_L_VPm	C_L_045
Th_L_VPm	C_L_046
Th_L_VPm	C_L_047
Th_L_VPm	C_L_048
Th_L_VPm	C_L_049
Th_L_VPm	C_L_050
Th_L_VPm	C_R_001
Th_L_VPm	C_R_002
Th_L_VPm	C_R_003
Th_L_VPm	C_R_004
Th_L_VPm	C_R_005
Th_L_VPm	C_R_006
Th_L_VPm	C_R_007
Th_L_VPm	C_R_008
Th_L_VPm	C_R_009
Th_L_VPm	C_R_010
Th_L_VPm	C_R_011
Th_L_VPm	C_R_012
Th_L_VPm	C_R_013
Th_L_VPm	C_R_014
Th_L_VPm	C_R_015
Th_L_VPm	C_R_016
Th_L_VPm	C_R_017
Th_L_VPm	C_R_018
Th_L_VPm	C_R_019
Th_L_VPm	C_R_020
Th_L_VPm	C_R_021
Th_L_VPm	C_R_022
Th_L_VPm	C_R_023
Th_L_VPm	C_R_024
Th_L_VPm	C_R_025
Th_L_VPm	C_R_026
Th_L_VPm	C_R_027
Th_L_VPm	C_R_028
Th_L_VPm	C_R_029
Th_L_VPm	C_R_030
Th_L_VPm	C_R_031
Th_L_VPm	C_R_032
Th_L_VPm	C_R_033
Th_L_VPm	C_R_034
Th_L_VPm	C_R_035
Th_L_VPm	C_R_036
Th_L_VPm	C_R_037
Th_L_VPm	C_R_038
Th_L_VPm	C_R_039
Th_L_VPm	C_R_040
Th_L_VPm	C_R_041
Th_L_VPm	C_R_042
Th_L_VPm	C_R_043
Th_L_VPm	C_R_044
Th_L_VPm	C_R_045
Th_L_VPm	C_R_046
Th_L_VPm	C_R_047
Th_L_VPm	C_R_048
Th_L_VPm	C_R_049
Th_L_VPm	C_R_050
Th_L_VPm	S_L_PutVA
Th_L_VPm	S_L_PutDA
Th_L_VPm	S_L_PutVP
Th_L_VPm	S_L_PutDP
Th_L_VPm	S_L_CauVA
Th_L_VPm	S_L_CauDA
Th_L_VPm	S_L_CauBody
Th_L_VPm	S_L_CauTail
Th_L_VPm	S_L_NAcShell
Th_L_VPm	S_L_NAcCore
Th_L_VPm	S_R_PutVA
Th_L_VPm	S_R_PutDA
Th_L_VPm	S_R_PutVP
Th_L_VPm	S_R_PutDP
Th_L_VPm	S_R_CauVA
Th_L_VPm	S_R_CauDA
Th_L_VPm	S_R_CauBody
Th_L_VPm	S_R_CauTail
Th_L_VPm	S_R_NAcShell
Th_L_VPm	S_R_NAcCore
Th_L_VPm	A_L_Lat
Th_L_VPm	A_L_Med
Th_L_VPm	H_L_HeadM1
Th_L_VPm	H_L_HeadM2
Th_L_VPm	H_L_HeadL
Th_L_VPm	H_L_Body
Th_L_VPm	H_L_Tail
Th_L_VPm	A_R_Lat
Th_L_VPm	A_R_Med
Th_L_VPm	H_R_HeadM1
Th_L_VPm	H_R_HeadM2
Th_L_VPm	H_R_HeadL
Th_L_VPm	H_R_Body
Th_L_VPm	H_R_Tail
Th_L_VPl	C_L_001
Th_L_VPl	C_L_002
Th_L_VPl	C_L_003
Th_L_VPl	C_L_004
Th_L_VPl	C_L_005
Th_L_VPl	C_L_006
Th_L_VPl	C_L_007
Th_L_VPl	C_L_008
Th_L_VPl	C_L_009
Th_L_VPl	C_L_010
Th_L_VPl	C_L_011
Th_L_VPl	C_L_012
Th_L_VPl	C_L_013
Th_L_VPl	C_L_014
Th_L_VPl	C_L_015
Th_L_VPl	C_L_016
Th_L_VPl	C_L_017
Th_L_VPl	C_L_018
Th_L_VPl	C_L_019
Th_L_VPl	C_L_020
Th_L_VPl	C_L_021
Th_L_VPl	C_L_022
Th_L_VPl	C_L_023
Th_L_VPl	C_L_024
Th_L_VPl	C_L_025
Th_L_VPl	C_L_026
Th_L_VPl	C_L_027
Th_L_VPl	C_L_028
Th_L_VPl	C_L_029
Th_L_VPl	C_L_030
Th_L_VPl	C_L_031
Th_L_VPl	C_L_032
Th_L_VPl	C_L_033
Th_L_VPl	C_L_034
Th_L_VPl	C_L_035
Th_L_VPl	C_L_036
Th_L_VPl	C_L_037
Th_L_VPl	C_L_038
Th_L_VPl	C_L_039
Th_L_VPl	C_L_040
Th_L_VPl	C_L_041
Th_L_VPl	C_L_042
Th_L_VPl	C_L_043
Th_L_VPl	C_L_044
Th_L_VPl	C_L_045
Th_L_VPl	C_L_046
Th_L_VPl	C_L_047
Th_L_VPl	C_L_048
Th_L_VPl	C_L_049
Th_L_VPl	C_L_050
Th_L_VPl	C_R_001
Th_L_VPl	C_R_002
Th_L_VPl	C_R_003
Th_L_VPl	C_R_004
Th_L_VPl	C_R_005
Th_L_VPl	C_R_006
Th_L_VPl	C_R_007
Th_L_VPl	C_R_008
Th_L_VPl	C_R_009
Th_L_VPl	C_R_010
Th_L_VPl	C_R_011
Th_L_VPl	C_R_012
Th_L_VPl	C_R_013
Th_L_VPl	C_R_014
Th_L_VPl	C_R_015
Th_L_VPl	C_R_016
Th_L_VPl	C_R_017
Th_L_VPl	C_R_018
Th_L_VPl	C_R_019
Th_L_VPl	C_R_020
Th_L_VPl	C_R_021
Th_L_VPl	C_R_022
Th_L_VPl	C_R_023
Th_L_VPl	C_R_024
Th_L_VPl	C_R_025
Th_L_VPl	C_R_026
Th_L_VPl	C_R_027
Th_L_VPl	C_R_028
Th_L_VPl	C_R_029
Th_L_VPl	C_R_030
Th_L_VPl	C_R_031
Th_L_VPl	C_R_032
Th_L_VPl	C_R_033
Th_L_VPl	C_R_034
Th_L_VPl	C_R_035
Th_L_VPl	C_R_036
Th_L_VPl	C_R_037
Th_L_VPl	C_R_038
Th_L_VPl	C_R_039
Th_L_VPl	C_R_040
Th_L_VPl	C_R_041
Th_L_VPl	C_R_042
Th_L_VPl	C_R_043
Th_L_VPl	C_R_044
Th_L_VPl	C_R_045
Th_L_VPl	C_R_046
Th_L_VPl	C_R_047
Th_L_VPl	C_R_048
Th_L_VPl	C_R_049
Th_L_VPl	C_R_050
Th_L_VPl	S_L_PutVA
Th_L_VPl	S_L_PutDA
Th_L_VPl	S_L_PutVP
Th_L_VPl	S_L_PutDP
Th_L_VPl	S_L_CauVA
Th_L_VPl	S_L_CauDA
Th_L_VPl	S_L_CauBody
Th_L_VPl	S_L_CauTail
Th_L_VPl	S_L_NAcShell
Th_L_VPl	S_L_NAcCore
Th_L_VPl	S_R_PutVA
Th_L_VPl	S_R_PutDA
Th_L_VPl	S_R_PutVP
Th_L_VPl	S_R_PutDP
Th_L_VPl	S_R_CauVA
Th_L_VPl	S_R_CauDA
Th_L_VPl	S_R_CauBody
Th_L_VPl	S_R_CauTail
Th_L_VPl	S_R_NAcShell
Th_L_VPl	S_R_NAcCore
Th_L_VPl	A_L_Lat
Th_L_VPl	A_L_Med
Th_L_VPl	H_L_HeadM1
Th_L_VPl	H_L_HeadM2
Th_L_VPl	H_L_HeadL
Th_L_VPl	H_L_Body
Th_L_VPl	H_L_Tail
Th_L_VPl	A_R_Lat
Th_L_VPl	A_R_Med
Th_L_VPl	H_R_HeadM1
Th_L_VPl	H_R_HeadM2
Th_L_VPl	H_R_HeadL
Th_L_VPl	H_R_Body
Th_L_VPl	H_R_Tail
Th_L_VAs	C_L_001
Th_L_VAs	C_L_002
Th_L_VAs	C_L_003
Th_L_VAs	C_L_004
Th_L_VAs	C_L_005
Th_L_VAs	C_L_006
Th_L_VAs	C_L_007
Th_L_VAs	C_L_008
Th_L_VAs	C_L_009
Th_L_VAs	C_L_010
Th_L_VAs	C_L_011
Th_L_VAs	C_L_012
Th_L_VAs	C_L_013
Th_L_VAs	C_L_014
Th_L_VAs	C_L_015
Th_L_VAs	C_L_016
Th_L_VAs	C_L_017
Th_L_VAs	C_L_018
Th_L_VAs	C_L_019
Th_L_VAs	C_L_020
Th_L_VAs	C_L_021
Th_L_VAs	C_L_022
Th_L_VAs	C_L_023
Th_L_VAs	C_L_024
Th_L_VAs	C_L_025
Th_L_VAs	C_L_026
Th_L_VAs	C_L_027
Th_L_VAs	C_L_028
Th_L_VAs	C_L_029
Th_L_VAs	C_L_030
Th_L_VAs	C_L_031
Th_L_VAs	C_L_032
Th_L_VAs	C_L_033
Th_L_VAs	C_L_034
Th_L_VAs	C_L_035
Th_L_VAs	C_L_036
Th_L_VAs	C_L_037
Th_L_VAs	C_L_038
Th_L_VAs	C_L_039
Th_L_VAs	C_L_040
Th_L_VAs	C_L_041
Th_L_VAs	C_L_042
Th_L_VAs	C_L_043
Th_L_VAs	C_L_044
Th_L_VAs	C_L_045
Th_L_VAs	C_L_046
Th_L_VAs	C_L_047
Th_L_VAs	C_L_048
Th_L_VAs	C_L_049
Th_L_VAs	C_L_050
Th_L_VAs	C_R_001
Th_L_VAs	C_R_002
Th_L_VAs	C_R_003
Th_L_VAs	C_R_004
Th_L_VAs	C_R_005
Th_L_VAs	C_R_006
Th_L_VAs	C_R_007
Th_L_VAs	C_R_008
Th_L_VAs	C_R_009
Th_L_VAs	C_R_010
Th_L_VAs	C_R_011
Th_L_VAs	C_R_012
Th_L_VAs	C_R_013
Th_L_VAs	C_R_014
Th_L_VAs	C_R_015
Th_L_VAs	C_R_016
Th_L_VAs	C_R_017
Th_L_VAs	C_R_018
Th_L_VAs	C_R_019
Th_L_VAs	C_R_020
Th_L_VAs	C_R_021
Th_L_VAs	C_R_022
Th_L_VAs	C_R_023
Th_L_VAs	C_R_024
Th_L_VAs	C_R_025
Th_L_VAs	C_R_026
Th_L_VAs	C_R_027
Th_L_VAs	C_R_028
Th_L_VAs	C_R_029
Th_L_VAs	C_R_030
Th_L_VAs	C_R_031
Th_L_VAs	C_R_032
Th_L_VAs	C_R_033
Th_L_VAs	C_R_034
Th_L_VAs	C_R_035
Th_L_VAs	C_R_036
Th_L_VAs	C_R_037
Th_L_VAs	C_R_038
Th_L_VAs	C_R_039
Th_L_VAs	C_R_040
Th_L_VAs	C_R_041
Th_L_VAs	C_R_042
Th_L_VAs	C_R_043
Th_L_VAs	C_R_044
Th_L_VAs	C_R_045
Th_L_VAs	C_R_046
Th_L_VAs	C_R_047
Th_L_VAs	C_R_048
Th_L_VAs	C_R_049
Th_L_VAs	C_R_050
Th_L_VAs	S_L_PutVA
Th_L_VAs	S_L_PutDA
Th_L_VAs	S_L_PutVP
Th_L_VAs	S_L_PutDP
Th_L_VAs	S_L_CauVA
Th_L_VAs	S_L_CauDA
Th_L_VAs	S_L_CauBody
Th_L_VAs	S_L_CauTail
Th_L_VAs	S_L_NAcShell
Th_L_VAs	S_L_NAcCore
Th_L_VAs	S_R_PutVA
Th_L_VAs	S_R_PutDA
Th_L_VAs	S_R_PutVP
Th_L_VAs	S_R_PutDP
Th_L_VAs	S_R_CauVA
Th_L_VAs	S_R_CauDA
Th_L_VAs	S_R_CauBody
Th_L_VAs	S_R_CauTail
Th_L_VAs	S_R_NAcShell
Th_L_VAs	S_R_NAcCore
Th_L_VAs	A_L_Lat
Th_L_VAs	A_L_Med
Th_L_VAs	H_L_HeadM1
Th_L_VAs	H_L_HeadM2
Th_L_VAs	H_L_HeadL
Th_L_VAs	H_L_Body
Th_L_VAs	H_L_Tail
Th_L_VAs	A_R_Lat
Th_L_VAs	A_R_Med
Th_L_VAs	H_R_HeadM1
Th_L_VAs	H_R_HeadM2
Th_L_VAs	H_R_HeadL
Th_L_VAs	H_R_Body
Th_L_VAs	H_R_Tail
Th_L_DAm	C_L_001
Th_L_DAm	C_L_002
Th_L_DAm	C_L_003
Th_L_DAm	C_L_004
Th_L_DAm	C_L_005
Th_L_DAm	C_L_006
Th_L_DAm	C_L_007
Th_L_DAm	C_L_008
Th_L_DAm	C_L_009
Th_L_DAm	C_L_010
Th_L_DAm	C_L_011
Th_L_DAm	C_L_012
Th_L_DAm	C_L_013
Th_L_DAm	C_L_014
Th_L_DAm	C_L_015
Th_L_DAm	C_L_016
Th_L_DAm	C_L_017
Th_L_DAm	C_L_018
Th_L_DAm	C_L_019
Th_L_DAm	C_L_020
Th_L_DAm	C_L_021
Th_L_DAm	C_L_022
Th_L_DAm	C_L_023
Th_L_DAm	C_L_024
Th_L_DAm	C_L_025
Th_L_DAm	C_L_026
Th_L_DAm	C_L_027
Th_L_DAm	C_L_028
Th_L_DAm	C_L_029
Th_L_DAm	C_L_030
Th_L_DAm	C_L_031
Th_L_DAm	C_L_032
Th_L_DAm	C_L_033
Th_L_DAm	C_L_034
Th_L_DAm	C_L_035
Th_L_DAm	C_L_036
Th_L_DAm	C_L_037
Th_L_DAm	C_L_038
Th_L_DAm	C_L_039
Th_L_DAm	C_L_040
Th_L_DAm	C_L_041
Th_L_DAm	C_L_042
Th_L_DAm	C_L_043
Th_L_DAm	C_L_044
Th_L_DAm	C_L_045
Th_L_DAm	C_L_046
Th_L_DAm	C_L_047
Th_L_DAm	C_L_048
Th_L_DAm	C_L_049
Th_L_DAm	C_L_050
Th_L_DAm	C_R_001
Th_L_DAm	C_R_002
Th_L_DAm	C_R_003
Th_L_DAm	C_R_004
Th_L_DAm	C_R_005
Th_L_DAm	C_R_006
Th_L_DAm	C_R_007
Th_L_DAm	C_R_008
Th_L_DAm	C_R_009
Th_L_DAm	C_R_010
Th_L_DAm	C_R_011
Th_L_DAm	C_R_012
Th_L_DAm	C_R_013
Th_L_DAm	C_R_014
Th_L_DAm	C_R_015
Th_L_DAm	C_R_016
Th_L_DAm	C_R_017
Th_L_DAm	C_R_018
Th_L_DAm	C_R_019
Th_L_DAm	C_R_020
Th_L_DAm	C_R_021
Th_L_DAm	C_R_022
Th_L_DAm	C_R_023
Th_L_DAm	C_R_024
Th_L_DAm	C_R_025
Th_L_DAm	C_R_026
Th_L_DAm	C_R_027
Th_L_DAm	C_R_028
Th_L_DAm	C_R_029
Th_L_DAm	C_R_030
Th_L_DAm	C_R_031
Th_L_DAm	C_R_032
Th_L_DAm	C_R_033
Th_L_DAm	C_R_034
Th_L_DAm	C_R_035
Th_L_DAm	C_R_036
Th_L_DAm	C_R_037
Th_L_DAm	C_R_038
Th_L_DAm	C_R_039
Th_L_DAm	C_R_040
Th_L_DAm	C_R_041
Th_L_DAm	C_R_042
Th_L_DAm	C_R_043
Th_L_DAm	C_R_044
Th_L_DAm	C_R_045
Th_L_DAm	C_R_046
Th_L_DAm	C_R_047
Th_L_DAm	C_R_048
Th_L_DAm	C_R_049
Th_L_DAm	C_R_050
Th_L_DAm	S_L_PutVA
Th_L_DAm	S_L_PutDA
Th_L_DAm	S_L_PutVP
Th_L_DAm	S_L_PutDP
Th_L_DAm	S_L_CauVA
Th_L_DAm	S_L_CauDA
Th_L_DAm	S_L_CauBody
Th_L_DAm	S_L_CauTail
Th_L_DAm	S_L_NAcShell
Th_L_DAm	S_L_NAcCore
Th_L_DAm	S_R_PutVA
Th_L_DAm	S_R_PutDA
Th_L_DAm	S_R_PutVP
Th_L_DAm	S_R_PutDP
Th_L_DAm	S_R_CauVA
Th_L_DAm	S_R_CauDA
Th_L_DAm	S_R_CauBody
Th_L_DAm	S_R_CauTail
Th_L_DAm	S_R_NAcShell
Th_L_DAm	S_R_NAcCore
Th_L_DAm	A_L_Lat
Th_L_DAm	A_L_Med
Th_L_DAm	H_L_HeadM1
Th_L_DAm	H_L_HeadM2
Th_L_DAm	H_L_HeadL
Th_L_DAm	H_L_Body
Th_L_DAm	H_L_Tail
Th_L_DAm	A_R_Lat
Th_L_DAm	A_R_Med
Th_L_DAm	H_R_HeadM1
Th_L_DAm	H_R_HeadM2
Th_L_DAm	H_R_HeadL
Th_L_DAm	H_R_Body
Th_L_DAm	H_R_Tail
Th_L_DAl	C_L_001
Th_L_DAl	C_L_002
Th_L_DAl	C_L_003
Th_L_DAl	C_L_004
Th_L_DAl	C_L_005
Th_L_DAl	C_L_006
Th_L_DAl	C_L_007
Th_L_DAl	C_L_008
Th_L_DAl	C_L_009
Th_L_DAl	C_L_010
Th_L_DAl	C_L_011
Th_L_DAl	C_L_012
Th_L_DAl	C_L_013
Th_L_DAl	C_L_014
Th_L_DAl	C_L_015
Th_L_DAl	C_L_016
Th_L_DAl	C_L_017
Th_L_DAl	C_L_018
Th_L_DAl	C_L_019
Th_L_DAl	C_L_020
Th_L_DAl	C_L_021
Th_L_DAl	C_L_022
Th_L_DAl	C_L_023
Th_L_DAl	C_L_024
Th_L_DAl	C_L_025
Th_L_DAl	C_L_026
Th_L_DAl	C_L_027
Th_L_DAl	C_L_028
Th_L_DAl	C_L_029
Th_L_DAl	C_L_030
Th_L_DAl	C_L_031
Th_L_DAl	C_L_032
Th_L_DAl	C_L_033
Th_L_DAl	C_L_034
Th_L_DAl	C_L_035
Th_L_DAl	C_L_036
Th_L_DAl	C_L_037
Th_L_DAl	C_L_038
Th_L_DAl	C_L_039
Th_L_DAl	C_L_040
Th_L_DAl	C_L_041
Th_L_DAl	C_L_042
Th_L_DAl	C_L_043
Th_L_DAl	C_L_044
Th_L_DAl	C_L_045
Th_L_DAl	C_L_046
Th_L_DAl	C_L_047
Th_L_DAl	C_L_048
Th_L_DAl	C_L_049
Th_L_DAl	C_L_050
Th_L_DAl	C_R_001
Th_L_DAl	C_R_002
Th_L_DAl	C_R_003
Th_L_DAl	C_R_004
Th_L_DAl	C_R_005
Th_L_DAl	C_R_006
Th_L_DAl	C_R_007
Th_L_DAl	C_R_008
Th_L_DAl	C_R_009
Th_L_DAl	C_R_010
Th_L_DAl	C_R_011
Th_L_DAl	C_R_012
Th_L_DAl	C_R_013
Th_L_DAl	C_R_014
Th_L_DAl	C_R_015
Th_L_DAl	C_R_016
Th_L_DAl	C_R_017
Th_L_DAl	C_R_018
Th_L_DAl	C_R_019
Th_L_DAl	C_R_020
Th_L_DAl	C_R_021
Th_L_DAl	C_R_022
Th_L_DAl	C_R_023
Th_L_DAl	C_R_024
Th_L_DAl	C_R_025
Th_L_DAl	C_R_026
Th_L_DAl	C_R_027
Th_L_DAl	C_R_028
Th_L_DAl	C_R_029
Th_L_DAl	C_R_030
Th_L_DAl	C_R_031
Th_L_DAl	C_R_032
Th_L_DAl	C_R_033
Th_L_DAl	C_R_034
Th_L_DAl	C_R_035
Th_L_DAl	C_R_036
Th_L_DAl	C_R_037
Th_L_DAl	C_R_038
Th_L_DAl	C_R_039
Th_L_DAl	C_R_040
Th_L_DAl	C_R_041
Th_L_DAl	C_R_042
Th_L_DAl	C_R_043
Th_L_DAl	C_R_044
Th_L_DAl	C_R_045
Th_L_DAl	C_R_046
Th_L_DAl	C_R_047
Th_L_DAl	C_R_048
Th_L_DAl	C_R_049
Th_L_DAl	C_R_050
Th_L_DAl	S_L_PutVA
Th_L_DAl	S_L_PutDA
Th_L_DAl	S_L_PutVP
Th_L_DAl	S_L_PutDP
Th_L_DAl	S_L_CauVA
Th_L_DAl	S_L_CauDA
Th_L_DAl	S_L_CauBody
Th_L_DAl	S_L_CauTail
Th_L_DAl	S_L_NAcShell
Th_L_DAl	S_L_NAcCore
Th_L_DAl	S_R_PutVA
Th_L_DAl	S_R_PutDA
Th_L_DAl	S_R_PutVP
Th_L_DAl	S_R_PutDP
Th_L_DAl	S_R_CauVA
Th_L_DAl	S_R_CauDA
Th_L_DAl	S_R_CauBody
Th_L_DAl	S_R_CauTail
Th_L_DAl	S_R_NAcShell
Th_L_DAl	S_R_NAcCore
Th_L_DAl	A_L_Lat
Th_L_DAl	A_L_Med
Th_L_DAl	H_L_HeadM1
Th_L_DAl	H_L_HeadM2
Th_L_DAl	H_L_HeadL
Th_L_DAl	H_L_Body
Th_L_DAl	H_L_Tail
Th_L_DAl	A_R_Lat
Th_L_DAl	A_R_Med
Th_L_DAl	H_R_HeadM1
Th_L_DAl	H_R_HeadM2
Th_L_DAl	H_R_HeadL
Th_L_DAl	H_R_Body
Th_L_DAl	H_R_Tail
Th_L_DP	C_L_001
Th_L_DP	C_L_002
Th_L_DP	C_L_003
Th_L_DP	C_L_004
Th_L_DP	C_L_005
Th_L_DP	C_L_006
Th_L_DP	C_L_007
Th_L_DP	C_L_008
Th_L_DP	C_L_009
Th_L_DP	C_L_010
Th_L_DP	C_L_011
Th_L_DP	C_L_012
Th_L_DP	C_L_013
Th_L_DP	C_L_014
Th_L_DP	C_L_015
Th_L_DP	C_L_016
Th_L_DP	C_L_017
Th_L_DP	C_L_018
Th_L_DP	C_L_019
Th_L_DP	C_L_020
Th_L_DP	C_L_021
Th_L_DP	C_L_022
Th_L_DP	C_L_023
Th_L_DP	C_L_024
Th_L_DP	C_L_025
Th_L_DP	C_L_026
Th_L_DP	C_L_027
Th_L_DP	C_L_028
Th_L_DP	C_L_029
Th_L_DP	C_L_030
Th_L_DP	C_L_031
Th_L_DP	C_L_032
Th_L_DP	C_L_033
Th_L_DP	C_L_034
Th_L_DP	C_L_035
Th_L_DP	C_L_036
Th_L_DP	C_L_037
Th_L_DP	C_L_038
Th_L_DP	C_L_039
Th_L_DP	C_L_040
Th_L_DP	C_L_041
Th_L_DP	C_L_042
Th_L_DP	C_L_043
Th_L_DP	C_L_044
Th_L_DP	C_L_045
Th_L_DP	C_L_046
Th_L_DP	C_L_047
Th_L_DP	C_L_048
Th_L_DP	C_L_049
Th_L_DP	C_L_050
Th_L_DP	C_R_001
Th_L_DP	C_R_002
Th_L_DP	C_R_003
Th_L_DP	C_R_004
Th_L_DP	C_R_005
Th_L_DP	C_R_006
Th_L_DP	C_R_007
Th_L_DP	C_R_008
Th_L_DP	C_R_009
Th_L_DP	C_R_010
Th_L_DP	C_R_011
Th_L_DP	C_R_012
Th_L_DP	C_R_013
Th_L_DP	C_R_014
Th_L_DP	C_R_015
Th_L_DP	C_R_016
Th_L_DP	C_R_017
Th_L_DP	C_R_018
Th_L_DP	C_R_019
Th_L_DP	C_R_020
Th_L_DP	C_R_021
Th_L_DP	C_R_022
Th_L_DP	C_R_023
Th_L_DP	C_R_024
Th_L_DP	C_R_025
Th_L_DP	C_R_026
Th_L_DP	C_R_027
Th_L_DP	C_R_028
Th_L_DP	C_R_029
Th_L_DP	C_R_030
Th_L_DP	C_R_031
Th_L_DP	C_R_032
Th_L_DP	C_R_033
Th_L_DP	C_R_034
Th_L_DP	C_R_035
Th_L_DP	C_R_036
Th_L_DP	C_R_037
Th_L_DP	C_R_038
Th_L_DP	C_R_039
Th_L_DP	C_R_040
Th_L_DP	C_R_041
Th_L_DP	C_R_042
Th_L_DP	C_R_043
Th_L_DP	C_R_044
Th_L_DP	C_R_045
Th_L_DP	C_R_046
Th_L_DP	C_R_047
Th_L_DP	C_R_048
Th_L_DP	C_R_049
Th_L_DP	C_R_050
Th_L_DP	S_L_PutVA
Th_L_DP	S_L_PutDA
Th_L_DP	S_L_PutVP
Th_L_DP	S_L_PutDP
Th_L_DP	S_L_CauVA
Th_L_DP	S_L_CauDA
Th_L_DP	S_L_CauBody
Th_L_DP	S_L_CauTail
Th_L_DP	S_L_NAcShell
Th_L_DP	S_L_NAcCore
Th_L_DP	S_R_PutVA
Th_L_DP	S_R_PutDA
Th_L_DP	S_R_PutVP
Th_L_DP	S_R_PutDP
Th_L_DP	S_R_CauVA
Th_L_DP	S_R_CauDA
Th_L_DP	S_R_CauBody
Th_L_DP	S_R_CauTail
Th_L_DP	S_R_NAcShell
Th_L_DP	S_R_NAcCore
Th_L_DP	A_L_Lat
Th_L_DP	A_L_Med
Th_L_DP	H_L_HeadM1
Th_L_DP	H_L_HeadM2
Th_L_DP	H_L_HeadL
Th_L_DP	H_L_Body
Th_L_DP	H_L_Tail
Th_L_DP	A_R_Lat
Th_L_DP	A_R_Med
Th_L_DP	H_R_HeadM1
Th_L_DP	H_R_HeadM2
Th_L_DP	H_R_HeadL
Th_L_DP	H_R_Body
Th_L_DP	H_R_Tail
A_L_Lat	C_L_001
A_L_Lat	C_L_002
A_L_Lat	C_L_003
A_L_Lat	C_L_004
A_L_Lat	C_L_005
A_L_Lat	C_L_006
A_L_Lat	C_L_007
A_L_Lat	C_L_008
A_L_Lat	C_L_009
A_L_Lat	C_L_010
A_L_Lat	C_L_011
A_L_Lat	C_L_012
A_L_Lat	C_L_013
A_L_Lat	C_L_014
A_L_Lat	C_L_015
A_L_Lat	C_L_016
A_L_Lat	C_L_017
A_L_Lat	C_L_018
A_L_Lat	C_L_019
A_L_Lat	C_L_020
A_L_Lat	C_L_021
A_L_Lat	C_L_022
A_L_Lat	C_L_023
A_L_Lat	C_L_024
A_L_Lat	C_L_025
A_L_Lat	C_L_026
A_L_Lat	C_L_027
A_L_Lat	C_L_028
A_L_Lat	C_L_029
A_L_Lat	C_L_030
A_L_Lat	C_L_031
A_L_Lat	C_L_032
A_L_Lat	C_L_033
A_L_Lat	C_L_034
A_L_Lat	C_L_035
A_L_Lat	C_L_036
A_L_Lat	C_L_037
A_L_Lat	C_L_038
A_L_Lat	C_L_039
A_L_Lat	C_L_040
A_L_Lat	C_L_041
A_L_Lat	C_L_042
A_L_Lat	C_L_043
A_L_Lat	C_L_044
A_L_Lat	C_L_045
A_L_Lat	C_L_046
A_L_Lat	C_L_047
A_L_Lat	C_L_048
A_L_Lat	C_L_049
A_L_Lat	C_L_050
A_L_Lat	C_R_001
A_L_Lat	C_R_002
A_L_Lat	C_R_003
A_L_Lat	C_R_004
A_L_Lat	C_R_005
A_L_Lat	C_R_006
A_L_Lat	C_R_007
A_L_Lat	C_R_008
A_L_Lat	C_R_009
A_L_Lat	C_R_010
A_L_Lat	C_R_011
A_L_Lat	C_R_012
A_L_Lat	C_R_013
A_L_Lat	C_R_014
A_L_Lat	C_R_015
A_L_Lat	C_R_016
A_L_Lat	C_R_017
A_L_Lat	C_R_018
A_L_Lat	C_R_019
A_L_Lat	C_R_020
A_L_Lat	C_R_021
A_L_Lat	C_R_022
A_L_Lat	C_R_023
A_L_Lat	C_R_024
A_L_Lat	C_R_025
A_L_Lat	C_R_026
A_L_Lat	C_R_027
A_L_Lat	C_R_028
A_L_Lat	C_R_029
A_L_Lat	C_R_030
A_L_Lat	C_R_031
A_L_Lat	C_R_032
A_L_Lat	C_R_033
A_L_Lat	C_R_034
A_L_Lat	C_R_035
A_L_Lat	C_R_036
A_L_Lat	C_R_037
A_L_Lat	C_R_038
A_L_Lat	C_R_039
A_L_Lat	C_R_040
A_L_Lat	C_R_041
A_L_Lat	C_R_042
A_L_Lat	C_R_043
A_L_Lat	C_R_044
A_L_Lat	C_R_045
A_L_Lat	C_R_046
A_L_Lat	C_R_047
A_L_Lat	C_R_048
A_L_Lat	C_R_049
A_L_Lat	C_R_050
A_L_Lat	S_L_PutVA
A_L_Lat	S_L_PutDA
A_L_Lat	S_L_PutVP
A_L_Lat	S_L_PutDP
A_L_Lat	S_L_CauVA
A_L_Lat	S_L_CauDA
A_L_Lat	S_L_CauBody
A_L_Lat	S_L_CauTail
A_L_Lat	S_L_NAcShell
A_L_Lat	S_L_NAcCore
A_L_Lat	S_R_PutVA
A_L_Lat	S_R_PutDA
A_L_Lat	S_R_PutVP
A_L_Lat	S_R_PutDP
A_L_Lat	S_R_CauVA
A_L_Lat	S_R_CauDA
A_L_Lat	S_R_CauBody
A_L_Lat	S_R_CauTail
A_L_Lat	S_R_NAcShell
A_L_Lat	S_R_NAcCore
A_L_Lat	H_L_HeadM1
A_L_Lat	H_L_HeadM2
A_L_Lat	H_L_HeadL
A_L_Lat	H_L_Body
A_L_Lat	H_L_Tail
A_L_Lat	H_R_HeadM1
A_L_Lat	H_R_HeadM2
A_L_Lat	H_R_HeadL
A_L_Lat	H_R_Body
A_L_Lat	H_R_Tail
A_L_Med	C_L_001
A_L_Med	C_L_002
A_L_Med	C_L_003
A_L_Med	C_L_004
A_L_Med	C_L_005
A_L_Med	C_L_006
A_L_Med	C_L_007
A_L_Med	C_L_008
A_L_Med	C_L_009
A_L_Med	C_L_010
A_L_Med	C_L_011
A_L_Med	C_L_012
A_L_Med	C_L_013
A_L_Med	C_L_014
A_L_Med	C_L_015
A_L_Med	C_L_016
A_L_Med	C_L_017
A_L_Med	C_L_018
A_L_Med	C_L_019
A_L_Med	C_L_020
A_L_Med	C_L_021
A_L_Med	C_L_022
A_L_Med	C_L_023
A_L_Med	C_L_024
A_L_Med	C_L_025
A_L_Med	C_L_026
A_L_Med	C_L_027
A_L_Med	C_L_028
A_L_Med	C_L_029
A_L_Med	C_L_030
A_L_Med	C_L_031
A_L_Med	C_L_032
A_L_Med	C_L_033
A_L_Med	C_L_034
A_L_Med	C_L_035
A_L_Med	C_L_036
A_L_Med	C_L_037
A_L_Med	C_L_038
A_L_Med	C_L_039
A_L_Med	C_L_040
A_L_Med	C_L_041
A_L_Med	C_L_042
A_L_Med	C_L_043
A_L_Med	C_L_044
A_L_Med	C_L_045
A_L_Med	C_L_046
A_L_Med	C_L_047
A_L_Med	C_L_048
A_L_Med	C_L_049
A_L_Med	C_L_050
A_L_Med	C_R_001
A_L_Med	C_R_002
A_L_Med	C_R_003
A_L_Med	C_R_004
A_L_Med	C_R_005
A_L_Med	C_R_006
A_L_Med	C_R_007
A_L_Med	C_R_008
A_L_Med	C_R_009
A_L_Med	C_R_010
A_L_Med	C_R_011
A_L_Med	C_R_012
A_L_Med	C_R_013
A_L_Med	C_R_014
A_L_Med	C_R_015
A_L_Med	C_R_016
A_L_Med	C_R_017
A_L_Med	C_R_018
A_L_Med	C_R_019
A_L_Med	C_R_020
A_L_Med	C_R_021
A_L_Med	C_R_022
A_L_Med	C_R_023
A_L_Med	C_R_024
A_L_Med	C_R_025
A_L_Med	C_R_026
A_L_Med	C_R_027
A_L_Med	C_R_028
A_L_Med	C_R_029
A_L_Med	C_R_030
A_L_Med	C_R_031
A_L_Med	C_R_032
A_L_Med	C_R_033
A_L_Med	C_R_034
A_L_Med	C_R_035
A_L_Med	C_R_036
A_L_Med	C_R_037
A_L_Med	C_R_038
A_L_Med	C_R_039
A_L_Med	C_R_040
A_L_Med	C_R_041
A_L_Med	C_R_042
A_L_Med	C_R_043
A_L_Med	C_R_044
A_L_Med	C_R_045
A_L_Med	C_R_046
A_L_Med	C_R_047
A_L_Med	C_R_048
A_L_Med	C_R_049
A_L_Med	C_R_050
A_L_Med	S_L_PutVA
A_L_Med	S_L_PutDA
A_L_Med	S_L_PutVP
A_L_Med	S_L_PutDP
A_L_Med	S_L_CauVA
A_L_Med	S_L_CauDA
A_L_Med	S_L_CauBody
A_L_Med	S_L_CauTail
A_L_Med	S_L_NAcShell
A_L_Med	S_L_NAcCore
A_L_Med	S_R_PutVA
A_L_Med	S_R_PutDA
A_L_Med	S_R_PutVP
A_L_Med	S_R_PutDP
A_L_Med	S_R_CauVA
A_L_Med	S_R_CauDA
A_L_Med	S_R_CauBody
A_L_Med	S_R_CauTail
A_L_Med	S_R_NAcShell
A_L_Med	S_R_NAcCore
A_L_Med	H_L_HeadM1
A_L_Med	H_L_HeadM2
A_L_Med	H_L_HeadL
A_L_Med	H_L_Body
A_L_Med	H_L_Tail
A_L_Med	H_R_HeadM1
A_L_Med	H_R_HeadM2
A_L_Med	H_R_HeadL
A_L_Med	H_R_Body
A_L_Med	H_R_Tail
H_L_HeadM1	C_L_001
H_L_HeadM1	C_L_002
H_L_HeadM1	C_L_003
H_L_HeadM1	C_L_004
H_L_HeadM1	C_L_005
H_L_HeadM1	C_L_006
H_L_HeadM1	C_L_007
H_L_HeadM1	C_L_008
H_L_HeadM1	C_L_009
H_L_HeadM1	C_L_010
H_L_HeadM1	C_L_011
H_L_HeadM1	C_L_012
H_L_HeadM1	C_L_013
H_L_HeadM1	C_L_014
H_L_HeadM1	C_L_015
H_L_HeadM1	C_L_016
H_L_HeadM1	C_L_017
H_L_HeadM1	C_L_018
H_L_HeadM1	C_L_019
H_L_HeadM1	C_L_020
H_L_HeadM1	C_L_021
H_L_HeadM1	C_L_022
H_L_HeadM1	C_L_023
H_L_HeadM1	C_L_024
H_L_HeadM1	C_L_025
H_L_HeadM1	C_L_026
H_L_HeadM1	C_L_027
H_L_HeadM1	C_L_028
H_L_HeadM1	C_L_029
H_L_HeadM1	C_L_030
H_L_HeadM1	C_L_031
H_L_HeadM1	C_L_032
H_L_HeadM1	C_L_033
H_L_HeadM1	C_L_034
H_L_HeadM1	C_L_035
H_L_HeadM1	C_L_036
H_L_HeadM1	C_L_037
H_L_HeadM1	C_L_038
H_L_HeadM1	C_L_039
H_L_HeadM1	C_L_040
H_L_HeadM1	C_L_041
H_L_HeadM1	C_L_042
H_L_HeadM1	C_L_043
H_L_HeadM1	C_L_044
H_L_HeadM1	C_L_045
H_L_HeadM1	C_L_046
H_L_HeadM1	C_L_047
H_L_HeadM1	C_L_048
H_L_HeadM1	C_L_049
H_L_HeadM1	C_L_050
H_L_HeadM1	C_R_001
H_L_HeadM1	C_R_002
H_L_HeadM1	C_R_003
H_L_HeadM1	C_R_004
H_L_HeadM1	C_R_005
H_L_HeadM1	C_R_006
H_L_HeadM1	C_R_007
H_L_HeadM1	C_R_008
H_L_HeadM1	C_R_009
H_L_HeadM1	C_R_010
H_L_HeadM1	C_R_011
H_L_HeadM1	C_R_012
H_L_HeadM1	C_R_013
H_L_HeadM1	C_R_014
H_L_HeadM1	C_R_015
H_L_HeadM1	C_R_016
H_L_HeadM1	C_R_017
H_L_HeadM1	C_R_018
H_L_HeadM1	C_R_019
H_L_HeadM1	C_R_020
H_L_HeadM1	C_R_021
H_L_HeadM1	C_R_022
H_L_HeadM1	C_R_023
H_L_HeadM1	C_R_024
H_L_HeadM1	C_R_025
H_L_HeadM1	C_R_026
H_L_HeadM1	C_R_027
H_L_HeadM1	C_R_028
H_L_HeadM1	C_R_029
H_L_HeadM1	C_R_030
H_L_HeadM1	C_R_031
H_L_HeadM1	C_R_032
H_L_HeadM1	C_R_033
H_L_HeadM1	C_R_034
H_L_HeadM1	C_R_035
H_L_HeadM1	C_R_036
H_L_HeadM1	C_R_037
H_L_HeadM1	C_R_038
H_L_HeadM1	C_R_039
H_L_HeadM1	C_R_040
H_L_HeadM1	C_R_041
H_L_HeadM1	C_R_042
H_L_HeadM1	C_R_043
H_L_HeadM1	C_R_044
H_L_HeadM1	C_R_045
H_L_HeadM1	C_R_046
H_L_HeadM1	C_R_047
H_L_HeadM1	C_R_048
H_L_HeadM1	C_R_049
H_L_HeadM1	C_R_050
H_L_HeadM1	S_L_PutVA
H_L_HeadM1	S_L_PutDA
H_L_HeadM1	S_L_PutVP
H_L_HeadM1	S_L_PutDP
H_L_HeadM1	S_L_CauVA
H_L_HeadM1	S_L_CauDA
H_L_HeadM1	S_L_CauBody
H_L_HeadM1	S_L_CauTail
H_L_HeadM1	S_L_NAcShell
H_L_HeadM1	S_L_NAcCore
H_L_HeadM1	S_R_PutVA
H_L_HeadM1	S_R_PutDA
H_L_HeadM1	S_R_PutVP
H_L_HeadM1	S_R_PutDP
H_L_HeadM1	S_R_CauVA
H_L_HeadM1	S_R_CauDA
H_L_HeadM1	S_R_CauBody
H_L_HeadM1	S_R_CauTail
H_L_HeadM1	S_R_NAcShell
H_L_HeadM1	S_R_NAcCore
H_L_HeadM1	A_L_Lat
H_L_HeadM1	A_L_Med
H_L_HeadM1	A_R_Lat
H_L_HeadM1	A_R_Med
H_L_HeadM2	C_L_001
H_L_HeadM2	C_L_002
H_L_HeadM2	C_L_003
H_L_HeadM2	C_L_004
H_L_HeadM2	C_L_005
H_L_HeadM2	C_L_006
H_L_HeadM2	C_L_007
H_L_HeadM2	C_L_008
H_L_HeadM2	C_L_009
H_L_HeadM2	C_L_010
H_L_HeadM2	C_L_011
H_L_HeadM2	C_L_012
H_L_HeadM2	C_L_013
H_L_HeadM2	C_L_014
H_L_HeadM2	C_L_015
H_L_HeadM2	C_L_016
H_L_HeadM2	C_L_017
H_L_HeadM2	C_L_018
H_L_HeadM2	C_L_019
H_L_HeadM2	C_L_020
H_L_HeadM2	C_L_021
H_L_HeadM2	C_L_022
H_L_HeadM2	C_L_023
H_L_HeadM2	C_L_024
H_L_HeadM2	C_L_025
H_L_HeadM2	C_L_026
H_L_HeadM2	C_L_027
H_L_HeadM2	C_L_028
H_L_HeadM2	C_L_029
H_L_HeadM2	C_L_030
H_L_HeadM2	C_L_031
H_L_HeadM2	C_L_032
H_L_HeadM2	C_L_033
H_L_HeadM2	C_L_034
H_L_HeadM2	C_L_035
H_L_HeadM2	C_L_036
H_L_HeadM2	C_L_037
H_L_HeadM2	C_L_038
H_L_HeadM2	C_L_039
H_L_HeadM2	C_L_040
H_L_HeadM2	C_L_041
H_L_HeadM2	C_L_042
H_L_HeadM2	C_L_043
H_L_HeadM2	C_L_044
H_L_HeadM2	C_L_045
H_L_HeadM2	C_L_046
H_L_HeadM2	C_L_047
H_L_HeadM2	C_L_048
H_L_HeadM2	C_L_049
H_L_HeadM2	C_L_050
H_L_HeadM2	C_R_001
H_L_HeadM2	C_R_002
H_L_HeadM2	C_R_003
H_L_HeadM2	C_R_004
H_L_HeadM2	C_R_005
H_L_HeadM2	C_R_006
H_L_HeadM2	C_R_007
H_L_HeadM2	C_R_008
H_L_HeadM2	C_R_009
H_L_HeadM2	C_R_010
H_L_HeadM2	C_R_011
H_L_HeadM2	C_R_012
H_L_HeadM2	C_R_013
H_L_HeadM2	C_R_014
H_L_HeadM2	C_R_015
H_L_HeadM2	C_R_016
H_L_HeadM2	C_R_017
H_L_HeadM2	C_R_018
H_L_HeadM2	C_R_019
H_L_HeadM2	C_R_020
H_L_HeadM2	C_R_021
H_L_HeadM2	C_R_022
H_L_HeadM2	C_R_023
H_L_HeadM2	C_R_024
H_L_HeadM2	C_R_025
H_L_HeadM2	C_R_026
H_L_HeadM2	C_R_027
H_L_HeadM2	C_R_028
H_L_HeadM2	C_R_029
H_L_HeadM2	C_R_030
H_L_HeadM2	C_R_031
H_L_HeadM2	C_R_032
H_L_HeadM2	C_R_033
H_L_HeadM2	C_R_034
H_L_HeadM2	C_R_035
H_L_HeadM2	C_R_036
H_L_HeadM2	C_R_037
H_L_HeadM2	C_R_038
H_L_HeadM2	C_R_039
H_L_HeadM2	C_R_040
H_L_HeadM2	C_R_041
H_L_HeadM2	C_R_042
H_L_HeadM2	C_R_043
H_L_HeadM2	C_R_044
H_L_HeadM2	C_R_045
H_L_HeadM2	C_R_046
H_L_HeadM2	C_R_047
H_L_HeadM2	C_R_048
H_L_HeadM2	C_R_049
H_L_HeadM2	C_R_050
H_L_HeadM2	S_L_PutVA
H_L_HeadM2	S_L_PutDA
H_L_HeadM2	S_L_PutVP
H_L_HeadM2	S_L_PutDP
H_L_HeadM2	S_L_CauVA
H_L_HeadM2	S_L_CauDA
H_L_HeadM2	S_L_CauBody
H_L_HeadM2	S_L_CauTail
H_L_HeadM2	S_L_NAcShell
H_L_HeadM2	S_L_NAcCore
H_L_HeadM2	S_R_PutVA
H_L_HeadM2	S_R_PutDA
H_L_HeadM2	S_R_PutVP
H_L_HeadM2	S_R_PutDP
H_L_HeadM2	S_R_CauVA
H_L_HeadM2	S_R_CauDA
H_L_HeadM2	S_R_CauBody
H_L_HeadM2	S_R_CauTail
H_L_HeadM2	S_R_NAcShell
H_L_HeadM2	S_R_NAcCore
H_L_HeadM2	A_L_Lat
H_L_HeadM2	A_L_Med
H_L_HeadM2	A_R_Lat
H_L_HeadM2	A_R_Med
H_L_HeadL	C_L_001
H_L_HeadL	C_L_002
H_L_HeadL	C_L_003
H_L_HeadL	C_L_004
H_L_HeadL	C_L_005
H_L_HeadL	C_L_006
H_L_HeadL	C_L_007
H_L_HeadL	C_L_008
H_L_HeadL	C_L_009
H_L_HeadL	C_L_010
H_L_HeadL	C_L_011
H_L_HeadL	C_L_012
H_L_HeadL	C_L_013
H_L_HeadL	C_L_014
H_L_HeadL	C_L_015
H_L_HeadL	C_L_016
H_L_HeadL	C_L_017
H_L_HeadL	C_L_018
H_L_HeadL	C_L_019
H_L_HeadL	C_L_020
H_L_HeadL	C_L_021
H_L_HeadL	C_L_022
H_L_HeadL	C_L_023
H_L_HeadL	C_L_024
H_L_HeadL	C_L_025
H_L_HeadL	C_L_026
H_L_HeadL	C_L_027
H_L_HeadL	C_L_028
H_L_HeadL	C_L_029
H_L_HeadL	C_L_030
H_L_HeadL	C_L_031
H_L_HeadL	C_L_032
H_L_HeadL	C_L_033
H_L_HeadL	C_L_034
H_L_HeadL	C_L_035
H_L_HeadL	C_L_036
H_L_HeadL	C_L_037
H_L_HeadL	C_L_038
H_L_HeadL	C_L_039
H_L_HeadL	C_L_040
H_L_HeadL	C_L_041
H_L_HeadL	C_L_042
H_L_HeadL	C_L_043
H_L_HeadL	C_L_044
H_L_HeadL	C_L_045
H_L_HeadL	C_L_046
H_L_HeadL	C_L_047
H_L_HeadL	C_L_048
H_L_HeadL	C_L_049
H_L_HeadL	C_L_050
H_L_HeadL	C_R_001
H_L_HeadL	C_R_002
H_L_HeadL	C_R_003
H_L_HeadL	C_R_004
H_L_HeadL	C_R_005
H_L_HeadL	C_R_006
H_L_HeadL	C_R_007
H_L_HeadL	C_R_008
H_L_HeadL	C_R_009
H_L_HeadL	C_R_010
H_L_HeadL	C_R_011
H_L_HeadL	C_R_012
H_L_HeadL	C_R_013
H_L_HeadL	C_R_014
H_L_HeadL	C_R_015
H_L_HeadL	C_R_016
H_L_HeadL	C_R_017
H_L_HeadL	C_R_018
H_L_HeadL	C_R_019
H_L_HeadL	C_R_020
H_L_HeadL	C_R_021
H_L_HeadL	C_R_022
H_L_HeadL	C_R_023
H_L_HeadL	C_R_024
H_L_HeadL	C_R_025
H_L_HeadL	C_R_026
H_L_HeadL	C_R_027
H_L_HeadL	C_R_028
H_L_HeadL	C_R_029
H_L_HeadL	C_R_030
H_L_HeadL	C_R_031
H_L_HeadL	C_R_032
H_L_HeadL	C_R_033
H_L_HeadL	C_R_034
H_L_HeadL	C_R_035
H_L_HeadL	C_R_036
H_L_HeadL	C_R_037
H_L_HeadL	C_R_038
H_L_HeadL	C_R_039
H_L_HeadL	C_R_040
H_L_HeadL	C_R_041
H_L_HeadL	C_R_042
H_L_HeadL	C_R_043
H_L_HeadL	C_R_044
H_L_HeadL	C_R_045
H_L_HeadL	C_R_046
H_L_HeadL	C_R_047
H_L_HeadL	C_R_048
H_L_HeadL	C_R_049
H_L_HeadL	C_R_050
H_L_HeadL	S_L_PutVA
H_L_HeadL	S_L_PutDA
H_L_HeadL	S_L_PutVP
H_L_HeadL	S_L_PutDP
H_L_HeadL	S_L_CauVA
H_L_HeadL	S_L_CauDA
H_L_HeadL	S_L_CauBody
H_L_HeadL	S_L_CauTail
H_L_HeadL	S_L_NAcShell
H_L_HeadL	S_L_NAcCore
H_L_HeadL	S_R_PutVA
H_L_HeadL	S_R_PutDA
H_L_HeadL	S_R_PutVP
H_L_HeadL	S_R_PutDP
H_L_HeadL	S_R_CauVA
H_L_HeadL	S_R_CauDA
H_L_HeadL	S_R_CauBody
H_L_HeadL	S_R_CauTail
H_L_HeadL	S_R_NAcShell
H_L_HeadL	S_R_NAcCore
H_L_HeadL	A_L_Lat
H_L_HeadL	A_L_Med
H_L_HeadL	A_R_Lat
H_L_HeadL	A_R_Med
H_L_Body	C_L_001
H_L_Body	C_L_002
H_L_Body	C_L_003
H_L_Body	C_L_004
H_L_Body	C_L_005
H_L_Body	C_L_006
H_L_Body	C_L_007
H_L_Body	C_L_008
H_L_Body	C_L_009
H_L_Body	C_L_010
H_L_Body	C_L_011
H_L_Body	C_L_012
H_L_Body	C_L_013
H_L_Body	C_L_014
H_L_Body	C_L_015
H_L_Body	C_L_016
H_L_Body	C_L_017
H_L_Body	C_L_018
H_L_Body	C_L_019
H_L_Body	C_L_020
H_L_Body	C_L_021
H_L_Body	C_L_022
H_L_Body	C_L_023
H_L_Body	C_L_024
H_L_Body	C_L_025
H_L_Body	C_L_026
H_L_Body	C_L_027
H_L_Body	C_L_028
H_L_Body	C_L_029
H_L_Body	C_L_030
H_L_Body	C_L_031
H_L_Body	C_L_032
H_L_Body	C_L_033
H_L_Body	C_L_034
H_L_Body	C_L_035
H_L_Body	C_L_036
H_L_Body	C_L_037
H_L_Body	C_L_038
H_L_Body	C_L_039
H_L_Body	C_L_040
H_L_Body	C_L_041
H_L_Body	C_L_042
H_L_Body	C_L_043
H_L_Body	C_L_044
H_L_Body	C_L_045
H_L_Body	C_L_046
H_L_Body	C_L_047
H_L_Body	C_L_048
H_L_Body	C_L_049
H_L_Body	C_L_050
H_L_Body	C_R_001
H_L_Body	C_R_002
H_L_Body	C_R_003
H_L_Body	C_R_004
H_L_Body	C_R_005
H_L_Body	C_R_006
H_L_Body	C_R_007
H_L_Body	C_R_008
H_L_Body	C_R_009
H_L_Body	C_R_010
H_L_Body	C_R_011
H_L_Body	C_R_012
H_L_Body	C_R_013
H_L_Body	C_R_014
H_L_Body	C_R_015
H_L_Body	C_R_016
H_L_Body	C_R_017
H_L_Body	C_R_018
H_L_Body	C_R_019
H_L_Body	C_R_020
H_L_Body	C_R_021
H_L_Body	C_R_022
H_L_Body	C_R_023
H_L_Body	C_R_024
H_L_Body	C_R_025
H_L_Body	C_R_026
H_L_Body	C_R_027
H_L_Body	C_R_028
H_L_Body	C_R_029
H_L_Body	C_R_030
H_L_Body	C_R_031
H_L_Body	C_R_032
H_L_Body	C_R_033
H_L_Body	C_R_034
H_L_Body	C_R_035
H_L_Body	C_R_036
H_L_Body	C_R_037
H_L_Body	C_R_038
H_L_Body	C_R_039
H_L_Body	C_R_040
H_L_Body	C_R_041
H_L_Body	C_R_042
H_L_Body	C_R_043
H_L_Body	C_R_044
H_L_Body	C_R_045
H_L_Body	C_R_046
H_L_Body	C_R_047
H_L_Body	C_R_048
H_L_Body	C_R_049
H_L_Body	C_R_050
H_L_Body	S_L_PutVA
H_L_Body	S_L_PutDA
H_L_Body	S_L_PutVP
H_L_Body	S_L_PutDP
H_L_Body	S_L_CauVA
H_L_Body	S_L_CauDA
H_L_Body	S_L_CauBody
H_L_Body	S_L_CauTail
H_L_Body	S_L_NAcShell
H_L_Body	S_L_NAcCore
H_L_Body	S_R_PutVA
H_L_Body	S_R_PutDA
H_L_Body	S_R_PutVP
H_L_Body	S_R_PutDP
H_L_Body	S_R_CauVA
H_L_Body	S_R_CauDA
H_L_Body	S_R_CauBody
H_L_Body	S_R_CauTail
H_L_Body	S_R_NAcShell
H_L_Body	S_R_NAcCore
H_L_Body	A_L_Lat
H_L_Body	A_L_Med
H_L_Body	A_R_Lat
H_L_Body	A_R_Med
H_L_Tail	C_L_001
H_L_Tail	C_L_002
H_L_Tail	C_L_003
H_L_Tail	C_L_004
H_L_Tail	C_L_005
H_L_Tail	C_L_006
H_L_Tail	C_L_007
H_L_Tail	C_L_008
H_L_Tail	C_L_009
H_L_Tail	C_L_010
H_L_Tail	C_L_011
H_L_Tail	C_L_012
H_L_Tail	C_L_013
H_L_Tail	C_L_014
H_L_Tail	C_L_015
H_L_Tail	C_L_016
H_L_Tail	C_L_017
H_L_Tail	C_L_018
H_L_Tail	C_L_019
H_L_Tail	C_L_020
H_L_Tail	C_L_021
H_L_Tail	C_L_022
H_L_Tail	C_L_023
H_L_Tail	C_L_024
H_L_Tail	C_L_025
H_L_Tail	C_L_026
H_L_Tail	C_L_027
H_L_Tail	C_L_028
H_L_Tail	C_L_029
H_L_Tail	C_L_030
H_L_Tail	C_L_031
H_L_Tail	C_L_032
H_L_Tail	C_L_033
H_L_Tail	C_L_034
H_L_Tail	C_L_035
H_L_Tail	C_L_036
H_L_Tail	C_L_037
H_L_Tail	C_L_038
H_L_Tail	C_L_039
H_L_Tail	C_L_040
H_L_Tail	C_L_041
H_L_Tail	C_L_042
H_L_Tail	C_L_043
H_L_Tail	C_L_044
H_L_Tail	C_L_045
H_L_Tail	C_L_046
H_L_Tail	C_L_047
H_L_Tail	C_L_048
H_L_Tail	C_L_049
H_L_Tail	C_L_050
H_L_Tail	C_R_001
H_L_Tail	C_R_002
H_L_Tail	C_R_003
H_L_Tail	C_R_004
H_L_Tail	C_R_005
H_L_Tail	C_R_006
H_L_Tail	C_R_007
H_L_Tail	C_R_008
H_L_Tail	C_R_009
H_L_Tail	C_R_010
H_L_Tail	C_R_011
H_L_Tail	C_R_012
H_L_Tail	C_R_013
H_L_Tail	C_R_014
H_L_Tail	C_R_015
H_L_Tail	C_R_016
H_L_Tail	C_R_017
H_L_Tail	C_R_018
H_L_Tail	C_R_019
H_L_Tail	C_R_020
H_L_Tail	C_R_021
H_L_Tail	C_R_022
H_L_Tail	C_R_023
H_L_Tail	C_R_024
H_L_Tail	C_R_025
H_L_Tail	C_R_026
H_L_Tail	C_R_027
H_L_Tail	C_R_028
H_L_Tail	C_R_029
H_L_Tail	C_R_030
H_L_Tail	C_R_031
H_L_Tail	C_R_032
H_L_Tail	C_R_033
H_L_Tail	C_R_034
H_L_Tail	C_R_035
H_L_Tail	C_R_036
H_L_Tail	C_R_037
H_L_Tail	C_R_038
H_L_Tail	C_R_039
H_L_Tail	C_R_040
H_L_Tail	C_R_041
H_L_Tail	C_R_042
H_L_Tail	C_R_043
H_L_Tail	C_R_044
H_L_Tail	C_R_045
H_L_Tail	C_R_046
H_L_Tail	C_R_047
H_L_Tail	C_R_048
H_L_Tail	C_R_049
H_L_Tail	C_R_050
H_L_Tail	S_L_PutVA
H_L_Tail	S_L_PutDA
H_L_Tail	S_L_PutVP
H_L_Tail	S_L_PutDP
H_L_Tail	S_L_CauVA
H_L_Tail	S_L_CauDA
H_L_Tail	S_L_CauBody
H_L_Tail	S_L_CauTail
H_L_Tail	S_L_NAcShell
H_L_Tail	S_L_NAcCore
H_L_Tail	S_R_PutVA
H_L_Tail	S_R_PutDA
H_L_Tail	S_R_PutVP
H_L_Tail	S_R_PutDP
H_L_Tail	S_R_CauVA
H_L_Tail	S_R_CauDA
H_L_Tail	S_R_CauBody
H_L_Tail	S_R_CauTail
H_L_Tail	S_R_NAcShell
H_L_Tail	S_R_NAcCore
H_L_Tail	A_L_Lat
H_L_Tail	A_L_Med
H_L_Tail	A_R_Lat
H_L_Tail	A_R_Med
Th_R_VAip	C_L_001
Th_R_VAip	C_L_002
Th_R_VAip	C_L_003
Th_R_VAip	C_L_004
Th_R_VAip	C_L_005
Th_R_VAip	C_L_006
Th_R_VAip	C_L_007
Th_R_VAip	C_L_008
Th_R_VAip	C_L_009
Th_R_VAip	C_L_010
Th_R_VAip	C_L_011
Th_R_VAip	C_L_012
Th_R_VAip	C_L_013
Th_R_VAip	C_L_014
Th_R_VAip	C_L_015
Th_R_VAip	C_L_016
Th_R_VAip	C_L_017
Th_R_VAip	C_L_018
Th_R_VAip	C_L_019
Th_R_VAip	C_L_020
Th_R_VAip	C_L_021
Th_R_VAip	C_L_022
Th_R_VAip	C_L_023
Th_R_VAip	C_L_024
Th_R_VAip	C_L_025
Th_R_VAip	C_L_026
Th_R_VAip	C_L_027
Th_R_VAip	C_L_028
Th_R_VAip	C_L_029
Th_R_VAip	C_L_030
Th_R_VAip	C_L_031
Th_R_VAip	C_L_032
Th_R_VAip	C_L_033
Th_R_VAip	C_L_034
Th_R_VAip	C_L_035
Th_R_VAip	C_L_036
Th_R_VAip	C_L_037
Th_R_VAip	C_L_038
Th_R_VAip	C_L_039
Th_R_VAip	C_L_040
Th_R_VAip	C_L_041
Th_R_VAip	C_L_042
Th_R_VAip	C_L_043
Th_R_VAip	C_L_044
Th_R_VAip	C_L_045
Th_R_VAip	C_L_046
Th_R_VAip	C_L_047
Th_R_VAip	C_L_048
Th_R_VAip	C_L_049
Th_R_VAip	C_L_050
Th_R_VAip	C_R_001
Th_R_VAip	C_R_002
Th_R_VAip	C_R_003
Th_R_VAip	C_R_004
Th_R_VAip	C_R_005
Th_R_VAip	C_R_006
Th_R_VAip	C_R_007
Th_R_VAip	C_R_008
Th_R_VAip	C_R_009
Th_R_VAip	C_R_010
Th_R_VAip	C_R_011
Th_R_VAip	C_R_012
Th_R_VAip	C_R_013
Th_R_VAip	C_R_014
Th_R_VAip	C_R_015
Th_R_VAip	C_R_016
Th_R_VAip	C_R_017
Th_R_VAip	C_R_018
Th_R_VAip	C_R_019
Th_R_VAip	C_R_020
Th_R_VAip	C_R_021
Th_R_VAip	C_R_022
Th_R_VAip	C_R_023
Th_R_VAip	C_R_024
Th_R_VAip	C_R_025
Th_R_VAip	C_R_026
Th_R_VAip	C_R_027
Th_R_VAip	C_R_028
Th_R_VAip	C_R_029
Th_R_VAip	C_R_030
Th_R_VAip	C_R_031
Th_R_VAip	C_R_032
Th_R_VAip	C_R_033
Th_R_VAip	C_R_034
Th_R_VAip	C_R_035
Th_R_VAip	C_R_036
Th_R_VAip	C_R_037
Th_R_VAip	C_R_038
Th_R_VAip	C_R_039
Th_R_VAip	C_R_040
Th_R_VAip	C_R_041
Th_R_VAip	C_R_042
Th_R_VAip	C_R_043
Th_R_VAip	C_R_044
Th_R_VAip	C_R_045
Th_R_VAip	C_R_046
Th_R_VAip	C_R_047
Th_R_VAip	C_R_048
Th_R_VAip	C_R_049
Th_R_VAip	C_R_050
Th_R_VAip	S_L_PutVA
Th_R_VAip	S_L_PutDA
Th_R_VAip	S_L_PutVP
Th_R_VAip	S_L_PutDP
Th_R_VAip	S_L_CauVA
Th_R_VAip	S_L_CauDA
Th_R_VAip	S_L_CauBody
Th_R_VAip	S_L_CauTail
Th_R_VAip	S_L_NAcShell
Th_R_VAip	S_L_NAcCore
Th_R_VAip	S_R_PutVA
Th_R_VAip	S_R_PutDA
Th_R_VAip	S_R_PutVP
Th_R_VAip	S_R_PutDP
Th_R_VAip	S_R_CauVA
Th_R_VAip	S_R_CauDA
Th_R_VAip	S_R_CauBody
Th_R_VAip	S_R_CauTail
Th_R_VAip	S_R_NAcShell
Th_R_VAip	S_R_NAcCore
Th_R_VAip	A_L_Lat
Th_R_VAip	A_L_Med
Th_R_VAip	H_L_HeadM1
Th_R_VAip	H_L_HeadM2
Th_R_VAip	H_L_HeadL
Th_R_VAip	H_L_Body
Th_R_VAip	H_L_Tail
Th_R_VAip	A_R_Lat
Th_R_VAip	A_R_Med
Th_R_VAip	H_R_HeadM1
Th_R_VAip	H_R_HeadM2
Th_R_VAip	H_R_HeadL
Th_R_VAip	H_R_Body
Th_R_VAip	H_R_Tail
Th_R_VAia	C_L_001
Th_R_VAia	C_L_002
Th_R_VAia	C_L_003
Th_R_VAia	C_L_004
Th_R_VAia	C_L_005
Th_R_VAia	C_L_006
Th_R_VAia	C_L_007
Th_R_VAia	C_L_008
Th_R_VAia	C_L_009
Th_R_VAia	C_L_010
Th_R_VAia	C_L_011
Th_R_VAia	C_L_012
Th_R_VAia	C_L_013
Th_R_VAia	C_L_014
Th_R_VAia	C_L_015
Th_R_VAia	C_L_016
Th_R_VAia	C_L_017
Th_R_VAia	C_L_018
Th_R_VAia	C_L_019
Th_R_VAia	C_L_020
Th_R_VAia	C_L_021
Th_R_VAia	C_L_022
Th_R_VAia	C_L_023
Th_R_VAia	C_L_024
Th_R_VAia	C_L_025
Th_R_VAia	C_L_026
Th_R_VAia	C_L_027
Th_R_VAia	C_L_028
Th_R_VAia	C_L_029
Th_R_VAia	C_L_030
Th_R_VAia	C_L_031
Th_R_VAia	C_L_032
Th_R_VAia	C_L_033
Th_R_VAia	C_L_034
Th_R_VAia	C_L_035
Th_R_VAia	C_L_036
Th_R_VAia	C_L_037
Th_R_VAia	C_L_038
Th_R_VAia	C_L_039
Th_R_VAia	C_L_040
Th_R_VAia	C_L_041
Th_R_VAia	C_L_042
Th_R_VAia	C_L_043
Th_R_VAia	C_L_044
Th_R_VAia	C_L_045
Th_R_VAia	C_L_046
Th_R_VAia	C_L_047
Th_R_VAia	C_L_048
Th_R_VAia	C_L_049
Th_R_VAia	C_L_050
Th_R_VAia	C_R_001
Th_R_VAia	C_R_002
Th_R_VAia	C_R_003
Th_R_VAia	C_R_004
Th_R_VAia	C_R_005
Th_R_VAia	C_R_006
Th_R_VAia	C_R_007
Th_R_VAia	C_R_008
Th_R_VAia	C_R_009
Th_R_VAia	C_R_010
Th_R_VAia	C_R_011
Th_R_VAia	C_R_012
Th_R_VAia	C_R_013
Th_R_VAia	C_R_014
Th_R_VAia	C_R_015
Th_R_VAia	C_R_016
Th_R_VAia	C_R_017
Th_R_VAia	C_R_018
Th_R_VAia	C_R_019
Th_R_VAia	C_R_020
Th_R_VAia	C_R_021
Th_R_VAia	C_R_022
Th_R_VAia	C_R_023
Th_R_VAia	C_R_024
Th_R_VAia	C_R_025
Th_R_VAia	C_R_026
Th_R_VAia	C_R_027
Th_R_VAia	C_R_028
Th_R_VAia	C_R_029
Th_R_VAia	C_R_030
Th_R_VAia	C_R_031
Th_R_VAia	C_R_032
Th_R_VAia	C_R_033
Th_R_VAia	C_R_034
Th_R_VAia	C_R_035
Th_R_VAia	C_R_036
Th_R_VAia	C_R_037
Th_R_VAia	C_R_038
Th_R_VAia	C_R_039
Th_R_VAia	C_R_040
Th_R_VAia	C_R_041
Th_R_VAia	C_R_042
Th_R_VAia	C_R_043
Th_R_VAia	C_R_044
Th_R_VAia	C_R_045
Th_R_VAia	C_R_046
Th_R_VAia	C_R_047
Th_R_VAia	C_R_048
Th_R_VAia	C_R_049
Th_R_VAia	C_R_050
Th_R_VAia	S_L_PutVA
Th_R_VAia	S_L_PutDA
Th_R_VAia	S_L_PutVP
Th_R_VAia	S_L_PutDP
Th_R_VAia	S_L_CauVA
Th_R_VAia	S_L_CauDA
Th_R_VAia	S_L_CauBody
Th_R_VAia	S_L_CauTail
Th_R_VAia	S_L_NAcShell
Th_R_VAia	S_L_NAcCore
Th_R_VAia	S_R_PutVA
Th_R_VAia	S_R_PutDA
Th_R_VAia	S_R_PutVP
Th_R_VAia	S_R_PutDP
Th_R_VAia	S_R_CauVA
Th_R_VAia	S_R_CauDA
Th_R_VAia	S_R_CauBody
Th_R_VAia	S_R_CauTail
Th_R_VAia	S_R_NAcShell
Th_R_VAia	S_R_NAcCore
Th_R_VAia	A_L_Lat
Th_R_VAia	A_L_Med
Th_R_VAia	H_L_HeadM1
Th_R_VAia	H_L_HeadM2
Th_R_VAia	H_L_HeadL
Th_R_VAia	H_L_Body
Th_R_VAia	H_L_Tail
Th_R_VAia	A_R_Lat
Th_R_VAia	A_R_Med
Th_R_VAia	H_R_HeadM1
Th_R_VAia	H_R_HeadM2
Th_R_VAia	H_R_HeadL
Th_R_VAia	H_R_Body
Th_R_VAia	H_R_Tail
Th_R_VPm	C_L_001
Th_R_VPm	C_L_002
Th_R_VPm	C_L_003
Th_R_VPm	C_L_004
Th_R_VPm	C_L_005
Th_R_VPm	C_L_006
Th_R_VPm	C_L_007
Th_R_VPm	C_L_008
Th_R_VPm	C_L_009
Th_R_VPm	C_L_010
Th_R_VPm	C_L_011
Th_R_VPm	C_L_012
Th_R_VPm	C_L_013
Th_R_VPm	C_L_014
Th_R_VPm	C_L_015
Th_R_VPm	C_L_016
Th_R_VPm	C_L_017
Th_R_VPm	C_L_018
Th_R_VPm	C_L_019
Th_R_VPm	C_L_020
Th_R_VPm	C_L_021
Th_R_VPm	C_L_022
Th_R_VPm	C_L_023
Th_R_VPm	C_L_024
Th_R_VPm	C_L_025
Th_R_VPm	C_L_026
Th_R_VPm	C_L_027
Th_R_VPm	C_L_028
Th_R_VPm	C_L_029
Th_R_VPm	C_L_030
Th_R_VPm	C_L_031
Th_R_VPm	C_L_032
Th_R_VPm	C_L_033
Th_R_VPm	C_L_034
Th_R_VPm	C_L_035
Th_R_VPm	C_L_036
Th_R_VPm	C_L_037
Th_R_VPm	C_L_038
Th_R_VPm	C_L_039
Th_R_VPm	C_L_040
Th_R_VPm	C_L_041
Th_R_VPm	C_L_042
Th_R_VPm	C_L_043
Th_R_VPm	C_L_044
Th_R_VPm	C_L_045
Th_R_VPm	C_L_046
Th_R_VPm	C_L_047
Th_R_VPm	C_L_048
Th_R_VPm	C_L_049
Th_R_VPm	C_L_050
Th_R_VPm	C_R_001
Th_R_VPm	C_R_002
Th_R_VPm	C_R_003
Th_R_VPm	C_R_004
Th_R_VPm	C_R_005
Th_R_VPm	C_R_006
Th_R_VPm	C_R_007
Th_R_VPm	C_R_008
Th_R_VPm	C_R_009
Th_R_VPm	C_R_010
Th_R_VPm	C_R_011
Th_R_VPm	C_R_012
Th_R_VPm	C_R_013
Th_R_VPm	C_R_014
Th_R_VPm	C_R_015
Th_R_VPm	C_R_016
Th_R_VPm	C_R_017
Th_R_VPm	C_R_018
Th_R_VPm	C_R_019
Th_R_VPm	C_R_020
Th_R_VPm	C_R_021
Th_R_VPm	C_R_022
Th_R_VPm	C_R_023
Th_R_VPm	C_R_024
Th_R_VPm	C_R_025
Th_R_VPm	C_R_026
Th_R_VPm	C_R_027
Th_R_VPm	C_R_028
Th_R_VPm	C_R_029
Th_R_VPm	C_R_030
Th_R_VPm	C_R_031
Th_R_VPm	C_R_032
Th_R_VPm	C_R_033
Th_R_VPm	C_R_034
Th_R_VPm	C_R_035
Th_R_VPm	C_R_036
Th_R_VPm	C_R_037
Th_R_VPm	C_R_038
Th_R_VPm	C_R_039
Th_R_VPm	C_R_040
Th_R_VPm	C_R_041
Th_R_VPm	C_R_042
Th_R_VPm	C_R_043
Th_R_VPm	C_R_044
Th_R_VPm	C_R_045
Th_R_VPm	C_R_046
Th_R_VPm	C_R_047
Th_R_VPm	C_R_048
Th_R_VPm	C_R_049
Th_R_VPm	C_R_050
Th_R_VPm	S_L_PutVA
Th_R_VPm	S_L_PutDA
Th_R_VPm	S_L_PutVP
Th_R_VPm	S_L_PutDP
Th_R_VPm	S_L_CauVA
Th_R_VPm	S_L_CauDA
Th_R_VPm	S_L_CauBody
Th_R_VPm	S_L_CauTail
Th_R_VPm	S_L_NAcShell
Th_R_VPm	S_L_NAcCore
Th_R_VPm	S_R_PutVA
Th_R_VPm	S_R_PutDA
Th_R_VPm	S_R_PutVP
Th_R_VPm	S_R_PutDP
Th_R_VPm	S_R_CauVA
Th_R_VPm	S_R_CauDA
Th_R_VPm	S_R_CauBody
Th_R_VPm	S_R_CauTail
Th_R_VPm	S_R_NAcShell
Th_R_VPm	S_R_NAcCore
Th_R_VPm	A_L_Lat
Th_R_VPm	A_L_Med
Th_R_VPm	H_L_HeadM1
Th_R_VPm	H_L_HeadM2
Th_R_VPm	H_L_HeadL
Th_R_VPm	H_L_Body
Th_R_VPm	H_L_Tail
Th_R_VPm	A_R_Lat
Th_R_VPm	A_R_Med
Th_R_VPm	H_R_HeadM1
Th_R_VPm	H_R_HeadM2
Th_R_VPm	H_R_HeadL
Th_R_VPm	H_R_Body
Th_R_VPm	H_R_Tail
Th_R_VPl	C_L_001
Th_R_VPl	C_L_002
Th_R_VPl	C_L_003
Th_R_VPl	C_L_004
Th_R_VPl	C_L_005
Th_R_VPl	C_L_006
Th_R_VPl	C_L_007
Th_R_VPl	C_L_008
Th_R_VPl	C_L_009
Th_R_VPl	C_L_010
Th_R_VPl	C_L_011
Th_R_VPl	C_L_012
Th_R_VPl	C_L_013
Th_R_VPl	C_L_014
Th_R_VPl	C_L_015
Th_R_VPl	C_L_016
Th_R_VPl	C_L_017
Th_R_VPl	C_L_018
Th_R_VPl	C_L_019
Th_R_VPl	C_L_020
Th_R_VPl	C_L_021
Th_R_VPl	C_L_022
Th_R_VPl	C_L_023
Th_R_VPl	C_L_024
Th_R_VPl	C_L_025
Th_R_VPl	C_L_026
Th_R_VPl	C_L_027
Th_R_VPl	C_L_028
Th_R_VPl	C_L_029
Th_R_VPl	C_L_030
Th_R_VPl	C_L_031
Th_R_VPl	C_L_032
Th_R_VPl	C_L_033
Th_R_VPl	C_L_034
Th_R_VPl	C_L_035
Th_R_VPl	C_L_036
Th_R_VPl	C_L_037
Th_R_VPl	C_L_038
Th_R_VPl	C_L_039
Th_R_VPl	C_L_040
Th_R_VPl	C_L_041
Th_R_VPl	C_L_042
Th_R_VPl	C_L_043
Th_R_VPl	C_L_044
Th_R_VPl	C_L_045
Th_R_VPl	C_L_046
Th_R_VPl	C_L_047
Th_R_VPl	C_L_048
Th_R_VPl	C_L_049
Th_R_VPl	C_L_050
Th_R_VPl	C_R_001
Th_R_VPl	C_R_002
Th_R_VPl	C_R_003
Th_R_VPl	C_R_004
Th_R_VPl	C_R_005
Th_R_VPl	C_R_006
Th_R_VPl	C_R_007
Th_R_VPl	C_R_008
Th_R_VPl	C_R_009
Th_R_VPl	C_R_010
Th_R_VPl	C_R_011
Th_R_VPl	C_R_012
Th_R_VPl	C_R_013
Th_R_VPl	C_R_014
Th_R_VPl	C_R_015
Th_R_VPl	C_R_016
Th_R_VPl	C_R_017
Th_R_VPl	C_R_018
Th_R_VPl	C_R_019
Th_R_VPl	C_R_020
Th_R_VPl	C_R_021
Th_R_VPl	C_R_022
Th_R_VPl	C_R_023
Th_R_VPl	C_R_024
Th_R_VPl	C_R_025
Th_R_VPl	C_R_026
Th_R_VPl	C_R_027
Th_R_VPl	C_R_028
Th_R_VPl	C_R_029
Th_R_VPl	C_R_030
Th_R_VPl	C_R_031
Th_R_VPl	C_R_032
Th_R_VPl	C_R_033
Th_R_VPl	C_R_034
Th_R_VPl	C_R_035
Th_R_VPl	C_R_036
Th_R_VPl	C_R_037
Th_R_VPl	C_R_038
Th_R_VPl	C_R_039
Th_R_VPl	C_R_040
Th_R_VPl	C_R_041
Th_R_VPl	C_R_042
Th_R_VPl	C_R_043
Th_R_VPl	C_R_044
Th_R_VPl	C_R_045
Th_R_VPl	C_R_046
Th_R_VPl	C_R_047
Th_R_VPl	C_R_048
Th_R_VPl	C_R_049
Th_R_VPl	C_R_050
Th_R_VPl	S_L_PutVA
Th_R_VPl	S_L_PutDA
Th_R_VPl	S_L_PutVP
Th_R_VPl	S_L_PutDP
Th_R_VPl	S_L_CauVA
Th_R_VPl	S_L_CauDA
Th_R_VPl	S_L_CauBody
Th_R_VPl	S_L_CauTail
Th_R_VPl	S_L_NAcShell
Th_R_VPl	S_L_NAcCore
Th_R_VPl	S_R_PutVA
Th_R_VPl	S_R_PutDA
Th_R_VPl	S_R_PutVP
Th_R_VPl	S_R_PutDP
Th_R_VPl	S_R_CauVA
Th_R_VPl	S_R_CauDA
Th_R_VPl	S_R_CauBody
Th_R_VPl	S_R_CauTail
Th_R_VPl	S_R_NAcShell
Th_R_VPl	S_R_NAcCore
Th_R_VPl	A_L_Lat
Th_R_VPl	A_L_Med
Th_R_VPl	H_L_HeadM1
Th_R_VPl	H_L_HeadM2
Th_R_VPl	H_L_HeadL
Th_R_VPl	H_L_Body
Th_R_VPl	H_L_Tail
Th_R_VPl	A_R_Lat
Th_R_VPl	A_R_Med
Th_R_VPl	H_R_HeadM1
Th_R_VPl	H_R_HeadM2
Th_R_VPl	H_R_HeadL
Th_R_VPl	H_R_Body
Th_R_VPl	H_R_Tail
Th_R_VAs	C_L_001
Th_R_VAs	C_L_002
Th_R_VAs	C_L_003
Th_R_VAs	C_L_004
Th_R_VAs	C_L_005
Th_R_VAs	C_L_006
Th_R_VAs	C_L_007
Th_R_VAs	C_L_008
Th_R_VAs	C_L_009
Th_R_VAs	C_L_010
Th_R_VAs	C_L_011
Th_R_VAs	C_L_012
Th_R_VAs	C_L_013
Th_R_VAs	C_L_014
Th_R_VAs	C_L_015
Th_R_VAs	C_L_016
Th_R_VAs	C_L_017
Th_R_VAs	C_L_018
Th_R_VAs	C_L_019
Th_R_VAs	C_L_020
Th_R_VAs	C_L_021
Th_R_VAs	C_L_022
Th_R_VAs	C_L_023
Th_R_VAs	C_L_024
Th_R_VAs	C_L_025
Th_R_VAs	C_L_026
Th_R_VAs	C_L_027
Th_R_VAs	C_L_028
Th_R_VAs	C_L_029
Th_R_VAs	C_L_030
Th_R_VAs	C_L_031
Th_R_VAs	C_L_032
Th_R_VAs	C_L_033
Th_R_VAs	C_L_034
Th_R_VAs	C_L_035
Th_R_VAs	C_L_036
Th_R_VAs	C_L_037
Th_R_VAs	C_L_038
Th_R_VAs	C_L_039
Th_R_VAs	C_L_040
Th_R_VAs	C_L_041
Th_R_VAs	C_L_042
Th_R_VAs	C_L_043
Th_R_VAs	C_L_044
Th_R_VAs	C_L_045
Th_R_VAs	C_L_046
Th_R_VAs	C_L_047
Th_R_VAs	C_L_048
Th_R_VAs	C_L_049
Th_R_VAs	C_L_050
Th_R_VAs	C_R_001
Th_R_VAs	C_R_002
Th_R_VAs	C_R_003
Th_R_VAs	C_R_004
Th_R_VAs	C_R_005
Th_R_VAs	C_R_006
Th_R_VAs	C_R_007
Th_R_VAs	C_R_008
Th_R_VAs	C_R_009
Th_R_VAs	C_R_010
Th_R_VAs	C_R_011
Th_R_VAs	C_R_012
Th_R_VAs	C_R_013
Th_R_VAs	C_R_014
Th_R_VAs	C_R_015
Th_R_VAs	C_R_016
Th_R_VAs	C_R_017
Th_R_VAs	C_R_018
Th_R_VAs	C_R_019
Th_R_VAs	C_R_020
Th_R_VAs	C_R_021
Th_R_VAs	C_R_022
Th_R_VAs	C_R_023
Th_R_VAs	C_R_024
Th_R_VAs	C_R_025
Th_R_VAs	C_R_026
Th_R_VAs	C_R_027
Th_R_VAs	C_R_028
Th_R_VAs	C_R_029
Th_R_VAs	C_R_030
Th_R_VAs	C_R_031
Th_R_VAs	C_R_032
Th_R_VAs	C_R_033
Th_R_VAs	C_R_034
Th_R_VAs	C_R_035
Th_R_VAs	C_R_036
Th_R_VAs	C_R_037
Th_R_VAs	C_R_038
Th_R_VAs	C_R_039
Th_R_VAs	C_R_040
Th_R_VAs	C_R_041
Th_R_VAs	C_R_042
Th_R_VAs	C_R_043
Th_R_VAs	C_R_044
Th_R_VAs	C_R_045
Th_R_VAs	C_R_046
Th_R_VAs	C_R_047
Th_R_VAs	C_R_048
Th_R_VAs	C_R_049
Th_R_VAs	C_R_050
Th_R_VAs	S_L_PutVA
Th_R_VAs	S_L_PutDA
Th_R_VAs	S_L_PutVP
Th_R_VAs	S_L_PutDP
Th_R_VAs	S_L_CauVA
Th_R_VAs	S_L_CauDA
Th_R_VAs	S_L_CauBody
Th_R_VAs	S_L_CauTail
Th_R_VAs	S_L_NAcShell
Th_R_VAs	S_L_NAcCore
Th_R_VAs	S_R_PutVA
Th_R_VAs	S_R_PutDA
Th_R_VAs	S_R_PutVP
Th_R_VAs	S_R_PutDP
Th_R_VAs	S_R_CauVA
Th_R_VAs	S_R_CauDA
Th_R_VAs	S_R_CauBody
Th_R_VAs	S_R_CauTail
Th_R_VAs	S_R_NAcShell
Th_R_VAs	S_R_NAcCore
Th_R_VAs	A_L_Lat
Th_R_VAs	A_L_Med
Th_R_VAs	H_L_HeadM1
Th_R_VAs	H_L_HeadM2
Th_R_VAs	H_L_HeadL
Th_R_VAs	H_L_Body
Th_R_VAs	H_L_Tail
Th_R_VAs	A_R_Lat
Th_R_VAs	A_R_Med
Th_R_VAs	H_R_HeadM1
Th_R_VAs	H_R_HeadM2
Th_R_VAs	H_R_HeadL
Th_R_VAs	H_R_Body
Th_R_VAs	H_R_Tail
Th_R_DAm	C_L_001
Th_R_DAm	C_L_002
Th_R_DAm	C_L_003
Th_R_DAm	C_L_004
Th_R_DAm	C_L_005
Th_R_DAm	C_L_006
Th_R_DAm	C_L_007
Th_R_DAm	C_L_008
Th_R_DAm	C_L_009
Th_R_DAm	C_L_010
Th_R_DAm	C_L_011
Th_R_DAm	C_L_012
Th_R_DAm	C_L_013
Th_R_DAm	C_L_014
Th_R_DAm	C_L_015
Th_R_DAm	C_L_016
Th_R_DAm	C_L_017
Th_R_DAm	C_L_018
Th_R_DAm	C_L_019
Th_R_DAm	C_L_020
Th_R_DAm	C_L_021
Th_R_DAm	C_L_022
Th_R_DAm	C_L_023
Th_R_DAm	C_L_024
Th_R_DAm	C_L_025
Th_R_DAm	C_L_026
Th_R_DAm	C_L_027
Th_R_DAm	C_L_028
Th_R_DAm	C_L_029
Th_R_DAm	C_L_030
Th_R_DAm	C_L_031
Th_R_DAm	C_L_032
Th_R_DAm	C_L_033
Th_R_DAm	C_L_034
Th_R_DAm	C_L_035
Th_R_DAm	C_L_036
Th_R_DAm	C_L_037
Th_R_DAm	C_L_038
Th_R_DAm	C_L_039
Th_R_DAm	C_L_040
Th_R_DAm	C_L_041
Th_R_DAm	C_L_042
Th_R_DAm	C_L_043
Th_R_DAm	C_L_044
Th_R_DAm	C_L_045
Th_R_DAm	C_L_046
Th_R_DAm	C_L_047
Th_R_DAm	C_L_048
Th_R_DAm	C_L_049
Th_R_DAm	C_L_050
Th_R_DAm	C_R_001
Th_R_DAm	C_R_002
Th_R_DAm	C_R_003
Th_R_DAm	C_R_004
Th_R_DAm	C_R_005
Th_R_DAm	C_R_006
Th_R_DAm	C_R_007
Th_R_DAm	C_R_008
Th_R_DAm	C_R_009
Th_R_DAm	C_R_010
Th_R_DAm	C_R_011
Th_R_DAm	C_R_012
Th_R_DAm	C_R_013
Th_R_DAm	C_R_014
Th_R_DAm	C_R_015
Th_R_DAm	C_R_016
Th_R_DAm	C_R_017
Th_R_DAm	C_R_018
Th_R_DAm	C_R_019
Th_R_DAm	C_R_020
Th_R_DAm	C_R_021
Th_R_DAm	C_R_022
Th_R_DAm	C_R_023
Th_R_DAm	C_R_024
Th_R_DAm	C_R_025
Th_R_DAm	C_R_026
Th_R_DAm	C_R_027
Th_R_DAm	C_R_028
Th_R_DAm	C_R_029
Th_R_DAm	C_R_030
Th_R_DAm	C_R_031
Th_R_DAm	C_R_032
Th_R_DAm	C_R_033
Th_R_DAm	C_R_034
Th_R_DAm	C_R_035
Th_R_DAm	C_R_036
Th_R_DAm	C_R_037
Th_R_DAm	C_R_038
Th_R_DAm	C_R_039
Th_R_DAm	C_R_040
Th_R_DAm	C_R_041
Th_R_DAm	C_R_042
Th_R_DAm	C_R_043
Th_R_DAm	C_R_044
Th_R_DAm	C_R_045
Th_R_DAm	C_R_046
Th_R_DAm	C_R_047
Th_R_DAm	C_R_048
Th_R_DAm	C_R_049
Th_R_DAm	C_R_050
Th_R_DAm	S_L_PutVA
Th_R_DAm	S_L_PutDA
Th_R_DAm	S_L_PutVP
Th_R_DAm	S_L_PutDP
Th_R_DAm	S_L_CauVA
Th_R_DAm	S_L_CauDA
Th_R_DAm	S_L_CauBody
Th_R_DAm	S_L_CauTail
Th_R_DAm	S_L_NAcShell
Th_R_DAm	S_L_NAcCore
Th_R_DAm	S_R_PutVA
Th_R_DAm	S_R_PutDA
Th_R_DAm	S_R_PutVP
Th_R_DAm	S_R_PutDP
Th_R_DAm	S_R_CauVA
Th_R_DAm	S_R_CauDA
Th_R_DAm	S_R_CauBody
Th_R_DAm	S_R_CauTail
Th_R_DAm	S_R_NAcShell
Th_R_DAm	S_R_NAcCore
Th_R_DAm	A_L_Lat
Th_R_DAm	A_L_Med
Th_R_DAm	H_L_HeadM1
Th_R_DAm	H_L_HeadM2
Th_R_DAm	H_L_HeadL
Th_R_DAm	H_L_Body
Th_R_DAm	H_L_Tail
Th_R_DAm	A_R_Lat
Th_R_DAm	A_R_Med
Th_R_DAm	H_R_HeadM1
Th_R_DAm	H_R_HeadM2
Th_R_DAm	H_R_HeadL
Th_R_DAm	H_R_Body
Th_R_DAm	H_R_Tail
Th_R_DAl	C_L_001
Th_R_DAl	C_L_002
Th_R_DAl	C_L_003
Th_R_DAl	C_L_004
Th_R_DAl	C_L_005
Th_R_DAl	C_L_006
Th_R_DAl	C_L_007
Th_R_DAl	C_L_008
Th_R_DAl	C_L_009
Th_R_DAl	C_L_010
Th_R_DAl	C_L_011
Th_R_DAl	C_L_012
Th_R_DAl	C_L_013
Th_R_DAl	C_L_014
Th_R_DAl	C_L_015
Th_R_DAl	C_L_016
Th_R_DAl	C_L_017
Th_R_DAl	C_L_018
Th_R_DAl	C_L_019
Th_R_DAl	C_L_020
Th_R_DAl	C_L_021
Th_R_DAl	C_L_022
Th_R_DAl	C_L_023
Th_R_DAl	C_L_024
Th_R_DAl	C_L_025
Th_R_DAl	C_L_026
Th_R_DAl	C_L_027
Th_R_DAl	C_L_028
Th_R_DAl	C_L_029
Th_R_DAl	C_L_030
Th_R_DAl	C_L_031
Th_R_DAl	C_L_032
Th_R_DAl	C_L_033
Th_R_DAl	C_L_034
Th_R_DAl	C_L_035
Th_R_DAl	C_L_036
Th_R_DAl	C_L_037
Th_R_DAl	C_L_038
Th_R_DAl	C_L_039
Th_R_DAl	C_L_040
Th_R_DAl	C_L_041
Th_R_DAl	C_L_042
Th_R_DAl	C_L_043
Th_R_DAl	C_L_044
Th_R_DAl	C_L_045
Th_R_DAl	C_L_046
Th_R_DAl	C_L_047
Th_R_DAl	C_L_048
Th_R_DAl	C_L_049
Th_R_DAl	C_L_050
Th_R_DAl	C_R_001
Th_R_DAl	C_R_002
Th_R_DAl	C_R_003
Th_R_DAl	C_R_004
Th_R_DAl	C_R_005
Th_R_DAl	C_R_006
Th_R_DAl	C_R_007
Th_R_DAl	C_R_008
Th_R_DAl	C_R_009
Th_R_DAl	C_R_010
Th_R_DAl	C_R_011
Th_R_DAl	C_R_012
Th_R_DAl	C_R_013
Th_R_DAl	C_R_014
Th_R_DAl	C_R_015
Th_R_DAl	C_R_016
Th_R_DAl	C_R_017
Th_R_DAl	C_R_018
Th_R_DAl	C_R_019
Th_R_DAl	C_R_020
Th_R_DAl	C_R_021
Th_R_DAl	C_R_022
Th_R_DAl	C_R_023
Th_R_DAl	C_R_024
Th_R_DAl	C_R_025
Th_R_DAl	C_R_026
Th_R_DAl	C_R_027
Th_R_DAl	C_R_028
Th_R_DAl	C_R_029
Th_R_DAl	C_R_030
Th_R_DAl	C_R_031
Th_R_DAl	C_R_032
Th_R_DAl	C_R_033
Th_R_DAl	C_R_034
Th_R_DAl	C_R_035
Th_R_DAl	C_R_036
Th_R_DAl	C_R_037
Th_R_DAl	C_R_038
Th_R_DAl	C_R_039
Th_R_DAl	C_R_040
Th_R_DAl	C_R_041
Th_R_DAl	C_R_042
Th_R_DAl	C_R_043
Th_R_DAl	C_R_044
Th_R_DAl	C_R_045
Th_R_DAl	C_R_046
Th_R_DAl	C_R_047
Th_R_DAl	C_R_048
Th_R_DAl	C_R_049
Th_R_DAl	C_R_050
Th_R_DAl	S_L_PutVA
Th_R_DAl	S_L_PutDA
Th_R_DAl	S_L_PutVP
Th_R_DAl	S_L_PutDP
Th_R_DAl	S_L_CauVA
Th_R_DAl	S_L_CauDA
Th_R_DAl	S_L_CauBody
Th_R_DAl	S_L_CauTail
Th_R_DAl	S_L_NAcShell
Th_R_DAl	S_L_NAcCore
Th_R_DAl	S_R_PutVA
Th_R_DAl	S_R_PutDA
Th_R_DAl	S_R_PutVP
Th_R_DAl	S_R_PutDP
Th_R_DAl	S_R_CauVA
Th_R_DAl	S_R_CauDA
Th_R_DAl	S_R_CauBody
Th_R_DAl	S_R_CauTail
Th_R_DAl	S_R_NAcShell
Th_R_DAl	S_R_NAcCore
Th_R_DAl	A_L_Lat
Th_R_DAl	A_L_Med
Th_R_DAl	H_L_HeadM1
Th_R_DAl	H_L_HeadM2
Th_R_DAl	H_L_HeadL
Th_R_DAl	H_L_Body
Th_R_DAl	H_L_Tail
Th_R_DAl	A_R_Lat
Th_R_DAl	A_R_Med
Th_R_DAl	H_R_HeadM1
Th_R_DAl	H_R_HeadM2
Th_R_DAl	H_R_HeadL
Th_R_DAl	H_R_Body
Th_R_DAl	H_R_Tail
Th_R_DP	C_L_001
Th_R_DP	C_L_002
Th_R_DP	C_L_003
Th_R_DP	C_L_004
Th_R_DP	C_L_005
Th_R_DP	C_L_006
Th_R_DP	C_L_007
Th_R_DP	C_L_008
Th_R_DP	C_L_009
Th_R_DP	C_L_010
Th_R_DP	C_L_011
Th_R_DP	C_L_012
Th_R_DP	C_L_013
Th_R_DP	C_L_014
Th_R_DP	C_L_015
Th_R_DP	C_L_016
Th_R_DP	C_L_017
Th_R_DP	C_L_018
Th_R_DP	C_L_019
Th_R_DP	C_L_020
Th_R_DP	C_L_021
Th_R_DP	C_L_022
Th_R_DP	C_L_023
Th_R_DP	C_L_024
Th_R_DP	C_L_025
Th_R_DP	C_L_026
Th_R_DP	C_L_027
Th_R_DP	C_L_028
Th_R_DP	C_L_029
Th_R_DP	C_L_030
Th_R_DP	C_L_031
Th_R_DP	C_L_032
Th_R_DP	C_L_033
Th_R_DP	C_L_034
Th_R_DP	C_L_035
Th_R_DP	C_L_036
Th_R_DP	C_L_037
Th_R_DP	C_L_038
Th_R_DP	C_L_039
Th_R_DP	C_L_040
Th_R_DP	C_L_041
Th_R_DP	C_L_042
Th_R_DP	C_L_043
Th_R_DP	C_L_044
Th_R_DP	C_L_045
Th_R_DP	C_L_046
Th_R_DP	C_L_047
Th_R_DP	C_L_048
Th_R_DP	C_L_049
Th_R_DP	C_L_050
Th_R_DP	C_R_001
Th_R_DP	C_R_002
Th_R_DP	C_R_003
Th_R_DP	C_R_004
Th_R_DP	C_R_005
Th_R_DP	C_R_006
Th_R_DP	C_R_007
Th_R_DP	C_R_008
Th_R_DP	C_R_009
Th_R_DP	C_R_010
Th_R_DP	C_R_011
Th_R_DP	C_R_012
Th_R_DP	C_R_013
Th_R_DP	C_R_014
Th_R_DP	C_R_015
Th_R_DP	C_R_016
Th_R_DP	C_R_017
Th_R_DP	C_R_018
Th_R_DP	C_R_019
Th_R_DP	C_R_020
Th_R_DP	C_R_021
Th_R_DP	C_R_022
Th_R_DP	C_R_023
Th_R_DP	C_R_024
Th_R_DP	C_R_025
Th_R_DP	C_R_026
Th_R_DP	C_R_027
Th_R_DP	C_R_028
Th_R_DP	C_R_029
Th_R_DP	C_R_030
Th_R_DP	C_R_031
Th_R_DP	C_R_032
Th_R_DP	C_R_033
Th_R_DP	C_R_034
Th_R_DP	C_R_035
Th_R_DP	C_R_036
Th_R_DP	C_R_037
Th_R_DP	C_R_038
Th_R_DP	C_R_039
Th_R_DP	C_R_040
Th_R_DP	C_R_041
Th_R_DP	C_R_042
Th_R_DP	C_R_043
Th_R_DP	C_R_044
Th_R_DP	C_R_045
Th_R_DP	C_R_046
Th_R_DP	C_R_047
Th_R_DP	C_R_048
Th_R_DP	C_R_049
Th_R_DP	C_R_050
Th_R_DP	S_L_PutVA
Th_R_DP	S_L_PutDA
Th_R_DP	S_L_PutVP
Th_R_DP	S_L_PutDP
Th_R_DP	S_L_CauVA
Th_R_DP	S_L_CauDA
Th_R_DP	S_L_CauBody
Th_R_DP	S_L_CauTail
Th_R_DP	S_L_NAcShell
Th_R_DP	S_L_NAcCore
Th_R_DP	S_R_PutVA
Th_R_DP	S_R_PutDA
Th_R_DP	S_R_PutVP
Th_R_DP	S_R_PutDP
Th_R_DP	S_R_CauVA
Th_R_DP	S_R_CauDA
Th_R_DP	S_R_CauBody
Th_R_DP	S_R_CauTail
Th_R_DP	S_R_NAcShell
Th_R_DP	S_R_NAcCore
Th_R_DP	A_L_Lat
Th_R_DP	A_L_Med
Th_R_DP	H_L_HeadM1
Th_R_DP	H_L_HeadM2
Th_R_DP	H_L_HeadL
Th_R_DP	H_L_Body
Th_R_DP	H_L_Tail
Th_R_DP	A_R_Lat
Th_R_DP	A_R_Med
Th_R_DP	H_R_HeadM1
Th_R_DP	H_R_HeadM2
Th_R_DP	H_R_HeadL
Th_R_DP	H_R_Body
Th_R_DP	H_R_Tail
A_R_Lat	C_L_001
A_R_Lat	C_L_002
A_R_Lat	C_L_003
A_R_Lat	C_L_004
A_R_Lat	C_L_005
A_R_Lat	C_L_006
A_R_Lat	C_L_007
A_R_Lat	C_L_008
A_R_Lat	C_L_009
A_R_Lat	C_L_010
A_R_Lat	C_L_011
A_R_Lat	C_L_012
A_R_Lat	C_L_013
A_R_Lat	C_L_014
A_R_Lat	C_L_015
A_R_Lat	C_L_016
A_R_Lat	C_L_017
A_R_Lat	C_L_018
A_R_Lat	C_L_019
A_R_Lat	C_L_020
A_R_Lat	C_L_021
A_R_Lat	C_L_022
A_R_Lat	C_L_023
A_R_Lat	C_L_024
A_R_Lat	C_L_025
A_R_Lat	C_L_026
A_R_Lat	C_L_027
A_R_Lat	C_L_028
A_R_Lat	C_L_029
A_R_Lat	C_L_030
A_R_Lat	C_L_031
A_R_Lat	C_L_032
A_R_Lat	C_L_033
A_R_Lat	C_L_034
A_R_Lat	C_L_035
A_R_Lat	C_L_036
A_R_Lat	C_L_037
A_R_Lat	C_L_038
A_R_Lat	C_L_039
A_R_Lat	C_L_040
A_R_Lat	C_L_041
A_R_Lat	C_L_042
A_R_Lat	C_L_043
A_R_Lat	C_L_044
A_R_Lat	C_L_045
A_R_Lat	C_L_046
A_R_Lat	C_L_047
A_R_Lat	C_L_048
A_R_Lat	C_L_049
A_R_Lat	C_L_050
A_R_Lat	C_R_001
A_R_Lat	C_R_002
A_R_Lat	C_R_003
A_R_Lat	C_R_004
A_R_Lat	C_R_005
A_R_Lat	C_R_006
A_R_Lat	C_R_007
A_R_Lat	C_R_008
A_R_Lat	C_R_009
A_R_Lat	C_R_010
A_R_Lat	C_R_011
A_R_Lat	C_R_012
A_R_Lat	C_R_013
A_R_Lat	C_R_014
A_R_Lat	C_R_015
A_R_Lat	C_R_016
A_R_Lat	C_R_017
A_R_Lat	C_R_018
A_R_Lat	C_R_019
A_R_Lat	C_R_020
A_R_Lat	C_R_021
A_R_Lat	C_R_022
A_R_Lat	C_R_023
A_R_Lat	C_R_024
A_R_Lat	C_R_025
A_R_Lat	C_R_026
A_R_Lat	C_R_027
A_R_Lat	C_R_028
A_R_Lat	C_R_029
A_R_Lat	C_R_030
A_R_Lat	C_R_031
A_R_Lat	C_R_032
A_R_Lat	C_R_033
A_R_Lat	C_R_034
A_R_Lat	C_R_035
A_R_Lat	C_R_036
A_R_Lat	C_R_037
A_R_Lat	C_R_038
A_R_Lat	C_R_039
A_R_Lat	C_R_040
A_R_Lat	C_R_041
A_R_Lat	C_R_042
A_R_Lat	C_R_043
A_R_Lat	C_R_044
A_R_Lat	C_R_045
A_R_Lat	C_R_046
A_R_Lat	C_R_047
A_R_Lat	C_R_048
A_R_Lat	C_R_049
A_R_Lat	C_R_050
A_R_Lat	S_L_PutVA
A_R_Lat	S_L_PutDA
A_R_Lat	S_L_PutVP
A_R_Lat	S_L_PutDP
A_R_Lat	S_L_CauVA
A_R_Lat	S_L_CauDA
A_R_Lat	S_L_CauBody
A_R_Lat	S_L_CauTail
A_R_Lat	S_L_NAcShell
A_R_Lat	S_L_NAcCore
A_R_Lat	S_R_PutVA
A_R_Lat	S_R_PutDA
A_R_Lat	S_R_PutVP
A_R_Lat	S_R_PutDP
A_R_Lat	S_R_CauVA
A_R_Lat	S_R_CauDA
A_R_Lat	S_R_CauBody
A_R_Lat	S_R_CauTail
A_R_Lat	S_R_NAcShell
A_R_Lat	S_R_NAcCore
A_R_Lat	H_L_HeadM1
A_R_Lat	H_L_HeadM2
A_R_Lat	H_L_HeadL
A_R_Lat	H_L_Body
A_R_Lat	H_L_Tail
A_R_Lat	H_R_HeadM1
A_R_Lat	H_R_HeadM2
A_R_Lat	H_R_HeadL
A_R_Lat	H_R_Body
A_R_Lat	H_R_Tail
A_R_Med	C_L_001
A_R_Med	C_L_002
A_R_Med	C_L_003
A_R_Med	C_L_004
A_R_Med	C_L_005
A_R_Med	C_L_006
A_R_Med	C_L_007
A_R_Med	C_L_008
A_R_Med	C_L_009
A_R_Med	C_L_010
A_R_Med	C_L_011
A_R_Med	C_L_012
A_R_Med	C_L_013
A_R_Med	C_L_014
A_R_Med	C_L_015
A_R_Med	C_L_016
A_R_Med	C_L_017
A_R_Med	C_L_018
A_R_Med	C_L_019
A_R_Med	C_L_020
A_R_Med	C_L_021
A_R_Med	C_L_022
A_R_Med	C_L_023
A_R_Med	C_L_024
A_R_Med	C_L_025
A_R_Med	C_L_026
A_R_Med	C_L_027
A_R_Med	C_L_028
A_R_Med	C_L_029
A_R_Med	C_L_030
A_R_Med	C_L_031
A_R_Med	C_L_032
A_R_Med	C_L_033
A_R_Med	C_L_034
A_R_Med	C_L_035
A_R_Med	C_L_036
A_R_Med	C_L_037
A_R_Med	C_L_038
A_R_Med	C_L_039
A_R_Med	C_L_040
A_R_Med	C_L_041
A_R_Med	C_L_042
A_R_Med	C_L_043
A_R_Med	C_L_044
A_R_Med	C_L_045
A_R_Med	C_L_046
A_R_Med	C_L_047
A_R_Med	C_L_048
A_R_Med	C_L_049
A_R_Med	C_L_050
A_R_Med	C_R_001
A_R_Med	C_R_002
A_R_Med	C_R_003
A_R_Med	C_R_004
A_R_Med	C_R_005
A_R_Med	C_R_006
A_R_Med	C_R_007
A_R_Med	C_R_008
A_R_Med	C_R_009
A_R_Med	C_R_010
A_R_Med	C_R_011
A_R_Med	C_R_012
A_R_Med	C_R_013
A_R_Med	C_R_014
A_R_Med	C_R_015
A_R_Med	C_R_016
A_R_Med	C_R_017
A_R_Med	C_R_018
A_R_Med	C_R_019
A_R_Med	C_R_020
A_R_Med	C_R_021
A_R_Med	C_R_022
A_R_Med	C_R_023
A_R_Med	C_R_024
A_R_Med	C_R_025
A_R_Med	C_R_026
A_R_Med	C_R_027
A_R_Med	C_R_028
A_R_Med	C_R_029
A_R_Med	C_R_030
A_R_Med	C_R_031
A_R_Med	C_R_032
A_R_Med	C_R_033
A_R_Med	C_R_034
A_R_Med	C_R_035
A_R_Med	C_R_036
A_R_Med	C_R_037
A_R_Med	C_R_038
A_R_Med	C_R_039
A_R_Med	C_R_040
A_R_Med	C_R_041
A_R_Med	C_R_042
A_R_Med	C_R_043
A_R_Med	C_R_044
A_R_Med	C_R_045
A_R_Med	C_R_046
A_R_Med	C_R_047
A_R_Med	C_R_048
A_R_Med	C_R_049
A_R_Med	C_R_050
A_R_Med	S_L_PutVA
A_R_Med	S_L_PutDA
A_R_Med	S_L_PutVP
A_R_Med	S_L_PutDP
A_R_Med	S_L_CauVA
A_R_Med	S_L_CauDA
A_R_Med	S_L_CauBody
A_R_Med	S_L_CauTail
A_R_Med	S_L_NAcShell
A_R_Med	S_L_NAcCore
A_R_Med	S_R_PutVA
A_R_Med	S_R_PutDA
A_R_Med	S_R_PutVP
A_R_Med	S_R_PutDP
A_R_Med	S_R_CauVA
A_R_Med	S_R_CauDA
A_R_Med	S_R_CauBody
A_R_Med	S_R_CauTail
A_R_Med	S_R_NAcShell
A_R_Med	S_R_NAcCore
A_R_Med	H_L_HeadM1
A_R_Med	H_L_HeadM2
A_R_Med	H_L_HeadL
A_R_Med	H_L_Body
A_R_Med	H_L_Tail
A_R_Med	H_R_HeadM1
A_R_Med	H_R_HeadM2
A_R_Med	H_R_HeadL
A_R_Med	H_R_Body
A_R_Med	H_R_Tail
H_R_HeadM1	C_L_001
H_R_HeadM1	C_L_002
H_R_HeadM1	C_L_003
H_R_HeadM1	C_L_004
H_R_HeadM1	C_L_005
H_R_HeadM1	C_L_006
H_R_HeadM1	C_L_007
H_R_HeadM1	C_L_008
H_R_HeadM1	C_L_009
H_R_HeadM1	C_L_010
H_R_HeadM1	C_L_011
H_R_HeadM1	C_L_012
H_R_HeadM1	C_L_013
H_R_HeadM1	C_L_014
H_R_HeadM1	C_L_015
H_R_HeadM1	C_L_016
H_R_HeadM1	C_L_017
H_R_HeadM1	C_L_018
H_R_HeadM1	C_L_019
H_R_HeadM1	C_L_020
H_R_HeadM1	C_L_021
H_R_HeadM1	C_L_022
H_R_HeadM1	C_L_023
H_R_HeadM1	C_L_024
H_R_HeadM1	C_L_025
H_R_HeadM1	C_L_026
H_R_HeadM1	C_L_027
H_R_HeadM1	C_L_028
H_R_HeadM1	C_L_029
H_R_HeadM1	C_L_030
H_R_HeadM1	C_L_031
H_R_HeadM1	C_L_032
H_R_HeadM1	C_L_033
H_R_HeadM1	C_L_034
H_R_HeadM1	C_L_035
H_R_HeadM1	C_L_036
H_R_HeadM1	C_L_037
H_R_HeadM1	C_L_038
H_R_HeadM1	C_L_039
H_R_HeadM1	C_L_040
H_R_HeadM1	C_L_041
H_R_HeadM1	C_L_042
H_R_HeadM1	C_L_043
H_R_HeadM1	C_L_044
H_R_HeadM1	C_L_045
H_R_HeadM1	C_L_046
H_R_HeadM1	C_L_047
H_R_HeadM1	C_L_048
H_R_HeadM1	C_L_049
H_R_HeadM1	C_L_050
H_R_HeadM1	C_R_001
H_R_HeadM1	C_R_002
H_R_HeadM1	C_R_003
H_R_HeadM1	C_R_004
H_R_HeadM1	C_R_005
H_R_HeadM1	C_R_006
H_R_HeadM1	C_R_007
H_R_HeadM1	C_R_008
H_R_HeadM1	C_R_009
H_R_HeadM1	C_R_010
H_R_HeadM1	C_R_011
H_R_HeadM1	C_R_012
H_R_HeadM1	C_R_013
H_R_HeadM1	C_R_014
H_R_HeadM1	C_R_015
H_R_HeadM1	C_R_016
H_R_HeadM1	C_R_017
H_R_HeadM1	C_R_018
H_R_HeadM1	C_R_019
H_R_HeadM1	C_R_020
H_R_HeadM1	C_R_021
H_R_HeadM1	C_R_022
H_R_HeadM1	C_R_023
H_R_HeadM1	C_R_024
H_R_HeadM1	C_R_025
H_R_HeadM1	C_R_026
H_R_HeadM1	C_R_027
H_R_HeadM1	C_R_028
H_R_HeadM1	C_R_029
H_R_HeadM1	C_R_030
H_R_HeadM1	C_R_031
H_R_HeadM1	C_R_032
H_R_HeadM1	C_R_033
H_R_HeadM1	C_R_034
H_R_HeadM1	C_R_035
H_R_HeadM1	C_R_036
H_R_HeadM1	C_R_037
H_R_HeadM1	C_R_038
H_R_HeadM1	C_R_039
H_R_HeadM1	C_R_040
H_R_HeadM1	C_R_041
H_R_HeadM1	C_R_042
H_R_HeadM1	C_R_043
H_R_HeadM1	C_R_044
H_R_HeadM1	C_R_045
H_R_HeadM1	C_R_046
H_R_HeadM1	C_R_047
H_R_HeadM1	C_R_048
H_R_HeadM1	C_R_049
H_R_HeadM1	C_R_050
H_R_HeadM1	S_L_PutVA
H_R_HeadM1	S_L_PutDA
H_R_HeadM1	S_L_PutVP
H_R_HeadM1	S_L_PutDP
H_R_HeadM1	S_L_CauVA
H_R_HeadM1	S_L_CauDA
H_R_HeadM1	S_L_CauBody
H_R_HeadM1	S_L_CauTail
H_R_HeadM1	S_L_NAcShell
H_R_HeadM1	S_L_NAcCore
H_R_HeadM1	S_R_PutVA
H_R_HeadM1	S_R_PutDA
H_R_HeadM1	S_R_PutVP
H_R_HeadM1	S_R_PutDP
H_R_HeadM1	S_R_CauVA
H_R_HeadM1	S_R_CauDA
H_R_HeadM1	S_R_CauBody
H_R_HeadM1	S_R_CauTail
H_R_HeadM1	S_R_NAcShell
H_R_HeadM1	S_R_NAcCore
H_R_HeadM1	A_L_Lat
H_R_HeadM1	A_L_Med
H_R_HeadM1	A_R_Lat
H_R_HeadM1	A_R_Med
H_R_HeadM2	C_L_001
H_R_HeadM2	C_L_002
H_R_HeadM2	C_L_003
H_R_HeadM2	C_L_004
H_R_HeadM2	C_L_005
H_R_HeadM2	C_L_006
H_R_HeadM2	C_L_007
H_R_HeadM2	C_L_008
H_R_HeadM2	C_L_009
H_R_HeadM2	C_L_010
H_R_HeadM2	C_L_011
H_R_HeadM2	C_L_012
H_R_HeadM2	C_L_013
H_R_HeadM2	C_L_014
H_R_HeadM2	C_L_015
H_R_HeadM2	C_L_016
H_R_HeadM2	C_L_017
H_R_HeadM2	C_L_018
H_R_HeadM2	C_L_019
H_R_HeadM2	C_L_020
H_R_HeadM2	C_L_021
H_R_HeadM2	C_L_022
H_R_HeadM2	C_L_023
H_R_HeadM2	C_L_024
H_R_HeadM2	C_L_025
H_R_HeadM2	C_L_026
H_R_HeadM2	C_L_027
H_R_HeadM2	C_L_028
H_R_HeadM2	C_L_029
H_R_HeadM2	C_L_030
H_R_HeadM2	C_L_031
H_R_HeadM2	C_L_032
H_R_HeadM2	C_L_033
H_R_HeadM2	C_L_034
H_R_HeadM2	C_L_035
H_R_HeadM2	C_L_036
H_R_HeadM2	C_L_037
H_R_HeadM2	C_L_038
H_R_HeadM2	C_L_039
H_R_HeadM2	C_L_040
H_R_HeadM2	C_L_041
H_R_HeadM2	C_L_042
H_R_HeadM2	C_L_043
H_R_HeadM2	C_L_044
H_R_HeadM2	C_L_045
H_R_HeadM2	C_L_046
H_R_HeadM2	C_L_047
H_R_HeadM2	C_L_048
H_R_HeadM2	C_L_049
H_R_HeadM2	C_L_050
H_R_HeadM2	C_R_001
H_R_HeadM2	C_R_002
H_R_HeadM2	C_R_003
H_R_HeadM2	C_R_004
H_R_HeadM2	C_R_005
H_R_HeadM2	C_R_006
H_R_HeadM2	C_R_007
H_R_HeadM2	C_R_008
H_R_HeadM2	C_R_009
H_R_HeadM2	C_R_010
H_R_HeadM2	C_R_011
H_R_HeadM2	C_R_012
H_R_HeadM2	C_R_013
H_R_HeadM2	C_R_014
H_R_HeadM2	C_R_015
H_R_HeadM2	C_R_016
H_R_HeadM2	C_R_017
H_R_HeadM2	C_R_018
H_R_HeadM2	C_R_019
H_R_HeadM2	C_R_020
H_R_HeadM2	C_R_021
H_R_HeadM2	C_R_022
H_R_HeadM2	C_R_023
H_R_HeadM2	C_R_024
H_R_HeadM2	C_R_025
H_R_HeadM2	C_R_026
H_R_HeadM2	C_R_027
H_R_HeadM2	C_R_028
H_R_HeadM2	C_R_029
H_R_HeadM2	C_R_030
H_R_HeadM2	C_R_031
H_R_HeadM2	C_R_032
H_R_HeadM2	C_R_033
H_R_HeadM2	C_R_034
H_R_HeadM2	C_R_035
H_R_HeadM2	C_R_036
H_R_HeadM2	C_R_037
H_R_HeadM2	C_R_038
H_R_HeadM2	C_R_039
H_R_HeadM2	C_R_040
H_R_HeadM2	C_R_041
H_R_HeadM2	C_R_042
H_R_HeadM2	C_R_043
H_R_HeadM2	C_R_044
H_R_HeadM2	C_R_045
H_R_HeadM2	C_R_046
H_R_HeadM2	C_R_047
H_R_HeadM2	C_R_048
H_R_HeadM2	C_R_049
H_R_HeadM2	C_R_050
H_R_HeadM2	S_L_PutVA
H_R_HeadM2	S_L_PutDA
H_R_HeadM2	S_L_PutVP
H_R_HeadM2	S_L_PutDP
H_R_HeadM2	S_L_CauVA
H_R_HeadM2	S_L_CauDA
H_R_HeadM2	S_L_CauBody
H_R_HeadM2	S_L_CauTail
H_R_HeadM2	S_L_NAcShell
H_R_HeadM2	S_L_NAcCore
H_R_HeadM2	S_R_PutVA
H_R_HeadM2	S_R_PutDA
H_R_HeadM2	S_R_PutVP
H_R_HeadM2	S_R_PutDP
H_R_HeadM2	S_R_CauVA
H_R_HeadM2	S_R_CauDA
H_R_HeadM2	S_R_CauBody
H_R_HeadM2	S_R_CauTail
H_R_HeadM2	S_R_NAcShell
H_R_HeadM2	S_R_NAcCore
H_R_HeadM2	A_L_Lat
H_R_HeadM2	A_L_Med
H_R_HeadM2	A_R_Lat
H_R_HeadM2	A_R_Med
H_R_HeadL	C_L_001
H_R_HeadL	C_L_002
H_R_HeadL	C_L_003
H_R_HeadL	C_L_004
H_R_HeadL	C_L_005
H_R_HeadL	C_L_006
H_R_HeadL	C_L_007
H_R_HeadL	C_L_008
H_R_HeadL	C_L_009
H_R_HeadL	C_L_010
H_R_HeadL	C_L_011
H_R_HeadL	C_L_012
H_R_HeadL	C_L_013
H_R_HeadL	C_L_014
H_R_HeadL	C_L_015
H_R_HeadL	C_L_016
H_R_HeadL	C_L_017
H_R_HeadL	C_L_018
H_R_HeadL	C_L_019
H_R_HeadL	C_L_020
H_R_HeadL	C_L_021
H_R_HeadL	C_L_022
H_R_HeadL	C_L_023
H_R_HeadL	C_L_024
H_R_HeadL	C_L_025
H_R_HeadL	C_L_026
H_R_HeadL	C_L_027
H_R_HeadL	C_L_028
H_R_HeadL	C_L_029
H_R_HeadL	C_L_030
H_R_HeadL	C_L_031
H_R_HeadL	C_L_032
H_R_HeadL	C_L_033
H_R_HeadL	C_L_034
H_R_HeadL	C_L_035
H_R_HeadL	C_L_036
H_R_HeadL	C_L_037
H_R_HeadL	C_L_038
H_R_HeadL	C_L_039
H_R_HeadL	C_L_040
H_R_HeadL	C_L_041
H_R_HeadL	C_L_042
H_R_HeadL	C_L_043
H_R_HeadL	C_L_044
H_R_HeadL	C_L_045
H_R_HeadL	C_L_046
H_R_HeadL	C_L_047
H_R_HeadL	C_L_048
H_R_HeadL	C_L_049
H_R_HeadL	C_L_050
H_R_HeadL	C_R_001
H_R_HeadL	C_R_002
H_R_HeadL	C_R_003
H_R_HeadL	C_R_004
H_R_HeadL	C_R_005
H_R_HeadL	C_R_006
H_R_HeadL	C_R_007
H_R_HeadL	C_R_008
H_R_HeadL	C_R_009
H_R_HeadL	C_R_010
H_R_HeadL	C_R_011
H_R_HeadL	C_R_012
H_R_HeadL	C_R_013
H_R_HeadL	C_R_014
H_R_HeadL	C_R_015
H_R_HeadL	C_R_016
H_R_HeadL	C_R_017
H_R_HeadL	C_R_018
H_R_HeadL	C_R_019
H_R_HeadL	C_R_020
H_R_HeadL	C_R_021
H_R_HeadL	C_R_022
H_R_HeadL	C_R_023
H_R_HeadL	C_R_024
H_R_HeadL	C_R_025
H_R_HeadL	C_R_026
H_R_HeadL	C_R_027
H_R_HeadL	C_R_028
H_R_HeadL	C_R_029
H_R_HeadL	C_R_030
H_R_HeadL	C_R_031
H_R_HeadL	C_R_032
H_R_HeadL	C_R_033
H_R_HeadL	C_R_034
H_R_HeadL	C_R_035
H_R_HeadL	C_R_036
H_R_HeadL	C_R_037
H_R_HeadL	C_R_038
H_R_HeadL	C_R_039
H_R_HeadL	C_R_040
H_R_HeadL	C_R_041
H_R_HeadL	C_R_042
H_R_HeadL	C_R_043
H_R_HeadL	C_R_044
H_R_HeadL	C_R_045
H_R_HeadL	C_R_046
H_R_HeadL	C_R_047
H_R_HeadL	C_R_048
H_R_HeadL	C_R_049
H_R_HeadL	C_R_050
H_R_HeadL	S_L_PutVA
H_R_HeadL	S_L_PutDA
H_R_HeadL	S_L_PutVP
H_R_HeadL	S_L_PutDP
H_R_HeadL	S_L_CauVA
H_R_HeadL	S_L_CauDA
H_R_HeadL	S_L_CauBody
H_R_HeadL	S_L_CauTail
H_R_HeadL	S_L_NAcShell
H_R_HeadL	S_L_NAcCore
H_R_HeadL	S_R_PutVA
H_R_HeadL	S_R_PutDA
H_R_HeadL	S_R_PutVP
H_R_HeadL	S_R_PutDP
H_R_HeadL	S_R_CauVA
H_R_HeadL	S_R_CauDA
H_R_HeadL	S_R_CauBody
H_R_HeadL	S_R_CauTail
H_R_HeadL	S_R_NAcShell
H_R_HeadL	S_R_NAcCore
H_R_HeadL	A_L_Lat
H_R_HeadL	A_L_Med
H_R_HeadL	A_R_Lat
H_R_HeadL	A_R_Med
H_R_Body	C_L_001
H_R_Body	C_L_002
H_R_Body	C_L_003
H_R_Body	C_L_004
H_R_Body	C_L_005
H_R_Body	C_L_006
H_R_Body	C_L_007
H_R_Body	C_L_008
H_R_Body	C_L_009
H_R_Body	C_L_010
H_R_Body	C_L_011
H_R_Body	C_L_012
H_R_Body	C_L_013
H_R_Body	C_L_014
H_R_Body	C_L_015
H_R_Body	C_L_016
H_R_Body	C_L_017
H_R_Body	C_L_018
H_R_Body	C_L_019
H_R_Body	C_L_020
H_R_Body	C_L_021
H_R_Body	C_L_022
H_R_Body	C_L_023
H_R_Body	C_L_024
H_R_Body	C_L_025
H_R_Body	C_L_026
H_R_Body	C_L_027
H_R_Body	C_L_028
H_R_Body	C_L_029
H_R_Body	C_L_030
H_R_Body	C_L_031
H_R_Body	C_L_032
H_R_Body	C_L_033
H_R_Body	C_L_034
H_R_Body	C_L_035
H_R_Body	C_L_036
H_R_Body	C_L_037
H_R_Body	C_L_038
H_R_Body	C_L_039
H_R_Body	C_L_040
H_R_Body	C_L_041
H_R_Body	C_L_042
H_R_Body	C_L_043
H_R_Body	C_L_044
H_R_Body	C_L_045
H_R_Body	C_L_046
H_R_Body	C_L_047
H_R_Body	C_L_048
H_R_Body	C_L_049
H_R_Body	C_L_050
H_R_Body	C_R_001
H_R_Body	C_R_002
H_R_Body	C_R_003
H_R_Body	C_R_004
H_R_Body	C_R_005
H_R_Body	C_R_006
H_R_Body	C_R_007
H_R_Body	C_R_008
H_R_Body	C_R_009
H_R_Body	C_R_010
H_R_Body	C_R_011
H_R_Body	C_R_012
H_R_Body	C_R_013
H_R_Body	C_R_014
H_R_Body	C_R_015
H_R_Body	C_R_016
H_R_Body	C_R_017
H_R_Body	C_R_018
H_R_Body	C_R_019
H_R_Body	C_R_020
H_R_Body	C_R_021
H_R_Body	C_R_022
H_R_Body	C_R_023
H_R_Body	C_R_024
H_R_Body	C_R_025
H_R_Body	C_R_026
H_R_Body	C_R_027
H_R_Body	C_R_028
H_R_Body	C_R_029
H_R_Body	C_R_030
H_R_Body	C_R_031
H_R_Body	C_R_032
H_R_Body	C_R_033
H_R_Body	C_R_034
H_R_Body	C_R_035
H_R_Body	C_R_036
H_R_Body	C_R_037
H_R_Body	C_R_038
H_R_Body	C_R_039
H_R_Body	C_R_040
H_R_Body	C_R_041
H_R_Body	C_R_042
H_R_Body	C_R_043
H_R_Body	C_R_044
H_R_Body	C_R_045
H_R_Body	C_R_046
H_R_Body	C_R_047
H_R_Body	C_R_048
H_R_Body	C_R_049
H_R_Body	C_R_050
H_R_Body	S_L_PutVA
H_R_Body	S_L_PutDA
H_R_Body	S_L_PutVP
H_R_Body	S_L_PutDP
H_R_Body	S_L_CauVA
H_R_Body	S_L_CauDA
H_R_Body	S_L_CauBody
H_R_Body	S_L_CauTail
H_R_Body	S_L_NAcShell
H_R_Body	S_L_NAcCore
H_R_Body	S_R_PutVA
H_R_Body	S_R_PutDA
H_R_Body	S_R_PutVP
H_R_Body	S_R_PutDP
H_R_Body	S_R_CauVA
H_R_Body	S_R_CauDA
H_R_Body	S_R_CauBody
H_R_Body	S_R_CauTail
H_R_Body	S_R_NAcShell
H_R_Body	S_R_NAcCore
H_R_Body	A_L_Lat
H_R_Body	A_L_Med
H_R_Body	A_R_Lat
H_R_Body	A_R_Med
H_R_Tail	C_L_001
H_R_Tail	C_L_002
H_R_Tail	C_L_003
H_R_Tail	C_L_004
H_R_Tail	C_L_005
H_R_Tail	C_L_006
H_R_Tail	C_L_007
H_R_Tail	C_L_008
H_R_Tail	C_L_009
H_R_Tail	C_L_010
H_R_Tail	C_L_011
H_R_Tail	C_L_012
H_R_Tail	C_L_013
H_R_Tail	C_L_014
H_R_Tail	C_L_015
H_R_Tail	C_L_016
H_R_Tail	C_L_017
H_R_Tail	C_L_018
H_R_Tail	C_L_019
H_R_Tail	C_L_020
H_R_Tail	C_L_021
H_R_Tail	C_L_022
H_R_Tail	C_L_023
H_R_Tail	C_L_024
H_R_Tail	C_L_025
H_R_Tail	C_L_026
H_R_Tail	C_L_027
H_R_Tail	C_L_028
H_R_Tail	C_L_029
H_R_Tail	C_L_030
H_R_Tail	C_L_031
H_R_Tail	C_L_032
H_R_Tail	C_L_033
H_R_Tail	C_L_034
H_R_Tail	C_L_035
H_R_Tail	C_L_036
H_R_Tail	C_L_037
H_R_Tail	C_L_038
H_R_Tail	C_L_039
H_R_Tail	C_L_040
H_R_Tail	C_L_041
H_R_Tail	C_L_042
H_R_Tail	C_L_043
H_R_Tail	C_L_044
H_R_Tail	C_L_045
H_R_Tail	C_L_046
H_R_Tail	C_L_047
H_R_Tail	C_L_048
H_R_Tail	C_L_049
H_R_Tail	C_L_050
H_R_Tail	C_R_001
H_R_Tail	C_R_002
H_R_Tail	C_R_003
H_R_Tail	C_R_004
H_R_Tail	C_R_005
H_R_Tail	C_R_006
H_R_Tail	C_R_007
H_R_Tail	C_R_008
H_R_Tail	C_R_009
H_R_Tail	C_R_010
H_R_Tail	C_R_011
H_R_Tail	C_R_012
H_R_Tail	C_R_013
H_R_Tail	C_R_014
H_R_Tail	C_R_015
H_R_Tail	C_R_016
H_R_Tail	C_R_017
H_R_Tail	C_R_018
H_R_Tail	C_R_019
H_R_Tail	C_R_020
H_R_Tail	C_R_021
H_R_Tail	C_R_022
H_R_Tail	C_R_023
H_R_Tail	C_R_024
H_R_Tail	C_R_025
H_R_Tail	C_R_026
H_R_Tail	C_R_027
H_R_Tail	C_R_028
H_R_Tail	C_R_029
H_R_Tail	C_R_030
H_R_Tail	C_R_031
H_R_Tail	C_R_032
H_R_Tail	C_R_033
H_R_Tail	C_R_034
H_R_Tail	C_R_035
H_R_Tail	C_R_036
H_R_Tail	C_R_037
H_R_Tail	C_R_038
H_R_Tail	C_R_039
H_R_Tail	C_R_040
H_R_Tail	C_R_041
H_R_Tail	C_R_042
H_R_Tail	C_R_043
H_R_Tail	C_R_044
H_R_Tail	C_R_045
H_R_Tail	C_R_046
H_R_Tail	C_R_047
H_R_Tail	C_R_048
H_R_Tail	C_R_049
H_R_Tail	C_R_050
H_R_Tail	S_L_PutVA
H_R_Tail	S_L_PutDA
H_R_Tail	S_L_PutVP
H_R_Tail	S_L_PutDP
H_R_Tail	S_L_CauVA
H_R_Tail	S_L_CauDA
H_R_Tail	S_L_CauBody
H_R_Tail	S_L_CauTail
H_R_Tail	S_L_NAcShell
H_R_Tail	S_L_NAcCore
H_R_Tail	S_R_PutVA
H_R_Tail	S_R_PutDA
H_R_Tail	S_R_PutVP
H_R_Tail	S_R_PutDP
H_R_Tail	S_R_CauVA
H_R_Tail	S_R_CauDA
H_R_Tail	S_R_CauBody
H_R_Tail	S_R_CauTail
H_R_Tail	S_R_NAcShell
H_R_Tail	S_R_NAcCore
H_R_Tail	A_L_Lat
H_R_Tail	A_L_Med
H_R_Tail	A_R_Lat
H_R_Tail	A_R_Med
GPe_L	S_L_PutVA
GPe_L	S_L_PutDA
GPe_L	S_L_PutVP
GPe_L	S_L_PutDP
GPe_L	S_L_CauVA
GPe_L	S_L_CauDA
GPe_L	S_L_CauBody
GPe_L	S_L_CauTail
GPe_L	S_L_NAcShell
GPe_L	S_L_NAcCore
GPe_L	S_R_PutVA
GPe_L	S_R_PutDA
GPe_L	S_R_PutVP
GPe_L	S_R_PutDP
GPe_L	S_R_CauVA
GPe_L	S_R_CauDA
GPe_L	S_R_CauBody
GPe_L	S_R_CauTail
GPe_L	S_R_NAcShell
GPe_L	S_R_NAcCore
GPe_L	GPi_L
GPe_L	STN_L
GPe_L	SNr_L
GPe_L	GPi_R
GPe_L	STN_R
GPe_L	SNr_R
GPi_L	Th_L_VAip
GPi_L	Th_L_VAia
GPi_L	Th_L_VPm
GPi_L	Th_L_VPl
GPi_L	Th_L_VAs
GPi_L	Th_L_DAm
GPi_L	Th_L_DAl
GPi_L	Th_L_DP
GPi_L	Th_R_VAip
GPi_L	Th_R_VAia
GPi_L	Th_R_VPm
GPi_L	Th_R_VPl
GPi_L	Th_R_VAs
GPi_L	Th_R_DAm
GPi_L	Th_R_DAl
GPi_L	Th_R_DP
VeP_L	Th_L_VAip
VeP_L	Th_L_VAia
VeP_L	Th_L_VPm
VeP_L	Th_L_VPl
VeP_L	Th_L_VAs
VeP_L	Th_L_DAm
VeP_L	Th_L_DAl
VeP_L	Th_L_DP
VeP_L	Th_R_VAip
VeP_L	Th_R_VAia
VeP_L	Th_R_VPm
VeP_L	Th_R_VPl
VeP_L	Th_R_VAs
VeP_L	Th_R_DAm
VeP_L	Th_R_DAl
VeP_L	Th_R_DP
VeP_L	VTA_L
VeP_L	VTA_R
STN_L	GPe_L
STN_L	GPi_L
STN_L	SNr_L
STN_L	GPe_R
STN_L	GPi_R
STN_L	SNr_R
SNc_L	C_L_001
SNc_L	C_L_002
SNc_L	C_L_003
SNc_L	C_L_004
SNc_L	C_L_005
SNc_L	C_L_006
SNc_L	C_L_007
SNc_L	C_L_008
SNc_L	C_L_009
SNc_L	C_L_010
SNc_L	C_L_011
SNc_L	C_L_012
SNc_L	C_L_013
SNc_L	C_L_014
SNc_L	C_L_015
SNc_L	C_L_016
SNc_L	C_L_017
SNc_L	C_L_018
SNc_L	C_L_019
SNc_L	C_L_020
SNc_L	C_L_021
SNc_L	C_L_022
SNc_L	C_L_023
SNc_L	C_L_024
SNc_L	C_L_025
SNc_L	C_L_026
SNc_L	C_L_027
SNc_L	C_L_028
SNc_L	C_L_029
SNc_L	C_L_030
SNc_L	C_L_031
SNc_L	C_L_032
SNc_L	C_L_033
SNc_L	C_L_034
SNc_L	C_L_035
SNc_L	C_L_036
SNc_L	C_L_037
SNc_L	C_L_038
SNc_L	C_L_039
SNc_L	C_L_040
SNc_L	C_L_041
SNc_L	C_L_042
SNc_L	C_L_043
SNc_L	C_L_044
SNc_L	C_L_045
SNc_L	C_L_046
SNc_L	C_L_047
SNc_L	C_L_048
SNc_L	C_L_049
SNc_L	C_L_050
SNc_L	C_R_001
SNc_L	C_R_002
SNc_L	C_R_003
SNc_L	C_R_004
SNc_L	C_R_005
SNc_L	C_R_006
SNc_L	C_R_007
SNc_L	C_R_008
SNc_L	C_R_009
SNc_L	C_R_010
SNc_L	C_R_011
SNc_L	C_R_012
SNc_L	C_R_013
SNc_L	C_R_014
SNc_L	C_R_015
SNc_L	C_R_016
SNc_L	C_R_017
SNc_L	C_R_018
SNc_L	C_R_019
SNc_L	C_R_020
SNc_L	C_R_021
SNc_L	C_R_022
SNc_L	C_R_023
SNc_L	C_R_024
SNc_L	C_R_025
SNc_L	C_R_026
SNc_L	C_R_027
SNc_L	C_R_028
SNc_L	C_R_029
SNc_L	C_R_030
SNc_L	C_R_031
SNc_L	C_R_032
SNc_L	C_R_033
SNc_L	C_R_034
SNc_L	C_R_035
SNc_L	C_R_036
SNc_L	C_R_037
SNc_L	C_R_038
SNc_L	C_R_039
SNc_L	C_R_040
SNc_L	C_R_041
SNc_L	C_R_042
SNc_L	C_R_043
SNc_L	C_R_044
SNc_L	C_R_045
SNc_L	C_R_046
SNc_L	C_R_047
SNc_L	C_R_048
SNc_L	C_R_049
SNc_L	C_R_050
SNc_L	S_L_PutVA
SNc_L	S_L_PutDA
SNc_L	S_L_PutVP
SNc_L	S_L_PutDP
SNc_L	S_L_CauVA
SNc_L	S_L_CauDA
SNc_L	S_L_CauBody
SNc_L	S_L_CauTail
SNc_L	S_L_NAcShell
SNc_L	S_L_NAcCore
SNc_L	S_R_PutVA
SNc_L	S_R_PutDA
SNc_L	S_R_PutVP
SNc_L	S_R_PutDP
SNc_L	S_R_CauVA
SNc_L	S_R_CauDA
SNc_L	S_R_CauBody
SNc_L	S_R_CauTail
SNc_L	S_R_NAcShell
SNc_L	S_R_NAcCore
SNr_L	Th_L_VAip
SNr_L	Th_L_VAia
SNr_L	Th_L_VPm
SNr_L	Th_L_VPl
SNr_L	Th_L_VAs
SNr_L	Th_L_DAm
SNr_L	Th_L_DAl
SNr_L	Th_L_DP
SNr_L	Th_R_VAip
SNr_L	Th_R_VAia
SNr_L	Th_R_VPm
SNr_L	Th_R_VPl
SNr_L	Th_R_VAs
SNr_L	Th_R_DAm
SNr_L	Th_R_DAl
SNr_L	Th_R_DP
VTA_L	C_L_001
VTA_L	C_L_002
VTA_L	C_L_003
VTA_L	C_L_004
VTA_L	C_L_005
VTA_L	C_L_006
VTA_L	C_L_007
VTA_L	C_L_008
VTA_L	C_L_009
VTA_L	C_L_010
VTA_L	C_L_011
VTA_L	C_L_012
VTA_L	C_L_013
VTA_L	C_L_014
VTA_L	C_L_015
VTA_L	C_L_016
VTA_L	C_L_017
VTA_L	C_L_018
VTA_L	C_L_019
VTA_L	C_L_020
VTA_L	C_L_021
VTA_L	C_L_022
VTA_L	C_L_023
VTA_L	C_L_024
VTA_L	C_L_025
VTA_L	C_L_026
VTA_L	C_L_027
VTA_L	C_L_028
VTA_L	C_L_029
VTA_L	C_L_030
VTA_L	C_L_031
VTA_L	C_L_032
VTA_L	C_L_033
VTA_L	C_L_034
VTA_L	C_L_035
VTA_L	C_L_036
VTA_L	C_L_037
VTA_L	C_L_038
VTA_L	C_L_039
VTA_L	C_L_040
VTA_L	C_L_041
VTA_L	C_L_042
VTA_L	C_L_043
VTA_L	C_L_044
VTA_L	C_L_045
VTA_L	C_L_046
VTA_L	C_L_047
VTA_L	C_L_048
VTA_L	C_L_049
VTA_L	C_L_050
VTA_L	C_R_001
VTA_L	C_R_002
VTA_L	C_R_003
VTA_L	C_R_004
VTA_L	C_R_005
VTA_L	C_R_006
VTA_L	C_R_007
VTA_L	C_R_008
VTA_L	C_R_009
VTA_L	C_R_010
VTA_L	C_R_011
VTA_L	C_R_012
VTA_L	C_R_013
VTA_L	C_R_014
VTA_L	C_R_015
VTA_L	C_R_016
VTA_L	C_R_017
VTA_L	C_R_018
VTA_L	C_R_019
VTA_L	C_R_020
VTA_L	C_R_021
VTA_L	C_R_022
VTA_L	C_R_023
VTA_L	C_R_024
VTA_L	C_R_025
VTA_L	C_R_026
VTA_L	C_R_027
VTA_L	C_R_028
VTA_L	C_R_029
VTA_L	C_R_030
VTA_L	C_R_031
VTA_L	C_R_032
VTA_L	C_R_033
VTA_L	C_R_034
VTA_L	C_R_035
VTA_L	C_R_036
VTA_L	C_R_037
VTA_L	C_R_038
VTA_L	C_R_039
VTA_L	C_R_040
VTA_L	C_R_041
VTA_L	C_R_042
VTA_L	C_R_043
VTA_L	C_R_044
VTA_L	C_R_045
VTA_L	C_R_046
VTA_L	C_R_047
VTA_L	C_R_048
VTA_L	C_R_049
VTA_L	C_R_050
VTA_L	S_L_PutVA
VTA_L	S_L_PutDA
VTA_L	S_L_PutVP
VTA_L	S_L_PutDP
VTA_L	S_L_CauVA
VTA_L	S_L_CauDA
VTA_L	S_L_CauBody
VTA_L	S_L_CauTail
VTA_L	S_L_NAcShell
VTA_L	S_L_NAcCore
VTA_L	S_R_PutVA
VTA_L	S_R_PutDA
VTA_L	S_R_PutVP
VTA_L	S_R_PutDP
VTA_L	S_R_CauVA
VTA_L	S_R_CauDA
VTA_L	S_R_CauBody
VTA_L	S_R_CauTail
VTA_L	S_R_NAcShell
VTA_L	S_R_NAcCore
VTA_L	A_L_Lat
VTA_L	A_L_Med
VTA_L	H_L_HeadM1
VTA_L	H_L_HeadM2
VTA_L	H_L_HeadL
VTA_L	H_L_Body
VTA_L	H_L_Tail
VTA_L	A_R_Lat
VTA_L	A_R_Med
VTA_L	H_R_HeadM1
VTA_L	H_R_HeadM2
VTA_L	H_R_HeadL
VTA_L	H_R_Body
VTA_L	H_R_Tail
VTA_L	VeP_L
VTA_L	VeP_R
GPe_R	S_L_PutVA
GPe_R	S_L_PutDA
GPe_R	S_L_PutVP
GPe_R	S_L_PutDP
GPe_R	S_L_CauVA
GPe_R	S_L_CauDA
GPe_R	S_L_CauBody
GPe_R	S_L_CauTail
GPe_R	S_L_NAcShell
GPe_R	S_L_NAcCore
GPe_R	S_R_PutVA
GPe_R	S_R_PutDA
GPe_R	S_R_PutVP
GPe_R	S_R_PutDP
GPe_R	S_R_CauVA
GPe_R	S_R_CauDA
GPe_R	S_R_CauBody
GPe_R	S_R_CauTail
GPe_R	S_R_NAcShell
GPe_R	S_R_NAcCore
GPe_R	GPi_L
GPe_R	STN_L
GPe_R	SNr_L
GPe_R	GPi_R
GPe_R	STN_R
GPe_R	SNr_R
GPi_R	Th_L_VAip
GPi_R	Th_L_VAia
GPi_R	Th_L_VPm
GPi_R	Th_L_VPl
GPi_R	Th_L_VAs
GPi_R	Th_L_DAm
GPi_R	Th_L_DAl
GPi_R	Th_L_DP
GPi_R	Th_R_VAip
GPi_R	Th_R_VAia
GPi_R	Th_R_VPm
GPi_R	Th_R_VPl
GPi_R	Th_R_VAs
GPi_R	Th_R_DAm
GPi_R	Th_R_DAl
GPi_R	Th_R_DP
VeP_R	Th_L_VAip
VeP_R	Th_L_VAia
VeP_R	Th_L_VPm
VeP_R	Th_L_VPl
VeP_R	Th_L_VAs
VeP_R	Th_L_DAm
VeP_R	Th_L_DAl
VeP_R	Th_L_DP
VeP_R	Th_R_VAip
VeP_R	Th_R_VAia
VeP_R	Th_R_VPm
VeP_R	Th_R_VPl
VeP_R	Th_R_VAs
VeP_R	Th_R_DAm
VeP_R	Th_R_DAl
VeP_R	Th_R_DP
VeP_R	VTA_L
VeP_R	VTA_R
STN_R	GPe_L
STN_R	GPi_L
STN_R	SNr_L
STN_R	GPe_R
STN_R	GPi_R
STN_R	SNr_R
SNc_R	C_L_001
SNc_R	C_L_002
SNc_R	C_L_003
SNc_R	C_L_004
SNc_R	C_L_005
SNc_R	C_L_006
SNc_R	C_L_007
SNc_R	C_L_008
SNc_R	C_L_009
SNc_R	C_L_010
SNc_R	C_L_011
SNc_R	C_L_012
SNc_R	C_L_013
SNc_R	C_L_014
SNc_R	C_L_015
SNc_R	C_L_016
SNc_R	C_L_017
SNc_R	C_L_018
SNc_R	C_L_019
SNc_R	C_L_020
SNc_R	C_L_021
SNc_R	C_L_022
SNc_R	C_L_023
SNc_R	C_L_024
SNc_R	C_L_025
SNc_R	C_L_026
SNc_R	C_L_027
SNc_R	C_L_028
SNc_R	C_L_029
SNc_R	C_L_030
SNc_R	C_L_031
SNc_R	C_L_032
SNc_R	C_L_033
SNc_R	C_L_034
SNc_R	C_L_035
SNc_R	C_L_036
SNc_R	C_L_037
SNc_R	C_L_038
SNc_R	C_L_039
SNc_R	C_L_040
SNc_R	C_L_041
SNc_R	C_L_042
SNc_R	C_L_043
SNc_R	C_L_044
SNc_R	C_L_045
SNc_R	C_L_046
SNc_R	C_L_047
SNc_R	C_L_048
SNc_R	C_L_049
SNc_R	C_L_050
SNc_R	C_R_001
SNc_R	C_R_002
SNc_R	C_R_003
SNc_R	C_R_004
SNc_R	C_R_005
SNc_R	C_R_006
SNc_R	C_R_007
SNc_R	C_R_008
SNc_R	C_R_009
SNc_R	C_R_010
SNc_R	C_R_011
SNc_R	C_R_012
SNc_R	C_R_013
SNc_R	C_R_014
SNc_R	C_R_015
SNc_R	C_R_016
SNc_R	C_R_017
SNc_R	C_R_018
SNc_R	C_R_019
SNc_R	C_R_020
SNc_R	C_R_021
SNc_R	C_R_022
SNc_R	C_R_023
SNc_R	C_R_024
SNc_R	C_R_025
SNc_R	C_R_026
SNc_R	C_R_027
SNc_R	C_R_028
SNc_R	C_R_029
SNc_R	C_R_030
SNc_R	C_R_031
SNc_R	C_R_032
SNc_R	C_R_033
SNc_R	C_R_034
SNc_R	C_R_035
SNc_R	C_R_036
SNc_R	C_R_037
SNc_R	C_R_038
SNc_R	C_R_039
SNc_R	C_R_040
SNc_R	C_R_041
SNc_R	C_R_042
SNc_R	C_R_043
SNc_R	C_R_044
SNc_R	C_R_045
SNc_R	C_R_046
SNc_R	C_R_047
SNc_R	C_R_048
SNc_R	C_R_049
SNc_R	C_R_050
SNc_R	S_L_PutVA
SNc_R	S_L_PutDA
SNc_R	S_L_PutVP
SNc_R	S_L_PutDP
SNc_R	S_L_CauVA
SNc_R	S_L_CauDA
SNc_R	S_L_CauBody
SNc_R	S_L_CauTail
SNc_R	S_L_NAcShell
SNc_R	S_L_NAcCore
SNc_R	S_R_PutVA
SNc_R	S_R_PutDA
SNc_R	S_R_PutVP
SNc_R	S_R_PutDP
SNc_R	S_R_CauVA
SNc_R	S_R_CauDA
SNc_R	S_R_CauBody
SNc_R	S_R_CauTail
SNc_R	S_R_NAcShell
SNc_R	S_R_NAcCore
SNr_R	Th_L_VAip
SNr_R	Th_L_VAia
SNr_R	Th_L_VPm
SNr_R	Th_L_VPl
SNr_R	Th_L_VAs
SNr_R	Th_L_DAm
SNr_R	Th_L_DAl
SNr_R	Th_L_DP
SNr_R	Th_R_VAip
SNr_R	Th_R_VAia
SNr_R	Th_R_VPm
SNr_R	Th_R_VPl
SNr_R	Th_R_VAs
SNr_R	Th_R_DAm
SNr_R	Th_R_DAl
SNr_R	Th_R_DP
VTA_R	C_L_001
VTA_R	C_L_002
VTA_R	C_L_003
VTA_R	C_L_004
VTA_R	C_L_005
VTA_R	C_L_006
VTA_R	C_L_007
VTA_R	C_L_008
VTA_R	C_L_009
VTA_R	C_L_010
VTA_R	C_L_011
VTA_R	C_L_012
VTA_R	C_L_013
VTA_R	C_L_014
VTA_R	C_L_015
VTA_R	C_L_016
VTA_R	C_L_017
VTA_R	C_L_018
VTA_R	C_L_019
VTA_R	C_L_020
VTA_R	C_L_021
VTA_R	C_L_022
VTA_R	C_L_023
VTA_R	C_L_024
VTA_R	C_L_025
VTA_R	C_L_026
VTA_R	C_L_027
VTA_R	C_L_028
VTA_R	C_L_029
VTA_R	C_L_030
VTA_R	C_L_031
VTA_R	C_L_032
VTA_R	C_L_033
VTA_R	C_L_034
VTA_R	C_L_035
VTA_R	C_L_036
VTA_R	C_L_037
VTA_R	C_L_038
VTA_R	C_L_039
VTA_R	C_L_040
VTA_R	C_L_041
VTA_R	C_L_042
VTA_R	C_L_043
VTA_R	C_L_044
VTA_R	C_L_045
VTA_R	C_L_046
VTA_R	C_L_047
VTA_R	C_L_048
VTA_R	C_L_049
VTA_R	C_L_050
VTA_R	C_R_001
VTA_R	C_R_002
VTA_R	C_R_003
VTA_R	C_R_004
VTA_R	C_R_005
VTA_R	C_R_006
VTA_R	C_R_007
VTA_R	C_R_008
VTA_R	C_R_009
VTA_R	C_R_010
VTA_R	C_R_011
VTA_R	C_R_012
VTA_R	C_R_013
VTA_R	C_R_014
VTA_R	C_R_015
VTA_R	C_R_016
VTA_R	C_R_017
VTA_R	C_R_018
VTA_R	C_R_019
VTA_R	C_R_020
VTA_R	C_R_021
VTA_R	C_R_022
VTA_R	C_R_023
VTA_R	C_R_024
VTA_R	C_R_025
VTA_R	C_R_026
VTA_R	C_R_027
VTA_R	C_R_028
VTA_R	C_R_029
VTA_R	C_R_030
VTA_R	C_R_031
VTA_R	C_R_032
VTA_R	C_R_033
VTA_R	C_R_034
VTA_R	C_R_035
VTA_R	C_R_036
VTA_R	C_R_037
VTA_R	C_R_038
VTA_R	C_R_039
VTA_R	C_R_040
VTA_R	C_R_041
VTA_R	C_R_042
VTA_R	C_R_043
VTA_R	C_R_044
VTA_R	C_R_045
VTA_R	C_R_046
VTA_R	C_R_047
VTA_R	C_R_048
VTA_R	C_R_049
VTA_R	C_R_050
VTA_R	S_L_PutVA
VTA_R	S_L_PutDA
VTA_R	S_L_PutVP
VTA_R	S_L_PutDP
VTA_R	S_L_CauVA
VTA_R	S_L_CauDA
VTA_R	S_L_CauBody
VTA_R	S_L_CauTail
VTA_R	S_L_NAcShell
VTA_R	S_L_NAcCore
VTA_R	S_R_PutVA
VTA_R	S_R_PutDA
VTA_R	S_R_PutVP
VTA_R	S_R_PutDP
VTA_R	S_R_CauVA
VTA_R	S_R_CauDA
VTA_R	S_R_CauBody
VTA_R	S_R_CauTail
VTA_R	S_R_NAcShell
VTA_R	S_R_NAcCore
VTA_R	A_L_Lat
VTA_R	A_L_Med
VTA_R	H_L_HeadM1
VTA_R	H_L_HeadM2
VTA_R	H_L_HeadL
VTA_R	H_L_Body
VTA_R	H_L_Tail
VTA_R	A_R_Lat
VTA_R	A_R_Med
VTA_R	H_R_HeadM1
VTA_R	H_R_HeadM2
VTA_R	H_R_HeadL
VTA_R	H_R_Body
VTA_R	H_R_Tail
VTA_R	VeP_L
VTA_R	VeP_R
